sample,AR,FOS,FOSL1,FOXO1,GATA2,IRF1,MYC,NFATC1,NFKB1,RELA,SOX2,SPI1,STAT1,STAT2,STAT3,STAT4,STAT6,TBX21
SIDM00001,0.03,17.34,3.76,24.8,0.07,29.66,288.91,13.55,118.44,45.8,0.37,42.81,355.81,70.54,80.92,9.72,110.55,57.95
SIDM00005,17.31,187.23,0.57,1.4,140.63,2.91,82.13,1.36,10.43,13.79,0.53,0.64,62.97,117.05,46.98,0.15,153.33,0.04
SIDM00008,0.03,5.78,299.86,10.93,0.23,12.25,105.08,0.95,32.01,55.01,42.48,0.03,53.95,21.97,59.07,1.67,42.99,0.0
SIDM00011,0.06,235.41,78.23,6.0,0.16,1.65,51.95,2.06,44.11,19.04,8.06,0.29,101.93,53.0,37.54,0.06,121.29,0.0
SIDM00015,0.03,3586.54,58.73,19.0,29.9,96.4,75.37,2.62,18.02,53.39,64.85,0.1,124.75,62.26,83.55,2.07,112.74,0.03
SIDM00016,0.07,59.03,111.98,8.45,19.69,12.59,8.91,2.1,34.05,35.07,0.07,0.26,62.28,36.94,48.97,0.85,66.26,0.03
SIDM00017,0.0,455.85,342.47,1.76,49.47,11.99,174.97,7.82,106.38,89.98,0.19,0.08,92.16,12.68,79.44,0.15,74.84,0.11
SIDM00029,0.0,4.45,0.83,2.45,31.42,5.16,1104.57,0.0,11.91,42.05,0.04,0.38,55.16,19.74,56.1,0.68,0.75,0.19
SIDM00032,0.02,9.37,223.72,4.48,4.61,14.26,70.34,0.12,30.22,32.36,7.39,0.04,114.98,34.1,26.46,0.75,45.35,0.0
SIDM00036,0.17,193.73,6.97,21.28,77.86,3.54,47.29,0.59,11.59,13.83,0.2,0.08,98.57,49.47,16.6,0.17,76.78,0.03
SIDM00046,0.28,70.24,45.95,1.36,16.83,14.14,54.66,0.45,26.63,38.39,26.84,0.03,157.34,80.7,74.58,8.75,51.83,0.07
SIDM00062,0.03,118.16,0.82,6.85,16.97,1.21,89.32,0.1,16.76,9.11,0.26,0.03,39.88,14.32,11.02,0.05,48.77,0.03
SIDM00063,0.35,178.31,341.22,10.01,5.22,16.82,24.84,1.42,68.89,41.38,27.19,0.18,138.85,20.83,63.14,0.32,55.19,0.0
SIDM00065,0.0,8.92,385.58,0.74,0.52,13.15,98.73,0.0,21.44,69.08,0.0,0.11,138.45,21.81,46.24,0.18,41.89,0.04
SIDM00071,20.88,65.85,1.39,14.8,9.36,1.63,3906.59,0.03,31.99,27.12,0.13,0.3,28.54,21.14,24.06,0.2,2.16,0.1
SIDM00074,0.03,1.51,0.77,41.29,0.1,13.93,272.45,47.47,62.97,51.07,0.16,79.21,32.77,28.81,6.11,0.03,91.53,0.0
SIDM00078,0.03,1339.05,76.04,15.46,6.36,32.56,311.04,4.59,28.99,84.01,2.39,0.06,62.88,55.77,119.74,1.02,88.45,0.0
SIDM00079,0.5,466.05,131.98,18.33,9.11,16.4,76.52,6.83,60.24,69.23,0.0,0.19,134.6,34.27,132.83,0.69,101.92,0.0
SIDM00080,0.28,144.22,36.17,9.25,2.79,2.51,136.98,8.97,29.11,28.67,3.95,0.16,56.05,50.28,78.38,0.03,49.18,0.0
SIDM00081,2.25,133.03,98.3,3.68,1.96,2.02,114.35,1.66,21.39,14.47,4.45,0.12,230.35,37.82,19.31,0.06,33.96,0.0
SIDM00083,1.58,231.87,62.13,1.42,0.27,31.2,31.2,3.1,23.75,31.64,6.06,0.1,951.78,222.81,71.26,1.01,88.11,0.0
SIDM00084,11.73,45.47,358.98,6.03,5.73,33.01,40.03,0.44,31.72,46.61,19.59,0.07,74.88,24.37,93.88,0.11,0.51,0.18
SIDM00085,1.19,90.5,519.89,4.62,34.78,13.03,106.51,0.82,28.86,92.32,0.11,0.11,119.17,29.79,52.44,0.82,0.48,0.26
SIDM00087,0.0,7.35,6.39,3.25,0.13,25.57,643.87,3.28,17.87,40.51,2.29,37.98,28.07,42.51,18.01,2.21,54.95,0.48
SIDM00088,0.0,3.04,650.07,1.29,12.35,4.68,63.52,0.61,12.07,26.61,0.0,0.09,48.79,22.97,0.09,0.37,19.81,0.0
SIDM00090,0.88,76.99,571.78,3.48,26.13,6.12,152.89,2.02,20.01,64.86,0.22,0.11,52.62,16.49,27.15,0.26,28.73,0.0
SIDM00092,0.03,17.8,12.18,3.5,7.18,15.89,68.78,0.75,16.51,30.3,0.99,0.08,43.96,26.22,38.05,0.38,39.1,0.03
SIDM00093,0.0,150.51,3.68,8.43,2.95,5.39,28.61,2.23,20.5,35.88,58.4,0.72,32.63,26.38,31.04,0.26,2.49,0.03
SIDM00095,3.99,232.79,247.05,9.3,6.43,24.03,40.64,2.95,51.78,56.77,77.01,0.08,487.34,129.55,97.61,0.6,1.36,0.04
SIDM00097,14.32,2.46,0.58,2.55,23.1,1.58,55.29,2.95,10.52,59.22,12.28,0.09,46.11,41.43,76.06,0.06,64.99,0.0
SIDM00105,14.99,56.91,3.45,13.32,21.52,7.22,42.76,2.14,34.63,48.24,67.37,0.44,57.06,35.21,30.27,0.15,10.78,0.0
SIDM00107,1.38,445.12,141.09,7.5,16.95,2.26,95.06,5.64,23.5,35.29,6.21,0.17,51.53,32.25,61.33,0.14,83.21,0.0
SIDM00108,0.25,893.27,101.63,4.25,0.21,2.48,153.41,5.31,14.66,50.33,11.97,0.14,79.66,57.28,41.94,0.14,89.58,0.0
SIDM00116,0.04,14.1,2.38,20.07,12.62,2.83,199.98,0.57,21.47,62.18,604.98,0.34,141.4,30.43,81.26,0.26,7.22,0.76
SIDM00117,0.03,49.34,304.6,3.24,4.47,9.45,50.21,2.26,34.5,54.46,72.74,0.06,45.96,16.72,41.37,0.11,0.25,0.06
SIDM00119,0.07,216.68,17.33,13.91,8.4,8.56,69.35,5.54,35.53,62.85,21.48,0.31,95.6,34.38,116.02,6.22,35.18,0.0
SIDM00122,7.88,45.85,218.73,1.51,18.49,24.33,124.4,0.74,33.75,57.77,0.04,0.04,56.29,13.82,128.72,0.49,29.96,0.04
SIDM00123,0.0,49.28,282.96,0.35,0.07,15.47,149.15,1.25,42.25,30.22,0.59,0.1,891.44,35.05,58.35,43.54,173.25,0.07
SIDM00124,0.11,5.3,88.02,3.17,1.76,12.55,84.77,2.24,24.44,19.4,0.25,0.08,106.8,22.49,58.37,4.59,71.82,0.0
SIDM00125,0.0,0.47,319.59,6.24,8.39,27.81,103.72,0.04,70.92,56.72,0.16,0.04,275.5,17.42,46.29,0.24,97.48,0.0
SIDM00130,0.0,45.7,259.47,7.31,3.81,39.38,125.63,1.46,26.83,38.68,55.59,0.0,86.98,44.5,40.8,1.06,61.61,0.0
SIDM00131,10.7,162.36,237.41,0.41,15.36,46.69,26.46,1.74,37.69,47.22,70.72,0.08,148.7,37.2,95.0,0.08,25.25,0.04
SIDM00132,0.43,24.97,193.45,22.58,2.66,49.77,107.33,2.92,85.25,56.7,11.75,0.1,123.73,36.55,60.69,0.9,100.03,0.0
SIDM00133,10.29,21.17,220.02,2.1,28.81,20.32,94.5,2.14,34.31,77.67,0.15,0.09,83.49,35.65,71.15,1.02,49.22,0.06
SIDM00134,14.76,28.2,589.81,8.88,14.22,18.75,204.77,0.21,17.21,52.44,0.03,0.12,39.18,25.69,41.84,0.88,64.84,0.0
SIDM00135,1.98,152.15,269.07,4.83,28.55,11.73,125.75,0.26,24.07,72.56,0.0,0.0,476.52,53.1,49.72,0.66,48.89,0.0
SIDM00138,0.28,196.0,74.63,0.75,37.51,11.15,116.48,3.98,42.6,44.85,0.5,0.11,124.12,17.32,88.11,0.19,32.95,0.5
SIDM00139,0.0,182.84,469.78,1.44,41.5,12.02,154.85,2.72,63.56,59.28,0.08,0.08,85.59,30.64,86.11,0.12,80.35,0.0
SIDM00140,0.06,807.77,221.83,3.01,0.06,4.76,115.84,8.44,76.96,51.15,0.21,0.12,60.47,49.53,59.81,0.0,117.95,0.03
SIDM00142,0.0,189.79,4.04,3.91,2.66,4.52,204.64,0.16,17.6,24.59,0.0,0.48,19.75,23.46,12.24,1.96,11.57,0.77
SIDM00143,0.11,868.49,3.98,38.47,0.72,15.96,6.4,1.3,41.94,46.61,0.11,0.04,72.41,25.8,55.73,0.43,49.83,0.0
SIDM00144,7.12,239.02,49.24,4.99,24.67,3.11,190.38,1.38,26.58,27.56,0.03,0.16,62.67,8.03,16.54,6.97,84.52,0.0
SIDM00146,0.0,308.21,724.05,2.33,11.98,26.42,102.38,1.12,28.62,66.21,0.3,0.0,69.09,32.17,53.22,1.08,53.39,0.0
SIDM00147,21.71,248.58,11.02,6.12,16.92,4.83,81.92,5.54,26.18,52.37,13.09,0.0,86.29,32.92,27.19,1.07,1.85,0.03
SIDM00148,14.51,224.01,1.37,2.58,18.1,4.83,77.08,1.81,19.67,47.36,4.76,0.0,104.73,31.81,31.64,0.6,4.99,0.0
SIDM00149,0.04,156.45,833.09,4.61,6.28,7.44,382.78,4.04,39.39,71.4,2.02,0.11,76.08,52.58,65.2,0.21,151.88,0.0
SIDM00150,0.0,132.84,56.73,20.3,0.87,3.92,221.74,0.94,22.71,22.07,12.34,0.23,17.14,30.73,15.46,0.23,89.3,0.0
SIDM00151,0.03,6.45,81.14,24.68,21.53,4.64,194.13,0.25,37.89,37.03,1.3,0.03,43.63,22.87,73.04,0.73,63.23,0.0
SIDM00153,0.0,3.51,0.76,0.36,0.17,50.7,262.0,15.21,2.65,37.04,0.07,0.03,45.37,46.8,81.39,4.99,42.76,0.07
SIDM00158,13.96,55.09,51.0,20.29,2.39,23.22,29.97,1.81,24.96,47.1,214.8,0.15,78.12,79.35,134.29,0.19,1.16,0.04
SIDM00159,0.03,154.78,112.48,2.87,10.67,9.62,114.81,2.0,18.31,37.28,14.31,0.0,209.3,45.11,49.5,0.24,110.57,0.0
SIDM00160,0.06,731.22,55.14,14.72,10.58,19.55,928.52,0.19,57.67,67.83,11.09,0.06,81.5,26.55,89.79,0.51,81.5,0.03
SIDM00161,0.03,339.65,237.62,6.22,1.04,12.64,145.89,0.07,58.17,34.47,44.56,0.13,105.0,40.28,63.75,8.76,108.41,0.0
SIDM00162,0.03,604.25,65.29,5.08,2.15,3.78,247.4,2.58,18.98,29.2,0.03,0.09,34.06,17.41,26.21,0.0,100.3,0.0
SIDM00163,0.0,339.06,890.51,6.02,18.33,10.56,364.79,3.69,24.65,59.59,0.03,0.0,56.24,12.6,41.59,0.07,41.69,0.0
SIDM00164,0.0,206.61,78.51,4.65,1.25,18.46,99.5,2.65,7.08,17.93,0.07,0.05,60.72,27.04,48.51,2.41,34.22,0.0
SIDM00165,4.59,65.36,147.41,2.58,15.33,9.49,447.34,0.0,19.51,51.1,1.07,0.09,46.36,22.3,39.2,0.94,53.24,0.0
SIDM00166,0.02,142.53,27.51,3.07,2.26,20.11,169.32,0.59,9.61,32.87,1.26,0.19,462.61,18.51,44.19,6.88,27.8,6.24
SIDM00167,1.25,277.79,79.65,14.2,20.65,18.64,230.56,4.22,69.08,31.95,8.76,0.03,191.32,36.89,55.14,0.56,68.72,0.07
SIDM00168,0.0,119.62,32.82,7.51,11.13,107.14,64.49,0.38,27.15,43.49,7.27,0.08,74.59,77.45,65.65,2.86,84.8,0.0
SIDM00169,0.0,183.89,56.18,17.86,7.69,34.32,120.92,0.82,32.01,42.46,119.79,0.0,37.98,46.51,56.29,0.48,78.35,0.0
SIDM00170,0.41,275.71,42.27,23.9,32.52,111.63,210.93,1.05,39.22,60.07,26.54,0.03,119.01,74.22,118.08,1.97,101.14,0.25
SIDM00171,0.05,14.47,456.4,9.12,1.77,37.23,78.99,1.31,30.38,48.34,1.72,0.0,108.03,49.62,66.54,0.44,87.64,0.05
SIDM00173,0.0,852.49,109.35,11.7,5.65,8.47,216.86,1.46,63.16,63.57,85.39,0.06,66.08,22.16,74.55,1.21,71.2,0.12
SIDM00192,0.05,24.45,118.3,3.72,3.31,11.88,126.97,0.02,19.14,28.78,57.31,0.05,49.15,14.27,20.55,0.75,60.56,0.0
SIDM00194,0.03,316.15,40.14,1.32,31.09,10.63,134.0,0.16,33.04,30.04,0.08,0.21,52.4,11.5,38.95,0.11,93.83,0.0
SIDM00210,0.1,9.76,1.44,0.17,23.05,58.22,193.34,0.03,36.94,36.71,2.21,0.1,398.21,42.85,39.06,0.03,66.64,0.07
SIDM00212,9.2,8.87,133.19,2.6,3.12,18.62,36.68,1.55,15.91,23.42,1.44,0.06,55.02,53.5,59.58,0.55,0.41,0.08
SIDM00213,0.0,513.58,273.97,4.67,14.61,13.65,66.75,1.41,29.08,39.34,0.07,0.28,94.16,27.98,67.53,6.69,40.79,0.5
SIDM00217,3.29,267.57,26.5,49.46,285.35,7.14,333.2,5.64,31.75,44.7,0.04,0.18,45.78,37.7,42.11,0.67,88.24,0.0
SIDM00220,0.16,248.57,87.31,3.89,9.07,7.77,123.34,1.71,31.35,28.79,0.16,0.22,159.74,28.28,50.18,4.2,73.28,0.0
SIDM00222,4.35,1093.14,165.81,1.73,42.99,12.25,184.37,1.99,31.74,43.1,0.22,0.15,202.56,79.97,69.78,1.22,45.5,0.11
SIDM00226,0.0,1.47,0.68,2.58,3.87,1.15,0.43,0.29,9.61,32.56,1.25,0.0,25.82,24.6,63.97,0.14,0.57,0.0
SIDM00228,0.11,78.64,330.42,0.7,14.64,7.36,187.75,2.28,33.42,37.76,0.11,0.14,62.0,25.36,47.46,0.18,45.26,0.0
SIDM00235,0.04,24.87,52.82,3.36,8.02,22.44,96.94,0.5,37.0,64.59,0.14,0.07,466.91,113.79,57.58,1.0,124.81,0.0
SIDM00237,0.15,770.69,132.83,9.25,22.81,5.41,69.94,0.35,14.28,42.39,0.15,0.06,24.49,15.56,37.53,0.26,54.2,0.03
SIDM00238,0.49,388.38,40.79,0.21,37.43,4.65,125.05,6.82,35.15,55.34,0.28,0.7,34.73,30.54,89.83,0.03,112.67,0.03
SIDM00239,15.73,80.09,159.63,6.71,20.17,13.04,52.48,0.66,33.53,46.81,0.17,0.07,173.82,32.55,62.47,2.41,87.96,0.03
SIDM00247,0.0,256.94,72.73,18.57,9.01,7.8,62.33,9.3,48.12,79.72,21.75,0.18,82.4,37.68,68.99,0.4,89.39,0.18
SIDM00248,0.0,19.19,641.61,3.12,17.97,58.67,198.48,2.35,91.0,122.0,0.32,0.08,1113.5,155.43,37.93,0.08,12.78,0.04
SIDM00249,0.06,1011.39,132.95,13.73,9.41,21.33,74.18,1.36,34.36,30.83,41.84,0.09,57.47,23.83,42.75,0.78,92.98,0.0
SIDM00250,6.56,36.47,41.51,19.65,7.13,7.61,104.51,0.38,29.91,48.13,3.55,0.1,155.93,18.35,54.03,1.93,55.64,0.0
SIDM00271,5.06,138.94,112.97,10.26,20.87,40.97,18.83,4.95,40.59,52.74,0.35,0.11,159.36,26.28,179.25,0.88,49.9,0.07
SIDM00272,81.13,1260.2,0.35,2.62,56.0,1.09,77.68,0.03,36.2,44.45,0.42,0.1,44.61,29.48,22.23,0.0,34.47,0.0
SIDM00273,0.04,211.78,110.77,3.09,16.19,4.32,73.47,0.04,16.3,42.29,0.07,0.07,51.42,29.75,39.3,0.28,14.54,0.04
SIDM00278,0.45,97.76,250.98,8.12,11.37,12.41,173.72,0.88,31.76,53.11,6.25,0.11,66.74,30.03,35.04,6.11,47.74,0.23
SIDM00279,0.0,199.62,0.52,18.27,0.17,1.9,144.35,0.07,37.52,35.51,196.54,0.31,39.38,28.31,41.05,0.03,13.53,0.0
SIDM00280,0.0,329.03,1.47,0.72,45.44,2.88,290.11,0.66,4.73,33.91,0.09,0.91,26.79,32.56,33.56,0.28,0.88,0.03
SIDM00282,0.0,1494.61,84.1,3.6,12.17,17.12,563.67,1.75,50.81,51.97,0.26,0.33,214.61,33.32,76.07,0.13,65.98,0.0
SIDM00284,6.77,213.91,41.36,4.77,0.82,2.34,97.36,0.98,26.66,30.64,11.48,0.19,86.54,26.09,33.2,0.03,46.77,0.03
SIDM00286,0.04,1.45,1.6,0.63,250.1,1.42,1.45,0.15,7.98,34.4,0.07,0.48,46.26,23.06,27.87,1.27,5.04,0.07
SIDM00290,4.72,562.87,0.42,5.05,8.38,3.88,271.37,3.62,25.66,31.35,0.06,0.42,31.06,19.9,16.73,0.06,86.48,0.03
SIDM00298,0.24,196.42,32.39,20.73,4.38,2.07,245.31,3.56,9.89,33.48,702.8,0.21,46.21,28.4,27.12,0.03,56.89,0.06
SIDM00301,0.03,348.88,60.48,1.07,6.06,13.12,136.13,3.55,27.98,48.43,44.58,0.03,109.65,23.0,120.7,0.07,0.74,0.2
SIDM00303,0.94,235.53,8.51,25.86,25.09,12.56,98.47,11.3,19.68,51.4,7.64,0.39,151.79,41.92,42.24,0.16,37.13,0.0
SIDM00305,2.97,795.37,38.8,20.03,15.69,20.9,70.68,1.38,19.06,34.2,0.14,0.25,111.33,56.7,56.91,0.22,46.99,0.04
SIDM00306,0.04,106.38,218.22,5.21,8.8,6.53,281.66,3.56,26.0,53.54,0.07,0.22,49.32,41.03,59.51,2.42,140.78,0.29
SIDM00307,0.1,64.36,771.13,2.95,38.24,7.82,167.79,1.54,49.66,62.33,0.16,0.07,94.75,34.6,54.77,1.6,47.11,0.29
SIDM00312,0.0,3.35,0.54,50.84,0.04,5.23,91.52,1.55,52.18,51.6,13.27,0.22,60.9,48.5,41.36,0.04,36.71,0.0
SIDM00313,0.03,1.55,4.43,7.29,1.31,30.14,107.14,3.76,134.89,43.61,0.67,0.1,135.43,49.05,65.11,10.01,336.34,9.27
SIDM00314,44.61,770.15,1.81,1.99,11.06,7.0,145.01,3.84,15.16,25.68,3.08,0.07,43.49,50.49,47.88,0.0,111.53,0.0
SIDM00315,11.85,382.1,59.55,3.05,9.69,7.91,36.97,2.74,22.81,34.66,4.25,0.42,98.11,49.48,87.65,0.46,2.39,0.04
SIDM00318,0.03,21.46,174.91,2.71,0.64,18.89,259.99,4.26,15.43,41.93,0.27,0.37,101.16,35.33,30.39,1.56,36.75,0.0
SIDM00321,0.0,43.3,514.39,2.46,83.5,6.88,201.72,1.95,40.36,78.28,0.03,0.0,158.74,17.89,38.15,0.0,43.65,0.0
SIDM00322,0.06,452.51,30.57,14.49,3.77,6.22,127.1,5.39,17.92,42.72,308.41,0.09,42.42,27.01,25.18,0.06,112.13,0.0
SIDM00325,0.68,1168.0,14.02,8.64,23.63,19.0,153.08,0.62,48.45,35.6,38.93,0.16,59.98,33.55,41.08,3.3,132.87,0.0
SIDM00327,0.27,1.82,1.26,8.67,1.32,31.13,82.25,0.18,53.21,29.28,0.09,0.03,137.01,63.52,169.22,71.21,215.22,0.57
SIDM00329,0.03,1.7,14.2,17.14,0.13,17.5,252.65,0.03,57.32,79.47,3.27,0.0,439.28,49.94,156.34,21.18,119.43,7.32
SIDM00331,0.0,8.97,10.04,36.64,0.19,51.6,640.61,37.28,104.24,53.61,0.04,70.24,36.09,59.89,20.65,0.07,107.55,6.14
SIDM00333,0.18,510.75,97.91,24.02,9.31,5.73,137.51,7.43,39.57,56.16,7.03,0.18,54.58,35.26,89.18,0.33,0.18,0.03
SIDM00334,13.46,239.5,36.9,0.48,53.39,7.09,27.99,2.55,32.08,44.55,161.18,0.93,79.28,29.06,31.77,0.03,78.21,0.0
SIDM00335,6.96,112.02,3.09,2.88,8.63,10.3,95.25,3.96,12.44,25.99,4.98,0.46,41.61,47.36,51.01,0.8,0.84,0.22
SIDM00336,0.03,326.61,529.19,4.81,10.13,3.4,106.68,6.97,72.29,44.73,1.58,0.03,49.84,16.82,33.19,0.0,37.83,0.0
SIDM00337,0.1,62.12,61.39,3.86,0.51,1.36,77.64,4.47,32.91,24.46,0.54,0.35,92.79,27.09,27.88,0.06,87.72,0.0
SIDM00338,0.0,7.48,13.97,0.39,86.63,16.39,779.21,0.1,75.47,44.79,0.07,227.68,26.31,24.48,82.81,0.0,93.19,0.36
SIDM00339,14.03,3.31,316.58,2.99,12.95,28.89,288.23,6.19,37.7,119.98,0.32,0.07,72.27,32.74,99.58,1.91,93.0,0.0
SIDM00340,0.04,18.54,1.03,16.94,0.04,5.75,618.13,0.34,70.7,86.84,9.86,0.11,246.06,289.57,51.7,7.16,200.33,0.04
SIDM00341,0.04,0.81,415.39,2.73,15.35,33.05,64.52,1.33,30.84,52.45,0.07,0.11,108.86,47.62,51.27,0.26,24.94,0.0
SIDM00342,0.0,0.84,1.11,6.45,61.65,19.34,0.5,12.63,84.31,57.61,0.08,0.65,80.16,55.51,98.7,21.59,56.85,0.57
SIDM00344,0.0,29.35,279.84,5.09,8.86,35.09,558.06,2.91,62.28,53.71,9.4,0.07,101.82,42.69,71.72,4.23,160.48,0.04
SIDM00345,0.53,71.79,555.42,0.86,4.35,15.21,41.11,3.39,37.29,63.43,0.03,0.03,63.56,42.51,55.19,0.2,97.3,0.0
SIDM00347,0.03,3006.8,40.15,12.08,10.29,13.27,76.46,0.78,21.98,53.03,148.67,0.05,69.25,66.89,51.42,0.73,78.56,0.03
SIDM00348,4.61,76.12,223.26,5.96,2.59,9.51,108.13,0.96,26.13,47.99,14.79,0.03,56.23,28.15,16.99,0.67,82.1,0.13
SIDM00352,0.0,6.68,103.76,84.03,3.8,1.0,98.66,2.02,18.73,24.99,1.69,0.08,21.64,26.21,46.3,0.08,15.71,0.0
SIDM00353,0.04,703.89,954.98,9.08,1.9,18.11,84.32,1.64,51.03,65.16,0.26,0.04,62.75,24.25,40.5,0.67,67.21,0.04
SIDM00354,6.36,161.7,176.0,4.95,3.65,28.25,61.33,0.9,37.16,54.92,1.06,0.12,129.96,30.21,90.71,0.31,64.35,0.12
SIDM00355,2.99,788.49,77.87,5.86,22.0,18.32,66.33,1.83,27.17,40.04,40.79,0.0,151.32,53.09,84.77,7.98,72.85,0.13
SIDM00356,0.0,348.0,1.56,12.93,72.89,5.34,35.46,0.25,10.54,38.3,9.23,0.0,86.44,78.48,79.83,2.29,67.62,0.0
SIDM00358,0.07,42.32,2.34,11.09,18.01,6.37,53.82,0.86,13.77,57.16,26.41,0.28,65.32,48.17,44.93,0.31,1.69,0.0
SIDM00359,0.0,113.56,119.48,9.51,3.86,15.13,240.67,0.0,12.78,33.94,0.45,0.08,102.34,33.94,15.29,0.21,102.47,0.0
SIDM00360,0.03,63.1,1.37,6.31,13.79,10.84,129.05,2.06,20.54,40.74,128.09,0.03,40.54,37.45,94.11,0.07,90.95,0.0
SIDM00363,0.04,18.77,9.26,1.18,15.06,22.59,377.78,7.27,62.63,50.65,0.04,311.7,133.7,64.17,73.43,4.15,131.72,0.11
SIDM00368,0.15,27.84,19.58,5.22,27.49,2.83,55.3,6.57,18.12,25.74,464.15,0.29,49.96,28.66,22.36,0.12,80.43,0.03
SIDM00369,0.0,1176.28,230.58,4.67,19.63,17.0,97.54,2.11,34.07,32.27,0.93,0.07,116.42,41.69,123.2,0.38,22.61,0.03
SIDM00370,0.04,14.4,1.29,5.16,0.04,66.32,133.93,17.33,21.64,43.12,0.08,0.12,64.63,54.34,32.4,0.63,72.77,0.0
SIDM00373,0.0,118.67,197.77,6.15,9.63,9.02,218.95,4.61,23.76,43.32,0.12,0.03,66.07,23.79,38.39,1.31,51.07,0.0
SIDM00376,0.0,21.0,1.5,59.69,0.04,94.12,319.96,5.69,48.31,64.69,0.12,113.38,66.08,101.46,25.35,0.19,149.5,34.88
SIDM00380,23.4,17.45,18.64,10.13,22.02,15.08,515.76,14.53,36.93,40.24,0.06,341.5,51.91,16.81,51.91,0.03,64.9,0.16
SIDM00382,8.98,218.37,116.96,2.7,46.55,29.1,55.34,3.98,39.32,56.93,17.05,0.0,124.51,50.93,100.58,0.28,3.06,0.0
SIDM00386,8.18,1044.17,7.9,9.99,34.96,7.5,924.95,13.8,17.07,56.09,145.14,0.04,554.22,175.66,55.66,1.85,122.17,0.04
SIDM00387,0.0,15.38,1.76,2.06,191.38,0.8,0.38,0.04,7.21,73.65,0.11,0.11,32.44,21.91,31.71,0.08,3.82,0.04
SIDM00390,0.0,43.2,19.99,4.91,0.3,5.59,337.23,6.77,38.18,48.04,12.85,0.0,76.46,31.94,427.33,3.29,29.9,0.04
SIDM00391,0.03,3.91,0.75,25.62,0.07,32.17,923.96,1.06,41.26,54.8,0.14,0.0,96.34,79.19,14.64,6.21,73.08,0.03
SIDM00392,0.07,263.49,413.35,2.24,12.52,6.57,96.99,6.05,38.46,73.57,0.07,0.07,100.1,49.72,27.06,0.07,76.5,0.03
SIDM00395,0.0,1163.12,2.96,0.03,528.8,1.73,0.78,0.03,14.48,30.96,40.92,0.07,27.87,10.64,39.83,2.07,0.78,0.0
SIDM00396,0.13,190.09,23.09,2.66,26.29,17.75,336.15,8.04,36.19,29.86,0.03,322.13,64.85,34.04,35.24,0.06,160.32,0.03
SIDM00402,0.0,355.57,21.79,14.01,30.62,14.94,170.75,2.91,27.91,45.09,0.1,0.13,65.15,26.04,33.76,1.47,110.04,0.0
SIDM00403,15.89,0.62,0.77,6.12,49.16,49.6,92.96,15.52,1.06,58.42,0.22,0.04,65.96,53.21,148.79,0.29,45.99,1.49
SIDM00405,0.03,1.61,0.82,83.61,0.03,7.84,431.51,23.15,46.23,44.16,14.03,130.36,14.56,57.9,14.3,0.0,168.39,0.03
SIDM00419,3.42,52.25,4.21,9.63,26.73,1.35,449.74,2.04,8.11,39.57,71.55,0.14,67.65,22.79,15.26,0.17,77.87,0.1
SIDM00421,0.04,7.95,21.1,5.41,7.37,12.67,31.63,0.11,30.03,50.8,117.55,0.07,487.21,85.95,122.81,8.06,110.32,0.04
SIDM00423,0.0,6.92,0.81,47.43,0.07,65.84,515.95,6.75,32.52,38.23,0.0,36.92,29.43,57.17,17.37,0.0,107.05,3.63
SIDM00425,0.0,84.32,127.19,2.58,0.07,4.64,47.26,0.29,12.91,19.9,3.37,0.02,199.03,16.19,43.25,5.3,48.0,0.02
SIDM00426,5.14,12.77,1.38,85.93,26.03,5.7,69.84,14.78,62.42,24.93,0.1,0.07,51.24,50.75,48.4,0.38,0.35,0.1
SIDM00428,0.0,7.72,36.87,1.08,49.72,12.49,695.32,0.13,39.86,38.84,0.03,189.91,91.26,23.4,46.53,0.03,81.99,0.0
SIDM00429,0.0,2.08,2.44,72.58,0.07,35.0,595.45,4.73,43.46,47.41,0.14,57.95,41.74,78.28,33.24,1.15,110.74,0.0
SIDM00431,0.0,11.59,0.93,1.22,0.43,45.47,733.14,21.0,86.85,53.84,0.14,0.07,93.36,50.26,94.19,113.29,129.31,4.11
SIDM00433,0.15,3.12,0.63,0.56,4.35,94.72,226.62,7.88,23.16,50.48,0.19,0.89,56.02,55.61,60.26,8.14,83.65,1.12
SIDM00434,0.03,14.2,5.06,46.81,0.1,11.94,488.21,2.33,35.41,77.87,0.07,0.17,50.05,116.62,40.98,0.3,48.97,0.03
SIDM00435,0.0,8.67,17.28,22.8,241.47,15.09,473.74,5.32,45.53,48.82,0.06,59.55,58.23,51.65,117.2,0.1,67.23,0.0
SIDM00437,0.03,129.61,21.15,1.03,116.08,11.47,564.58,9.18,30.1,30.47,0.1,249.48,44.8,42.91,29.3,0.0,93.93,0.0
SIDM00442,8.49,352.21,56.65,12.22,13.13,22.35,144.03,1.99,27.55,27.97,7.58,0.07,284.03,59.06,100.62,5.9,99.64,0.28
SIDM00443,0.0,6.94,5.51,81.93,0.14,33.03,547.02,6.03,91.76,53.78,0.03,76.63,45.52,42.38,29.02,0.14,182.06,0.03
SIDM00446,0.23,20.22,10.66,0.19,21.05,12.51,443.44,9.26,45.31,41.11,0.08,291.68,95.9,97.15,32.95,0.11,135.66,0.0
SIDM00447,0.0,1.14,1.86,103.86,0.11,109.81,339.43,2.35,53.31,51.08,0.04,85.63,36.0,32.81,23.99,0.04,107.46,0.83
SIDM00449,12.31,1.22,5.32,43.08,0.1,57.83,394.24,7.48,77.16,58.94,0.03,53.83,32.27,20.72,25.11,0.49,118.92,13.42
SIDM00450,0.03,413.55,5.15,9.53,8.93,12.68,161.2,4.08,2.48,28.13,0.07,356.65,76.0,60.55,43.92,0.03,82.39,0.0
SIDM00451,0.0,37.32,1.3,1.73,0.39,66.28,80.69,18.92,23.98,48.47,0.12,0.16,86.42,75.7,119.66,2.32,71.9,0.67
SIDM00452,0.0,295.4,20.13,6.56,21.81,5.31,106.38,1.93,21.89,27.55,12.32,0.03,42.77,13.9,16.13,0.0,83.37,0.0
SIDM00453,0.0,2.56,760.25,3.18,12.7,4.93,274.79,1.38,53.6,83.59,0.84,0.04,74.87,18.4,58.34,0.08,3.9,0.04
SIDM00454,0.97,118.42,101.65,10.77,7.66,13.04,60.38,7.21,12.77,34.64,0.14,0.07,409.4,108.45,48.65,7.18,2.55,0.07
SIDM00455,0.03,36.74,690.1,27.74,0.06,23.69,163.28,0.64,28.54,50.8,1.53,0.06,108.11,14.48,83.55,1.34,39.54,0.0
SIDM00457,1.28,31.01,0.83,21.56,0.06,19.0,500.4,0.03,26.76,65.09,6.0,0.06,42.09,129.06,38.61,8.08,94.25,0.03
SIDM00458,2.48,5.37,7.18,0.21,120.11,119.72,608.27,6.14,28.62,37.2,0.14,145.56,865.78,65.68,84.41,0.28,57.39,0.0
SIDM00460,0.0,18.59,16.26,58.23,0.04,71.35,1026.59,6.65,81.87,87.64,0.04,137.62,23.2,24.55,30.21,0.0,115.62,0.33
SIDM00461,0.04,60.2,16.36,8.32,131.3,33.71,571.85,16.04,59.77,49.47,0.04,358.29,77.41,39.2,51.84,0.07,84.28,0.0
SIDM00462,0.0,68.85,16.41,4.63,20.46,37.14,333.28,32.69,31.84,46.77,0.03,416.21,34.78,43.49,24.75,0.17,193.15,0.03
SIDM00463,0.0,2.49,1.64,0.26,0.04,45.39,258.17,20.15,0.41,47.51,0.07,0.11,82.15,38.14,140.67,5.13,87.92,0.04
SIDM00469,19.38,159.89,269.48,5.44,9.97,27.74,1563.3,2.52,37.42,39.57,2.19,0.04,72.42,20.15,36.83,0.58,71.69,0.07
SIDM00473,0.0,131.44,117.9,5.52,19.17,32.19,95.77,2.2,23.1,37.21,0.73,0.05,200.61,68.5,54.75,2.65,71.6,0.0
SIDM00474,0.07,438.54,878.99,5.64,0.18,16.41,179.41,0.29,27.36,62.16,0.07,0.0,100.69,18.64,65.97,0.57,85.4,0.04
SIDM00475,0.3,370.26,521.61,24.63,4.89,23.05,268.07,1.37,32.23,79.81,0.1,0.13,114.05,60.14,71.0,1.74,54.51,0.17
SIDM00477,0.0,15.91,376.94,10.43,12.39,35.92,258.63,2.15,32.82,72.36,8.38,0.0,133.7,35.98,39.31,0.52,103.88,0.03
SIDM00478,0.1,8.26,51.71,2.18,2.48,4.64,25.6,0.98,10.67,13.56,23.05,0.02,62.19,14.85,11.47,0.62,22.09,0.05
SIDM00479,0.0,404.91,20.61,12.19,0.37,7.77,193.51,2.24,20.75,28.46,4.93,0.31,23.81,17.35,43.0,0.06,91.98,0.0
SIDM00480,0.0,1129.51,46.01,41.8,25.91,10.57,95.46,1.53,21.56,34.71,11.23,0.03,50.53,12.14,113.06,0.17,42.81,0.0
SIDM00481,0.75,450.23,1.1,11.79,28.72,13.42,61.74,1.03,9.3,64.36,6.25,0.04,107.5,63.01,66.07,0.04,69.69,0.0
SIDM00484,5.56,17.94,0.96,0.52,1.55,3.28,37.91,0.0,18.09,42.0,2.17,0.66,96.89,71.25,57.95,17.54,69.63,2.87
SIDM00485,0.0,257.59,25.67,5.99,2.21,19.87,128.27,1.1,11.07,30.37,0.09,0.04,108.08,30.98,36.24,1.39,39.46,0.05
SIDM00486,0.22,204.29,1886.9,0.9,7.26,16.89,125.62,0.97,45.38,72.08,2.1,0.0,63.32,23.44,51.93,0.6,85.97,0.07
SIDM00492,0.07,9.5,1012.88,1.34,5.11,14.18,305.35,0.11,23.86,64.99,1.02,0.11,51.54,21.04,45.81,1.05,100.83,0.0
SIDM00493,0.0,71.74,87.37,7.51,6.55,13.97,58.08,0.0,26.62,34.28,0.08,0.08,41.09,28.36,35.01,0.86,36.38,0.0
SIDM00494,0.04,1033.7,0.79,20.09,36.43,2.71,48.01,0.47,22.11,39.1,140.47,0.11,33.12,43.07,36.36,0.04,2.09,0.0
SIDM00495,0.0,7.66,27.75,19.41,0.07,42.77,895.77,0.0,33.93,49.08,0.17,0.41,352.47,84.29,117.82,5.64,95.67,17.82
SIDM00497,0.25,85.56,21.32,14.49,11.04,5.63,401.57,3.38,23.93,31.09,648.83,0.22,74.45,33.34,41.29,1.89,67.73,0.0
SIDM00499,248.64,3.49,0.62,6.03,95.11,1.71,312.08,0.22,27.28,38.22,0.91,0.47,42.0,27.57,19.98,0.8,83.7,0.0
SIDM00500,0.17,669.4,34.66,8.12,19.86,6.92,309.84,5.34,60.38,43.49,0.21,0.14,54.59,23.87,68.8,0.34,105.38,0.0
SIDM00502,0.0,54.26,18.01,27.24,0.14,65.85,479.53,1.58,61.25,53.98,0.11,0.18,193.23,208.49,30.64,0.07,234.54,17.3
SIDM00503,0.0,5.47,0.29,44.64,9.23,4.04,68.28,0.0,25.97,36.23,0.07,0.14,472.76,18.46,38.45,2.15,11.02,0.0
SIDM00505,0.0,29.23,127.56,0.81,71.95,9.53,201.7,4.04,24.41,27.0,0.1,0.03,49.8,12.63,60.71,0.0,36.49,0.19
SIDM00506,0.04,71.94,0.96,6.45,2.93,4.21,7.41,0.04,15.79,52.84,457.27,0.12,100.93,40.41,44.69,1.0,14.4,0.08
SIDM00509,0.0,0.84,0.35,0.18,18.67,2.36,778.59,39.72,5.94,43.94,5.06,0.11,36.17,27.46,30.58,0.39,8.12,0.0
SIDM00511,0.0,59.16,0.6,4.14,1.03,3.7,998.78,0.08,8.99,31.71,142.19,0.12,77.86,36.88,103.84,1.67,44.08,1.23
SIDM00512,0.06,167.95,772.24,7.7,39.65,6.08,1600.99,0.13,40.56,49.66,0.58,0.16,57.23,18.2,37.21,0.19,66.88,0.03
SIDM00513,0.17,552.56,257.26,15.71,5.45,13.7,151.82,1.86,8.94,47.55,0.0,0.37,81.31,14.65,64.95,2.15,39.72,0.03
SIDM00515,0.48,64.0,221.83,22.0,1.26,7.74,49.64,13.44,47.84,29.98,3.94,0.1,82.13,28.04,41.11,0.1,56.32,0.0
SIDM00521,0.0,248.65,2.68,12.02,11.39,33.32,2.82,9.17,27.08,73.72,292.69,0.21,63.39,23.13,118.85,0.04,35.01,0.28
SIDM00522,0.07,102.46,1.13,14.26,43.53,4.51,2427.73,0.96,24.04,25.82,12.48,0.0,57.72,9.88,46.3,0.07,0.21,0.1
SIDM00523,0.12,3.04,25.1,4.18,6.43,12.55,191.61,0.04,28.33,54.1,79.9,0.0,74.73,38.35,72.49,0.83,44.63,0.12
SIDM00524,0.83,9.58,0.62,41.18,31.68,9.78,9.33,17.78,6.91,53.17,1.92,0.54,106.54,43.63,73.07,3.29,23.27,0.54
SIDM00525,0.85,584.6,226.84,2.58,2.14,9.63,120.56,4.48,26.24,41.53,0.1,0.1,157.17,11.9,76.41,2.51,39.22,0.03
SIDM00526,0.22,9.3,52.32,2.17,257.24,13.36,579.82,10.94,35.02,45.71,0.06,33.57,87.43,24.24,71.53,0.37,50.52,0.06
SIDM00529,0.04,4.06,38.02,8.68,9.84,29.1,54.39,2.96,18.34,35.94,0.25,0.21,77.52,48.25,55.66,0.6,31.81,0.25
SIDM00531,0.03,38.3,89.63,3.27,18.32,41.63,147.13,0.11,17.68,44.47,0.09,0.0,49.66,36.69,38.47,0.2,64.45,0.0
SIDM00533,0.0,72.48,456.92,10.28,12.71,12.79,197.6,1.2,30.14,35.3,0.42,0.03,46.47,19.26,39.45,0.44,62.46,0.0
SIDM00536,0.0,145.22,23.94,10.2,12.4,5.7,359.32,0.04,33.05,41.3,0.92,0.39,61.59,43.71,36.84,0.21,64.25,0.0
SIDM00545,0.88,528.18,145.87,10.27,0.28,2.15,166.41,5.13,33.76,52.08,9.81,0.35,64.04,38.19,36.4,0.0,100.51,0.04
SIDM00546,1.71,379.99,734.91,1.78,20.61,4.86,369.49,1.96,41.54,42.24,1.36,0.07,33.77,28.1,31.6,0.1,35.63,0.1
SIDM00547,0.0,198.54,45.1,32.28,19.74,10.38,219.85,2.1,40.88,41.5,76.51,0.07,81.65,23.72,79.3,0.56,79.72,0.0
SIDM00548,2.0,3.41,6.9,7.34,11.59,2.0,536.38,1.34,16.35,37.41,607.97,0.15,30.55,28.84,35.27,0.22,0.36,0.0
SIDM00552,0.0,15.5,43.34,17.14,17.04,43.13,95.45,1.75,25.23,30.38,0.07,0.07,47.67,33.07,31.49,0.0,61.02,0.04
SIDM00554,0.09,32.94,3.52,23.42,38.8,15.47,86.93,2.18,22.81,37.46,0.21,0.24,166.13,29.48,71.74,0.12,50.6,0.0
SIDM00555,0.04,671.06,460.25,0.44,15.3,8.0,39.63,25.29,39.48,35.8,0.11,0.11,89.55,37.27,62.71,0.0,12.72,0.0
SIDM00556,0.04,95.13,1.08,0.94,237.23,1.05,3.1,0.04,13.18,32.93,1.77,0.11,35.16,14.77,22.31,1.7,2.17,0.07
SIDM00557,0.04,13.09,1.41,0.36,446.42,1.41,1.65,0.04,7.57,45.06,0.24,0.28,15.78,31.33,41.03,0.89,0.81,0.08
SIDM00560,0.0,99.01,196.9,5.95,15.78,10.83,153.15,0.09,24.03,38.58,0.09,0.25,499.83,30.01,53.16,1.29,14.58,0.0
SIDM00564,0.06,153.09,15.76,10.6,9.64,61.28,139.97,2.28,15.34,42.45,19.48,0.0,145.07,54.16,241.11,1.11,95.38,0.03
SIDM00567,1.9,6.93,32.64,21.45,10.5,17.86,73.32,3.71,9.92,33.18,77.58,0.4,34.48,24.41,51.9,5.66,1.38,0.03
SIDM00568,0.0,283.77,68.3,11.93,1.99,5.93,270.97,4.97,28.23,37.18,18.22,0.13,56.01,12.16,26.34,1.22,122.67,0.0
SIDM00570,0.03,706.72,78.75,31.32,3.54,11.78,174.61,2.21,28.83,44.93,0.0,0.09,52.73,24.66,50.87,0.38,206.28,0.0
SIDM00571,0.03,97.59,598.08,8.92,0.13,12.14,134.87,1.48,30.61,63.52,4.21,0.03,74.79,27.18,27.28,0.13,94.3,0.0
SIDM00572,0.0,8.31,957.27,18.12,3.97,18.41,101.56,1.27,36.01,46.77,0.12,0.09,82.52,16.37,29.88,0.09,25.48,0.0
SIDM00575,7.5,326.94,635.35,2.85,3.41,15.15,37.28,0.24,19.0,43.38,41.05,0.12,86.11,42.78,66.15,0.64,4.69,0.0
SIDM00578,24.69,127.02,13.38,21.5,37.85,2.33,0.2,0.0,11.54,31.2,73.06,0.2,14.93,11.41,28.67,0.2,31.4,0.0
SIDM00580,0.03,114.32,6.33,6.88,9.89,11.89,225.69,14.56,39.54,26.11,0.03,293.62,47.93,53.4,22.98,0.68,123.26,0.03
SIDM00581,11.94,91.39,225.81,13.47,5.95,14.34,107.39,0.35,27.69,46.76,29.98,0.12,67.99,102.19,90.8,0.0,16.94,0.0
SIDM00582,0.0,70.98,35.1,2.83,7.62,31.7,27.72,0.81,16.4,34.83,0.03,0.0,78.77,21.79,43.95,3.22,28.69,0.03
SIDM00585,0.0,32.73,3.49,22.65,65.89,6.79,95.07,0.03,26.83,30.03,0.03,0.07,74.86,24.62,30.36,2.77,30.03,0.03
SIDM00586,6.7,6.07,37.89,6.54,27.39,8.32,134.23,0.03,16.83,29.99,0.08,0.08,71.63,17.09,20.11,2.23,67.67,0.0
SIDM00587,0.0,141.55,485.14,7.11,0.08,13.71,220.12,0.22,26.8,46.31,0.03,0.03,62.11,12.07,25.52,0.47,22.68,0.0
SIDM00588,0.05,1124.96,5.21,29.84,11.89,22.67,69.1,0.11,24.73,80.85,140.09,0.08,162.95,50.77,71.62,2.23,59.54,0.0
SIDM00589,0.0,100.49,1083.79,4.11,4.68,17.24,243.65,0.39,67.18,87.37,0.35,0.0,64.06,24.26,73.21,0.82,89.64,0.0
SIDM00590,0.0,71.78,42.91,10.54,2.74,7.28,61.18,0.6,17.4,25.48,16.5,0.04,28.42,13.39,18.83,0.81,34.09,0.0
SIDM00593,1.31,12.84,27.33,0.45,455.48,13.87,928.69,3.04,55.97,56.38,0.12,60.61,86.09,40.58,182.73,21.38,52.89,0.25
SIDM00594,0.0,1.83,53.32,0.04,941.06,13.98,785.45,2.42,37.11,52.51,0.04,174.34,62.4,42.49,195.9,5.49,50.76,0.29
SIDM00595,0.04,389.49,171.53,23.41,0.28,7.96,136.75,3.52,45.72,35.67,0.11,0.18,152.17,21.46,52.4,0.11,88.64,0.0
SIDM00598,0.58,144.82,99.47,1.44,15.21,1.41,85.81,2.09,68.03,43.12,25.24,0.04,60.97,20.59,38.97,2.06,59.09,0.0
SIDM00602,0.03,692.8,24.29,25.42,0.03,6.76,264.91,0.15,46.95,34.47,0.03,0.03,48.49,20.4,36.59,0.52,116.86,0.0
SIDM00605,12.07,116.38,180.79,31.32,1.98,16.84,75.98,4.05,38.2,44.83,212.45,0.17,93.42,70.66,146.52,0.25,0.25,0.0
SIDM00607,0.3,313.55,70.71,11.72,0.64,10.47,10.66,1.59,19.21,58.65,817.41,0.26,115.56,56.04,169.93,0.11,0.64,0.04
SIDM00608,0.88,311.16,0.88,20.07,0.29,15.9,700.07,8.3,72.09,53.88,81.88,0.0,80.93,168.48,47.16,1.17,149.47,0.0
SIDM00609,3.75,97.73,138.24,2.76,4.67,17.64,64.63,2.4,62.46,43.3,1.48,0.26,183.42,33.83,64.27,2.5,73.38,0.0
SIDM00610,0.0,159.8,553.63,2.26,67.16,16.1,78.63,8.92,36.16,80.52,0.11,0.11,99.17,11.69,184.2,0.07,26.44,0.07
SIDM00611,0.03,3.03,155.14,0.81,1.25,13.13,19.23,0.51,39.32,20.88,0.16,0.05,115.98,6.74,15.6,0.27,47.06,0.0
SIDM00613,8.39,57.08,219.75,18.29,24.75,32.2,31.87,0.33,37.27,37.89,5.32,0.04,328.09,86.9,66.81,1.02,0.25,0.0
SIDM00614,3.19,6.24,0.78,11.48,11.45,5.74,115.61,1.17,26.01,54.69,23.78,0.04,75.84,27.54,60.43,0.43,12.16,0.0
SIDM00615,21.39,56.9,369.63,6.58,4.26,33.47,210.04,2.18,19.24,77.51,0.75,0.07,85.01,87.71,51.0,1.13,69.7,0.03
SIDM00616,0.0,80.78,205.2,0.36,0.27,20.05,94.1,0.0,10.66,37.52,12.88,0.03,76.93,43.28,53.13,0.81,87.74,0.0
SIDM00617,9.8,141.84,116.87,8.81,10.78,11.45,98.05,0.04,32.2,44.63,0.0,0.07,56.5,18.93,53.8,1.97,43.19,0.0
SIDM00618,0.12,244.81,14.56,18.65,25.16,3.12,121.68,2.33,5.11,45.62,12.26,0.0,63.39,62.43,68.73,0.18,63.63,0.06
SIDM00625,0.0,20.67,0.96,20.95,44.46,14.68,218.3,5.89,46.48,39.94,0.0,0.03,45.04,32.48,30.8,0.03,90.67,0.0
SIDM00628,0.03,26.26,45.07,7.22,6.35,32.93,112.67,0.16,24.65,68.3,0.32,0.13,135.12,26.42,128.78,0.61,29.09,0.03
SIDM00629,0.24,6.29,351.12,5.07,2.2,14.74,167.23,2.43,32.59,70.82,7.74,0.07,135.62,21.47,65.38,2.54,32.59,0.0
SIDM00630,24.58,3.57,6.13,2.56,4.61,17.63,52.53,0.39,26.83,44.97,0.42,0.08,89.62,47.47,60.69,1.41,86.7,0.0
SIDM00633,7.12,74.68,2.48,7.76,60.28,19.3,14.32,3.21,15.19,48.81,16.48,0.06,27.45,29.76,60.59,0.14,66.36,0.0
SIDM00634,7.23,75.41,1.77,15.1,51.57,1.43,408.96,12.13,9.3,41.43,210.11,0.34,35.41,32.7,51.91,0.45,60.23,0.0
SIDM00637,0.0,2.32,0.64,20.31,0.1,21.01,534.43,13.09,63.63,43.48,0.16,56.57,38.36,34.07,19.67,0.13,93.47,0.0
SIDM00639,0.67,109.59,439.12,4.85,21.19,7.29,20.6,0.37,24.89,58.21,0.11,0.07,126.38,27.44,55.96,1.37,9.51,0.0
SIDM00640,0.0,0.78,592.6,5.41,28.25,18.17,928.68,4.25,96.27,45.0,0.75,0.07,69.66,31.68,36.27,0.26,122.61,0.04
SIDM00641,0.0,0.95,0.74,28.35,0.06,28.45,426.65,17.15,48.88,39.25,0.03,97.15,160.18,32.74,19.09,0.18,99.57,8.44
SIDM00644,0.54,229.7,0.86,9.18,10.05,5.24,139.97,0.36,9.5,13.58,6.58,1.52,24.15,14.22,63.79,0.29,23.81,0.02
SIDM00645,4.26,6.19,73.6,6.4,12.05,13.3,91.03,3.55,45.28,64.91,0.1,0.03,137.26,49.75,63.66,9.71,81.83,0.2
SIDM00646,0.0,223.67,4.65,25.82,4.11,9.1,644.87,1.64,29.86,38.43,6.59,0.15,58.76,17.86,99.97,0.61,18.24,0.0
SIDM00649,0.0,539.89,471.5,1.17,11.98,5.22,141.36,2.15,36.62,38.5,2.55,0.03,39.42,17.88,22.52,0.06,17.79,0.03
SIDM00651,0.53,17.56,1.55,1.47,32.5,6.08,0.33,1.31,33.52,55.81,0.12,0.04,104.03,17.15,88.19,0.04,0.86,0.9
SIDM00652,0.0,151.56,0.21,2.15,33.52,5.76,3.22,14.78,9.15,60.2,6.15,1.25,101.67,45.29,22.99,0.69,2.71,0.09
SIDM00653,0.15,5.79,0.58,1.16,1.58,3.01,1.78,0.89,30.96,62.15,83.77,0.31,42.16,20.88,37.83,0.35,0.39,0.12
SIDM00654,7.82,2.96,4.63,3.26,22.34,6.15,151.81,23.93,26.52,53.08,4.48,0.41,49.08,35.9,49.27,0.67,1.85,0.07
SIDM00657,0.03,44.22,32.27,0.18,26.69,14.68,417.7,11.02,19.03,31.01,0.21,336.16,32.18,41.7,15.07,0.09,115.58,0.18
SIDM00658,0.07,546.12,175.62,19.09,68.17,10.2,76.66,0.03,15.63,57.63,1.31,0.0,109.03,54.85,69.21,1.41,90.88,0.0
SIDM00660,0.0,15.7,56.89,9.25,2.64,16.87,224.71,4.03,43.36,34.14,0.76,0.35,40.59,24.23,3.52,0.13,100.76,0.0
SIDM00661,0.18,1.77,1.42,60.45,0.07,7.1,221.88,73.65,65.81,57.54,0.04,178.36,48.49,56.22,89.48,0.04,149.58,0.21
SIDM00662,2.0,146.94,161.25,2.0,7.46,17.21,48.6,2.24,26.18,52.31,0.04,0.04,742.54,82.81,59.57,9.5,94.22,0.04
SIDM00663,0.67,368.31,578.8,4.72,5.67,7.69,83.86,3.77,54.06,61.87,35.39,0.16,208.11,65.63,53.78,0.28,153.58,0.0
SIDM00664,0.14,23.91,402.55,48.1,2.8,51.15,77.72,3.42,46.66,64.42,0.22,0.07,101.63,41.48,56.04,0.93,50.94,0.04
SIDM00665,1.21,9.53,941.53,1.47,6.93,10.05,171.89,0.78,38.25,76.8,11.05,0.04,129.31,42.37,51.59,1.17,86.25,0.13
SIDM00666,8.3,346.65,447.22,1.42,2.17,48.42,23.22,0.45,42.55,50.02,21.5,0.11,134.52,50.88,85.02,0.75,2.99,0.04
SIDM00669,0.03,395.63,176.95,9.4,5.69,25.67,224.61,0.33,22.56,42.53,1.01,0.12,99.56,36.31,24.04,0.12,187.8,0.0
SIDM00670,0.03,71.78,36.5,4.06,12.52,7.32,108.85,0.83,26.72,26.02,1.27,0.03,53.16,47.98,27.83,1.11,126.8,0.0
SIDM00671,1.3,0.84,1.79,14.1,0.04,9.64,445.93,0.04,1043.74,47.34,0.07,0.04,52.32,26.44,3.19,0.84,144.97,0.0
SIDM00672,0.0,4.76,17.41,34.65,50.01,5.18,172.71,3.56,46.51,68.75,1.34,0.1,73.9,21.35,41.95,1.47,15.94,0.03
SIDM00673,3.34,623.73,11.61,19.46,34.48,28.71,75.78,0.42,30.61,45.35,0.18,0.07,184.01,36.24,82.4,0.49,64.31,0.04
SIDM00675,0.08,801.31,110.23,1.93,43.0,12.79,65.66,12.16,37.1,75.61,0.0,0.28,125.42,35.68,202.36,3.86,60.39,0.47
SIDM00676,0.0,54.93,150.04,19.44,147.3,6.75,89.62,1.87,12.31,38.01,0.0,0.04,395.53,76.35,40.48,13.76,0.61,0.08
SIDM00678,0.0,40.6,27.34,5.42,167.55,61.6,120.45,0.13,46.39,50.77,0.34,0.1,81.67,35.65,45.04,1.25,42.92,0.0
SIDM00681,0.0,49.58,119.54,10.29,2.04,18.28,278.77,0.03,32.86,49.48,0.06,0.03,64.19,15.43,27.41,0.56,113.7,0.0
SIDM00683,167.94,8.51,1.21,4.85,211.93,2.56,283.58,2.18,22.53,47.97,1.38,0.24,39.18,37.55,61.3,0.03,0.62,0.07
SIDM00684,0.31,49.62,922.07,8.06,2.92,17.99,46.97,8.41,59.32,55.46,90.52,0.12,96.52,43.78,41.75,0.19,1.48,0.0
SIDM00685,16.31,25.29,212.8,2.98,20.86,22.24,10.32,0.89,24.96,78.67,0.3,0.04,89.21,37.43,69.43,0.07,49.95,0.26
SIDM00686,0.0,21.71,6.06,6.67,2.88,21.43,114.49,3.15,27.16,43.31,38.74,0.14,146.35,33.93,39.08,0.3,14.53,0.07
SIDM00687,0.0,182.54,219.57,0.14,0.07,12.85,182.01,0.14,31.68,46.67,32.17,0.0,67.97,11.16,55.9,0.21,54.87,0.0
SIDM00689,0.0,1.14,0.42,53.66,0.04,18.24,346.87,2.66,39.83,44.35,10.45,46.63,29.98,103.82,22.46,0.11,155.77,0.23
SIDM00693,0.04,839.2,654.83,1.88,159.3,15.65,80.65,0.18,21.63,77.86,0.04,0.0,114.77,25.14,69.99,0.94,94.63,0.0
SIDM00694,0.0,62.44,13.65,2.78,44.63,4.27,140.7,7.42,35.86,43.38,343.03,0.03,120.86,39.55,17.78,0.17,66.07,0.44
SIDM00695,0.45,180.74,438.53,9.44,10.98,3.67,44.22,1.61,50.18,42.31,23.76,0.0,66.93,28.89,70.9,0.0,98.03,0.04
SIDM00697,0.0,23.74,0.82,3.61,1.48,5.08,28.49,9.47,15.95,33.78,171.07,0.12,78.14,35.05,58.66,0.9,33.94,0.08
SIDM00698,0.0,1.78,0.62,0.33,8.76,2.94,214.68,10.68,24.31,35.62,433.68,0.4,30.82,17.7,36.96,0.11,11.78,0.04
SIDM00702,6.07,47.37,27.93,11.97,12.98,7.77,309.55,0.27,20.31,26.32,10.96,0.06,37.01,25.75,68.18,3.04,81.55,0.0
SIDM00703,4.95,244.36,45.46,17.08,22.98,11.61,87.99,0.03,25.05,48.58,0.06,0.03,98.5,34.89,63.18,4.58,56.13,0.0
SIDM00704,0.0,9.69,1.08,0.64,6.71,6.33,581.92,0.47,18.09,43.62,0.03,0.2,93.45,23.17,133.99,0.17,0.24,0.07
SIDM00706,0.08,16.19,0.55,5.69,17.26,3.4,0.87,4.94,11.61,55.59,4.66,0.47,58.16,28.86,38.58,0.24,5.33,0.0
SIDM00708,0.0,119.64,290.88,4.51,22.4,13.01,378.96,1.41,24.05,63.03,38.88,0.07,105.25,30.73,41.53,2.27,108.42,0.28
SIDM00709,0.0,22.26,183.18,2.4,12.8,17.99,107.26,1.56,23.76,36.5,0.28,0.09,66.58,26.64,65.76,3.22,13.43,0.06
SIDM00710,0.0,4.6,0.29,0.51,7.05,4.34,506.19,1.57,7.23,39.17,149.21,1.24,46.58,32.13,77.76,0.95,0.33,0.26
SIDM00711,0.0,44.22,2.97,7.64,19.02,2.62,154.55,0.18,69.25,37.68,105.27,0.32,80.24,83.67,65.93,0.28,2.79,0.07
SIDM00713,0.17,1.83,558.97,5.44,18.45,7.4,252.09,4.85,44.04,72.78,0.47,0.09,98.62,54.8,58.41,0.21,67.25,0.04
SIDM00715,9.23,113.23,106.12,2.02,8.13,10.99,66.87,4.16,38.68,63.78,0.35,0.16,77.48,41.64,253.49,1.17,61.01,0.25
SIDM00716,5.07,464.16,54.56,6.0,17.62,8.38,520.2,0.71,34.24,31.71,50.87,0.1,69.0,9.6,41.66,0.39,41.34,0.22
SIDM00718,0.03,129.74,243.73,1.96,8.53,17.98,30.86,0.85,33.83,43.8,28.08,0.03,85.51,16.87,30.2,9.28,52.4,0.03
SIDM00720,2.51,16.77,91.64,1.58,1.95,13.05,138.2,2.57,18.76,23.78,0.25,0.31,161.67,10.73,16.52,0.68,46.47,0.03
SIDM00722,0.31,2.11,266.59,0.78,56.54,23.91,115.47,4.19,52.32,54.59,0.0,0.12,189.39,66.76,117.82,0.27,101.78,0.0
SIDM00723,0.06,156.05,310.96,12.55,17.58,25.53,58.17,1.83,19.16,34.73,9.93,0.0,55.75,25.94,51.18,0.84,24.51,0.06
SIDM00724,0.04,493.67,187.46,6.46,1.51,20.47,131.08,1.04,37.6,46.58,0.07,0.25,99.83,22.8,44.6,0.47,71.28,0.04
SIDM00726,0.55,53.29,485.25,2.21,12.27,10.68,138.93,2.83,70.33,53.53,0.07,0.03,86.88,38.57,47.55,2.66,91.1,0.21
SIDM00727,1.53,69.41,1.91,2.97,21.38,5.8,74.59,0.61,42.74,52.01,8.36,0.1,158.63,97.41,51.43,0.65,84.21,0.03
SIDM00728,0.03,205.49,208.61,1.07,12.61,9.75,196.0,1.11,32.86,32.11,0.46,0.07,102.97,28.93,42.55,2.08,66.31,0.03
SIDM00729,20.52,176.8,570.37,6.74,17.36,30.41,201.87,2.69,94.65,100.45,1.99,0.04,64.47,32.51,122.8,3.54,127.31,0.04
SIDM00730,0.0,229.48,0.87,0.04,0.91,2.19,0.75,0.11,10.08,43.4,129.7,0.23,120.15,53.17,55.47,0.6,23.47,0.11
SIDM00731,0.0,14.09,0.45,6.94,80.84,12.68,8.59,7.9,22.57,48.1,178.27,0.48,158.28,80.98,43.84,0.1,25.84,0.1
SIDM00733,4.97,7.81,0.75,28.1,32.65,2.41,847.36,3.23,8.66,41.84,0.78,0.14,37.58,24.87,38.71,0.21,0.43,0.25
SIDM00734,35.91,666.65,19.94,7.21,30.99,5.78,143.86,0.0,7.94,51.94,0.16,0.19,37.56,23.91,22.13,3.08,57.97,0.03
SIDM00735,0.0,72.62,0.36,1.92,7.84,23.16,0.75,0.04,26.72,61.25,228.62,0.07,70.3,44.04,76.11,0.32,43.94,0.0
SIDM00738,3.53,603.45,203.49,4.54,13.74,16.24,79.04,0.07,31.11,50.72,0.17,0.13,105.38,22.74,57.49,0.73,51.46,0.1
SIDM00739,0.0,392.3,64.73,3.04,23.78,13.55,72.97,0.04,42.75,60.97,37.91,0.14,93.17,65.92,129.85,8.28,93.96,0.11
SIDM00740,0.03,222.22,97.4,4.1,33.89,19.96,112.63,12.33,49.62,49.48,61.84,0.03,76.34,11.9,159.38,0.0,26.59,0.3
SIDM00741,0.0,19.21,0.55,91.7,32.7,8.7,5.17,7.69,20.34,44.55,1.01,0.46,58.71,27.95,25.17,0.04,0.67,0.34
SIDM00742,0.19,35.62,61.18,1.15,2.39,14.85,40.66,1.66,16.0,42.25,0.96,0.0,100.5,55.7,47.16,1.63,34.32,0.03
SIDM00743,0.15,175.6,34.19,8.24,8.55,16.39,366.04,4.55,42.21,41.42,0.12,0.12,80.95,18.59,66.97,2.72,90.35,0.0
SIDM00744,13.42,33.47,13.39,9.48,29.44,16.51,65.17,0.79,54.04,41.44,0.53,0.04,193.7,32.45,120.6,10.3,99.54,0.11
SIDM00745,0.0,161.64,30.61,2.26,41.85,18.59,46.63,4.84,24.24,44.33,0.28,0.14,333.73,80.65,93.6,3.48,35.83,0.38
SIDM00746,0.12,95.39,127.65,15.79,18.04,51.92,211.27,0.93,40.26,48.14,67.08,0.06,75.14,47.1,43.68,0.42,94.61,0.0
SIDM00747,0.0,34.61,20.76,7.09,87.86,4.78,57.6,3.06,12.13,33.06,1.03,0.13,59.47,32.4,25.28,1.62,32.01,0.15
SIDM00748,0.03,160.85,16.86,2.0,16.12,1.77,140.22,4.61,29.07,58.18,82.23,0.26,60.79,45.09,29.4,0.0,46.42,0.42
SIDM00749,8.48,83.41,25.01,6.04,9.09,19.58,66.13,2.31,40.74,36.57,31.65,0.26,71.05,55.44,60.39,3.02,124.15,0.0
SIDM00750,0.08,1220.15,7.89,11.22,82.39,18.01,189.97,2.16,37.31,61.48,0.27,0.12,57.87,35.94,96.59,0.08,19.97,0.04
SIDM00751,1.74,679.67,13.0,16.07,71.61,7.99,63.05,4.21,28.67,35.89,0.03,1.07,78.12,21.89,192.07,2.17,59.78,0.0
SIDM00753,0.55,104.63,48.65,3.37,17.17,11.62,125.36,3.56,29.43,29.19,0.52,0.0,204.03,17.97,135.81,5.58,43.2,0.0
SIDM00754,1.73,454.35,5.48,11.3,38.9,15.56,106.48,0.64,35.72,51.41,144.46,0.14,64.74,41.43,148.32,1.05,102.96,0.0
SIDM00755,0.24,133.33,40.97,5.75,1.61,6.39,139.21,0.0,35.89,32.75,52.11,0.15,121.73,39.42,109.16,8.95,67.09,0.03
SIDM00756,0.1,64.55,464.02,4.93,8.43,12.07,117.67,0.0,38.52,49.02,17.77,0.03,141.11,16.13,93.46,15.47,62.91,0.03
SIDM00757,0.19,227.07,59.23,12.82,7.29,3.22,29.93,3.86,10.34,14.93,0.02,0.0,26.1,16.27,17.58,0.12,48.22,0.02
SIDM00759,0.03,122.3,219.21,3.8,13.04,16.87,468.79,1.86,29.33,41.47,0.62,0.1,88.35,32.91,53.75,1.21,97.08,0.0
SIDM00760,0.0,5.4,0.91,4.64,11.67,1.55,2.34,3.49,25.4,42.22,18.57,0.36,33.1,38.81,54.41,0.16,0.44,0.16
SIDM00761,0.0,4.53,46.99,6.42,82.52,12.46,20.01,0.0,39.56,62.59,0.29,0.0,187.11,72.53,66.87,17.91,76.65,0.04
SIDM00762,0.46,196.36,50.28,6.74,15.18,9.98,110.33,1.01,25.06,31.83,0.03,0.03,80.21,19.79,58.23,18.74,74.81,0.0
SIDM00763,1.81,755.03,547.87,1.01,1.58,2.42,123.72,0.44,10.98,27.65,0.1,0.24,71.85,41.25,6.32,3.59,53.18,0.0
SIDM00766,3.49,18.6,0.16,14.44,51.72,3.65,13.29,4.09,18.92,51.09,111.73,0.2,40.06,84.96,82.02,0.12,0.91,0.08
SIDM00768,0.0,72.65,135.11,2.82,7.41,20.77,194.57,0.35,28.24,47.35,8.54,0.09,165.47,19.49,43.08,12.67,26.7,0.0
SIDM00769,0.03,462.48,695.75,6.56,5.71,14.3,168.19,3.48,25.45,56.0,11.27,0.09,49.99,20.1,55.67,3.45,70.72,0.97
SIDM00771,14.07,5.58,239.75,8.9,12.21,17.53,534.41,0.41,45.64,33.72,1.23,0.04,64.28,12.73,58.1,1.41,38.82,0.37
SIDM00772,34.45,78.31,0.46,7.45,2.02,5.34,156.41,1.88,14.49,41.84,0.49,0.03,35.92,23.1,18.34,0.06,16.72,0.0
SIDM00774,0.0,1.81,2.47,3.74,34.35,6.06,490.93,4.67,10.03,43.42,0.36,0.06,28.56,20.79,62.07,0.0,82.1,0.0
SIDM00775,0.14,66.63,7.01,16.82,45.16,32.17,70.22,0.82,20.55,74.74,0.41,0.03,73.78,62.33,139.39,1.61,82.33,0.03
SIDM00776,0.02,207.08,173.3,5.61,20.27,44.25,109.45,0.15,21.48,37.31,0.07,0.05,175.23,62.34,28.82,0.2,45.94,0.0
SIDM00777,0.02,220.75,12.25,11.3,2.54,8.03,159.57,0.0,17.13,26.94,0.07,0.17,45.05,20.89,41.32,0.44,101.63,0.0
SIDM00778,0.91,5.64,275.85,6.55,34.15,46.59,161.17,0.04,43.16,62.21,0.35,0.14,125.33,27.22,91.14,0.46,91.46,0.0
SIDM00779,0.03,99.67,16.56,0.14,21.96,4.22,162.07,0.07,69.84,24.83,0.61,0.03,54.56,14.36,28.04,0.17,57.23,0.0
SIDM00780,0.07,10.58,46.06,25.22,84.26,18.22,54.47,4.06,63.21,63.35,0.18,0.37,133.68,82.24,72.39,0.92,0.52,0.0
SIDM00782,0.03,47.36,74.69,6.25,6.12,12.79,206.54,0.26,24.82,29.89,0.05,0.13,115.69,25.57,60.96,0.08,90.53,0.0
SIDM00784,11.79,69.55,173.42,2.96,3.17,69.27,57.13,3.38,18.3,36.08,40.58,0.07,92.32,72.54,83.24,0.21,0.35,0.0
SIDM00785,0.04,2.14,8.71,4.61,373.15,29.97,798.2,6.31,47.9,81.19,0.11,159.88,145.56,23.8,99.72,10.37,42.85,1.4
SIDM00791,0.0,19.85,16.89,0.45,142.06,11.49,192.82,5.4,15.63,37.57,0.24,43.28,45.51,53.45,143.52,0.03,37.99,0.07
SIDM00795,1.69,90.41,319.92,7.92,20.88,5.18,16.56,4.58,64.88,55.49,22.68,0.15,51.29,29.92,53.61,0.15,59.06,0.08
SIDM00796,0.0,175.0,108.94,14.13,13.16,19.48,112.7,1.86,26.96,43.85,46.77,0.07,72.37,30.12,73.6,6.12,73.4,0.07
SIDM00797,0.04,10.93,341.13,10.17,12.83,5.79,36.99,7.22,75.11,44.57,15.63,0.07,54.7,22.48,47.3,0.11,63.23,0.0
SIDM00798,0.07,275.12,205.83,0.19,9.23,44.61,97.89,6.85,31.72,38.39,0.22,0.6,172.65,28.71,75.99,0.26,85.49,0.0
SIDM00799,2.07,3.45,211.7,2.03,8.36,10.96,36.0,4.83,29.56,50.18,3.26,0.08,89.56,23.77,103.21,1.0,20.01,0.0
SIDM00800,0.74,35.35,119.03,11.77,1.28,5.63,23.07,0.67,57.54,47.09,42.5,0.17,73.63,65.74,55.55,0.34,74.34,0.0
SIDM00801,0.17,32.95,199.99,6.11,0.2,6.38,20.59,0.17,62.0,39.2,53.38,0.07,79.55,43.16,46.67,0.76,77.64,0.0
SIDM00803,0.0,1.49,339.33,25.36,0.68,17.73,181.79,5.17,78.69,47.01,0.03,0.0,365.44,10.03,51.57,0.17,108.3,0.0
SIDM00806,6.86,24.19,150.91,19.0,45.48,3.62,6.79,2.63,22.48,37.7,0.1,0.1,58.92,15.11,30.33,0.55,34.26,0.41
SIDM00807,0.08,2.0,1299.63,12.93,0.57,70.83,203.26,0.83,71.81,95.18,0.53,0.04,53.81,24.77,84.97,0.45,81.83,0.04
SIDM00812,0.03,126.44,319.31,15.55,23.8,10.47,201.63,0.06,16.57,46.34,0.19,0.22,216.04,35.51,15.58,0.06,73.92,0.0
SIDM00823,0.03,36.43,425.13,16.56,1.88,23.84,32.54,0.8,22.1,43.05,0.03,0.1,206.67,56.48,37.23,0.35,73.98,0.03
SIDM00828,3.7,90.72,566.58,7.58,12.47,7.99,62.27,0.19,36.18,51.04,0.04,0.04,47.08,20.79,44.35,0.0,96.84,0.0
SIDM00829,0.05,17.87,2.7,0.07,14.95,10.12,849.18,7.79,18.65,14.0,0.59,244.29,26.47,12.7,6.47,0.0,41.87,0.0
SIDM00831,0.69,45.48,328.94,6.63,10.67,18.43,56.33,0.51,29.02,57.07,27.58,0.05,44.5,13.01,21.44,0.98,57.23,0.0
SIDM00839,0.0,265.69,77.55,23.58,42.6,11.33,255.08,5.88,41.42,35.28,0.72,0.13,52.98,29.82,26.93,0.2,111.05,0.03
SIDM00840,0.05,40.06,166.24,0.73,11.42,16.18,88.68,0.53,13.22,19.24,0.53,0.02,47.16,7.46,8.6,0.02,7.99,0.02
SIDM00844,0.0,2.04,0.97,30.32,0.14,29.32,536.57,12.18,64.94,44.48,0.03,79.89,10.56,20.32,12.08,0.03,151.72,0.03
SIDM00845,0.0,5.33,0.41,91.28,0.07,17.14,320.31,16.15,50.86,35.4,0.1,111.35,128.01,172.7,15.57,0.0,162.9,0.17
SIDM00847,17.94,80.51,142.35,8.76,16.31,9.49,123.06,9.8,29.68,38.32,0.15,0.12,131.58,61.41,59.67,0.31,89.97,0.15
SIDM00848,0.04,325.1,10.16,4.1,23.72,4.17,161.76,5.22,7.74,56.88,163.9,0.6,74.89,30.87,28.84,0.14,69.6,0.0
SIDM00849,5.04,310.8,54.48,3.88,0.63,11.93,115.28,0.57,16.07,26.63,0.48,0.12,108.42,55.55,22.81,3.55,106.87,0.0
SIDM00850,0.0,187.55,35.57,5.79,0.08,18.51,107.55,0.08,37.07,29.48,21.0,0.04,192.19,41.51,84.48,0.04,66.81,0.0
SIDM00851,0.0,5.21,2.23,7.39,29.87,83.81,422.81,1.4,86.6,81.09,0.23,0.0,324.71,23.61,78.3,25.8,53.37,3.24
SIDM00852,14.58,4.3,83.33,4.7,20.71,23.69,27.98,5.91,33.6,51.78,3.86,0.15,163.43,92.47,90.6,0.59,28.35,0.26
SIDM00853,3.22,7.68,905.84,3.47,6.62,18.22,37.36,0.21,31.49,79.01,0.14,0.07,95.04,37.65,36.52,0.14,85.1,0.25
SIDM00854,0.0,0.71,0.92,56.66,0.07,13.36,404.71,34.28,57.92,43.13,0.03,67.31,25.47,21.23,4.44,0.0,74.43,0.0
SIDM00855,0.0,779.33,44.74,0.03,6.61,6.19,240.57,0.07,31.55,31.59,0.07,0.07,92.42,24.03,34.81,0.14,72.45,0.03
SIDM00856,0.0,246.01,30.58,0.92,70.08,2.79,94.42,8.84,30.54,29.47,0.04,0.0,44.7,21.24,90.55,0.0,44.93,0.04
SIDM00857,4.57,92.28,55.34,14.28,7.16,1.29,426.52,10.25,51.57,40.83,2.48,0.3,71.33,42.27,46.96,0.04,66.8,0.0
SIDM00858,12.63,210.95,692.69,1.61,9.45,9.9,155.5,9.41,24.84,88.46,1.53,0.04,106.16,40.8,58.26,0.12,18.32,0.0
SIDM00860,0.48,170.05,97.25,5.18,15.57,44.24,191.42,2.06,54.88,132.09,13.88,0.04,123.94,43.47,72.62,6.79,125.89,0.0
SIDM00861,7.34,4.92,1174.65,3.15,6.06,5.44,189.0,0.0,20.83,66.59,0.06,0.03,45.7,16.67,15.54,0.06,43.68,0.03
SIDM00862,0.0,22.49,0.48,44.46,0.0,83.6,82.15,43.53,211.4,66.4,0.0,145.86,598.19,93.73,81.92,39.1,158.04,5.62
SIDM00865,0.08,2.45,0.94,1.22,42.58,7.14,110.92,6.7,27.84,62.01,0.29,0.16,112.02,33.8,51.85,0.08,43.03,3.06
SIDM00866,0.11,17.21,113.04,9.1,8.15,30.06,273.7,9.45,34.34,62.68,0.6,0.04,141.94,109.11,101.17,0.39,84.46,0.25
SIDM00867,7.42,14.4,228.08,19.39,0.69,7.11,42.71,1.04,17.97,42.05,41.04,0.45,45.1,29.28,68.83,0.42,33.06,0.0
SIDM00870,89.47,97.72,1.69,3.98,22.67,10.19,4.29,0.11,22.15,52.18,0.11,0.06,54.87,38.78,55.3,0.23,36.64,0.03
SIDM00872,27.38,468.29,37.06,20.87,15.61,42.94,139.64,0.04,33.07,68.7,7.01,0.04,229.36,60.6,143.36,12.74,26.25,0.0
SIDM00874,0.0,215.39,93.67,14.5,33.14,37.76,79.91,0.94,48.91,58.55,0.03,0.03,225.17,31.07,130.33,1.57,42.42,0.13
SIDM00877,1.69,16.35,0.92,1.58,0.59,7.95,702.83,1.61,14.48,40.65,0.22,0.15,50.22,28.74,99.3,0.07,7.29,0.11
SIDM00878,0.03,126.52,7.69,3.22,1.42,10.16,184.04,30.94,38.22,60.47,0.17,0.0,61.48,29.05,48.25,0.03,36.12,0.0
SIDM00879,60.7,346.95,0.81,0.17,11.52,5.64,33.78,0.51,12.43,39.15,29.35,0.1,38.24,41.99,68.91,0.0,59.65,0.03
SIDM00881,39.42,699.74,0.52,3.95,25.51,3.71,81.61,2.16,19.54,53.12,0.38,0.17,110.76,37.01,43.54,0.17,50.44,0.03
SIDM00882,26.73,912.71,3.14,2.1,16.74,2.49,19.98,1.18,21.42,53.0,95.71,0.03,61.71,38.39,36.2,0.07,0.36,0.0
SIDM00884,0.4,11.0,590.57,5.76,1.27,15.26,127.1,6.7,65.13,104.26,0.18,0.11,232.52,38.21,91.47,1.75,56.24,0.11
SIDM00886,0.38,0.61,0.46,0.61,0.04,1.79,736.27,9.28,87.82,58.31,0.0,143.35,30.81,33.93,14.45,0.0,144.45,0.0
SIDM00887,0.08,108.44,128.62,10.11,11.99,24.94,48.04,3.44,29.18,50.64,11.15,0.04,107.04,42.61,38.93,0.76,69.71,0.24
SIDM00888,2.87,54.61,7.02,18.24,0.11,2.08,1158.46,0.94,19.26,40.33,0.08,0.04,37.58,38.29,76.82,1.13,9.78,0.42
SIDM00890,0.0,482.44,554.8,7.99,14.26,6.67,149.53,13.22,63.47,60.1,23.1,0.12,85.65,55.96,104.69,0.28,50.74,0.0
SIDM00892,6.73,77.12,0.87,3.65,16.91,5.84,39.29,5.81,17.24,31.6,0.12,0.06,51.59,35.49,73.68,0.06,71.68,0.03
SIDM00893,0.0,283.6,22.41,31.52,42.42,21.23,68.51,2.5,28.59,55.55,0.37,0.07,161.46,32.2,86.5,3.54,62.1,0.0
SIDM00894,0.0,128.64,0.79,0.72,274.87,0.94,0.54,0.51,17.85,33.05,0.22,0.14,28.86,13.15,26.99,2.82,3.79,0.18
SIDM00897,0.48,60.34,0.6,6.63,106.15,15.92,152.19,1.17,48.0,41.76,0.03,0.19,36.56,29.42,150.19,0.0,37.98,0.0
SIDM00898,8.49,7.43,1.55,12.01,28.43,11.56,168.77,0.07,32.34,51.09,0.07,0.07,50.0,41.08,213.94,0.07,42.7,0.04
SIDM00899,0.0,269.45,118.39,37.27,2.06,28.61,105.15,2.32,34.25,50.9,0.03,0.1,69.04,23.0,25.32,0.16,243.17,0.0
SIDM00901,0.58,143.15,30.79,0.58,63.06,8.17,57.02,8.27,23.0,41.25,0.06,0.19,64.19,42.64,52.88,0.03,40.96,0.1
SIDM00903,3.59,2.06,54.67,5.09,1.99,5.25,122.65,0.52,29.41,33.16,6.23,0.03,143.15,10.05,96.54,11.95,29.28,0.1
SIDM00904,0.03,1.42,13.47,15.04,16.37,3.59,193.81,0.03,28.69,32.2,0.27,0.03,40.74,18.54,44.01,0.06,28.84,0.0
SIDM00907,0.0,0.72,0.9,107.11,0.07,37.37,493.41,24.34,67.83,38.99,0.07,77.87,13.9,52.02,14.47,0.04,78.99,0.07
SIDM00909,0.38,149.4,173.26,14.59,4.18,2.15,83.17,4.21,56.9,46.23,13.61,0.35,52.09,33.07,47.91,0.09,109.88,0.0
SIDM00910,31.2,5.3,107.46,8.17,78.62,23.19,1.08,2.95,28.69,47.3,0.08,0.12,60.33,34.86,73.04,0.28,16.06,0.04
SIDM00914,0.04,219.68,63.61,1.84,31.28,5.6,165.9,11.12,33.08,44.35,1.65,0.08,42.1,19.86,56.63,0.19,51.33,0.04
SIDM00918,7.29,98.43,2.99,6.03,3.64,12.39,100.32,0.83,9.43,19.4,8.14,0.68,105.22,67.64,46.55,0.2,65.33,0.0
SIDM00919,0.0,26.23,29.13,8.78,37.9,21.15,46.88,2.32,23.27,54.01,0.07,0.2,219.96,72.78,44.9,1.21,9.99,0.03
SIDM00920,70.75,250.55,0.46,8.47,23.46,4.62,97.67,4.96,31.02,82.28,1.01,0.06,42.3,21.23,57.75,0.0,27.47,0.03
SIDM00921,0.06,13.83,102.46,7.52,71.19,8.08,5.04,2.76,25.35,26.11,1.61,0.42,64.31,21.49,15.58,0.39,62.99,0.17
SIDM00922,0.2,9.07,54.2,5.49,4.15,8.58,71.88,0.45,15.42,15.35,0.38,0.0,51.13,15.73,35.02,0.29,44.3,0.0
SIDM00924,0.35,713.6,1.67,5.48,52.27,9.79,130.98,4.56,19.1,25.0,14.73,0.03,46.26,34.01,106.22,0.05,36.01,0.0
SIDM00925,0.04,26.15,529.27,4.16,0.04,5.48,174.63,2.85,38.02,113.72,23.7,0.04,89.25,37.43,70.3,10.23,113.39,0.15
SIDM00926,0.0,525.13,20.76,9.35,36.93,4.77,81.59,3.05,17.95,37.11,0.09,0.0,94.56,20.7,76.67,1.3,14.91,0.0
SIDM00928,0.02,13.18,140.21,5.11,4.5,14.12,46.69,0.02,14.14,25.35,0.08,0.0,49.84,12.58,67.19,0.35,13.69,0.02
SIDM00931,0.03,143.17,552.57,6.23,7.33,5.06,121.7,2.34,21.67,57.31,0.07,0.03,39.63,29.82,23.49,0.21,27.14,0.03
SIDM00932,0.0,16.66,114.49,6.13,0.9,10.92,139.27,1.86,31.06,31.96,0.06,0.03,747.66,37.2,78.44,17.13,119.49,0.03
SIDM00933,0.07,95.01,3.48,60.78,18.13,5.92,28.2,4.49,39.29,36.66,0.22,0.15,53.74,45.46,72.32,1.01,78.46,0.0
SIDM00934,0.0,350.94,96.79,5.32,7.15,9.9,235.46,2.51,27.36,42.58,0.77,0.15,89.34,30.82,79.53,0.34,81.01,0.09
SIDM00936,0.6,764.38,80.65,5.86,31.66,26.28,63.42,0.27,33.71,48.74,8.93,0.06,88.41,27.27,53.52,1.29,78.18,0.03
SIDM00937,0.68,173.33,56.97,19.02,2.63,105.11,170.17,1.42,39.48,67.16,9.3,0.06,255.28,100.03,96.81,3.69,106.2,0.0
SIDM00938,10.14,143.47,0.74,1.12,123.27,3.21,182.99,8.48,17.95,59.39,68.57,0.22,50.14,28.19,58.78,0.16,0.22,0.03
SIDM00939,0.0,7.29,288.57,5.61,26.91,8.49,175.39,0.75,42.59,57.79,0.07,0.24,94.8,32.8,74.6,0.82,41.87,0.0
SIDM00940,0.0,258.1,405.5,1.92,0.45,9.02,277.16,0.9,22.37,66.24,0.15,0.04,74.32,26.69,67.36,0.34,34.62,0.0
SIDM00941,0.03,2.56,206.92,3.08,0.16,16.07,153.98,2.17,32.74,40.84,0.26,0.13,497.89,24.7,36.67,13.19,97.79,0.0
SIDM00942,0.03,14.12,21.88,15.88,10.25,73.9,106.08,0.86,75.16,45.69,53.9,0.06,113.68,69.41,104.64,21.54,174.08,0.0
SIDM00943,0.0,75.98,362.97,7.36,13.4,41.66,139.83,1.53,70.08,46.23,0.53,0.0,64.01,29.19,42.49,0.8,79.4,0.0
SIDM00944,0.0,235.97,411.28,18.16,33.74,7.98,121.36,2.65,25.46,48.99,0.2,0.07,62.91,25.94,32.05,0.2,106.19,0.0
SIDM00945,0.0,374.76,68.19,11.24,0.25,10.22,433.22,0.52,40.24,30.79,0.19,0.34,39.96,20.94,43.39,0.34,89.81,0.0
SIDM00947,15.16,21.55,101.99,5.39,1.78,21.59,83.13,5.34,26.07,51.54,6.67,0.18,94.5,94.5,84.46,1.55,0.73,0.09
SIDM00949,0.0,49.61,57.96,1.44,0.18,14.74,77.87,0.04,63.82,61.19,2.34,0.14,209.28,66.94,128.24,11.4,56.41,0.0
SIDM00950,0.0,278.28,364.56,43.47,8.37,14.99,231.71,0.48,59.46,68.32,1.94,0.06,77.4,16.16,76.43,0.1,65.41,0.78
SIDM00955,1.99,56.0,235.5,20.89,8.59,6.3,159.56,4.66,57.68,54.32,0.11,0.53,209.75,128.96,33.2,0.46,155.7,0.0
SIDM00956,0.0,83.27,153.16,7.33,19.35,16.82,117.06,2.06,29.31,131.54,4.62,0.11,104.79,100.28,141.25,5.78,62.74,0.18
SIDM00957,0.03,236.24,14.48,7.48,381.16,18.19,20.35,5.08,69.08,17.88,0.07,0.03,43.31,64.45,45.16,0.41,99.14,0.0
SIDM00959,0.04,3.14,29.24,0.36,1019.89,10.38,457.75,10.06,59.28,62.31,0.0,121.01,50.7,32.2,102.62,3.46,75.4,0.14
SIDM00961,0.04,364.96,0.7,1.77,31.05,1.89,263.75,13.46,12.31,37.96,0.11,0.55,35.23,20.63,35.78,0.18,17.3,0.07
SIDM00963,32.68,19.78,0.29,2.0,65.86,2.73,84.3,2.09,21.2,61.48,3.36,0.03,55.94,21.84,35.15,0.25,1.58,0.0
SIDM00965,0.04,28.13,2.76,58.91,13.75,2.84,353.1,0.33,30.78,56.55,51.83,0.18,54.89,31.37,33.18,0.15,0.22,0.0
SIDM00979,0.04,46.96,196.52,19.01,6.02,3.57,155.33,8.37,49.59,31.27,0.5,0.07,83.45,37.47,47.25,0.0,79.49,0.07
SIDM00980,0.0,256.54,25.08,39.21,0.33,5.45,178.52,1.2,62.11,49.32,0.33,0.0,47.61,47.72,62.26,0.07,125.49,0.0
SIDM00981,0.0,8.58,0.8,91.64,0.03,4.1,188.76,13.87,72.75,39.1,0.22,120.94,8.52,58.63,12.1,0.03,194.59,0.0
SIDM00982,3.91,709.33,302.45,1.68,5.39,17.39,66.07,1.84,13.09,70.25,0.0,0.12,225.59,50.95,59.0,1.72,3.99,0.35
SIDM00983,0.0,129.63,128.67,1.1,54.25,40.8,206.66,0.0,52.33,54.49,0.07,0.21,68.53,17.75,92.3,0.58,52.74,0.0
SIDM00985,0.0,0.55,0.69,39.75,0.03,14.85,162.24,32.15,75.39,48.53,0.0,67.27,14.59,19.29,13.32,0.03,95.89,0.03
SIDM00986,0.0,21.93,116.99,13.38,8.64,72.37,155.96,0.56,28.19,60.35,0.59,0.12,144.68,105.59,74.67,5.95,84.33,0.03
SIDM00987,0.07,20.65,164.55,15.62,8.91,33.09,681.68,0.1,51.08,57.33,0.17,0.0,158.93,32.53,44.82,0.14,99.32,0.0
SIDM00988,0.0,9.31,397.86,4.85,14.54,15.63,99.1,0.0,29.21,53.64,0.04,0.39,94.21,37.97,62.79,0.5,66.28,0.0
SIDM00989,0.0,717.47,326.81,11.34,7.9,18.94,977.13,1.09,34.34,76.84,85.23,0.03,81.5,56.97,66.49,1.52,61.73,0.0
SIDM00990,2.46,120.07,10.06,3.12,5.24,6.31,67.35,0.07,13.84,27.17,82.96,0.17,42.83,17.71,30.51,0.19,41.45,0.02
SIDM00991,0.0,0.91,2.31,0.22,18.98,11.67,142.66,3.78,6.4,45.57,0.0,0.94,51.06,23.19,74.25,0.0,23.44,0.09
SIDM00992,0.04,185.12,111.93,25.99,2.74,24.62,10.58,0.0,23.05,101.89,0.2,0.2,106.67,127.49,51.51,5.14,94.09,0.04
SIDM00993,0.03,12.55,2.06,33.22,0.0,11.04,898.2,3.54,37.18,28.25,0.03,1.21,52.18,45.59,27.5,0.12,53.76,0.39
SIDM00994,0.0,0.68,1.29,2.29,0.04,110.51,568.77,12.14,11.32,51.11,0.04,0.04,65.79,40.29,66.51,19.36,59.93,0.04
SIDM00996,12.07,450.46,753.76,1.2,45.8,15.17,173.09,0.04,33.49,82.43,0.23,0.0,49.83,24.61,62.06,0.12,65.78,0.04
SIDM00997,0.28,11.44,429.77,18.87,0.12,12.77,135.6,3.61,28.78,70.41,0.04,0.08,86.27,40.42,32.48,2.53,49.98,0.04
SIDM00998,0.29,147.5,149.13,5.73,0.22,40.3,16.74,0.36,32.62,87.12,0.62,0.11,474.01,151.19,72.73,0.22,54.5,0.04
SIDM00999,0.04,811.0,230.24,5.22,54.8,9.66,113.89,0.04,38.6,55.3,0.11,0.28,78.38,24.93,55.51,0.0,7.03,0.0
SIDM01000,0.12,428.84,637.2,18.55,4.21,6.46,35.96,11.85,64.07,41.97,79.68,0.08,78.7,58.6,54.8,0.74,116.33,0.0
SIDM01001,0.03,8.17,4.55,0.19,25.96,2.32,41.54,10.24,21.47,27.36,0.03,0.1,55.79,15.62,30.73,0.03,0.29,0.0
SIDM01002,3.89,333.29,2.78,4.77,82.02,10.95,130.97,1.53,19.44,24.46,0.17,0.03,54.73,27.29,32.03,0.2,13.48,0.06
SIDM01003,0.0,1.31,1.38,1.31,0.14,31.06,531.51,29.47,58.01,38.58,0.18,0.07,50.99,25.32,63.12,21.88,78.12,0.53
SIDM01004,30.56,5.74,107.69,1.8,317.12,16.66,863.02,11.79,64.3,37.09,0.03,29.8,82.94,42.42,54.1,78.51,59.12,0.41
SIDM01005,26.71,7.62,13.25,11.75,22.97,8.65,761.13,0.43,38.92,33.33,0.07,163.26,39.31,34.11,64.02,0.04,68.69,0.04
SIDM01008,1.24,7.79,1.6,72.37,0.2,16.77,532.59,53.36,31.95,73.81,0.12,438.37,950.39,341.28,28.4,0.04,300.1,0.28
SIDM01009,0.03,892.88,0.82,1.47,901.07,1.67,0.72,0.0,10.47,38.45,3.51,0.17,32.37,16.27,47.93,0.44,4.95,0.0
SIDM01010,0.03,6.58,48.43,0.1,0.06,28.36,65.3,0.42,67.95,66.11,11.58,0.0,522.61,91.63,149.22,21.07,142.19,0.03
SIDM01012,0.03,19.96,12.42,4.43,0.07,46.41,292.16,3.56,133.71,55.87,1.71,37.61,344.54,139.02,75.8,4.93,186.4,2.48
SIDM01013,0.07,4.02,10.74,6.69,0.2,61.22,179.84,23.5,137.4,50.31,0.07,47.29,427.88,121.06,154.16,2.01,200.55,86.35
SIDM01015,0.68,12.57,36.67,15.78,620.42,10.77,503.3,15.03,20.85,56.94,0.03,163.43,59.02,31.49,106.22,0.03,60.21,0.03
SIDM01016,0.71,7.2,0.45,6.49,2.05,21.6,243.72,15.97,41.23,65.93,0.04,0.04,57.57,49.74,73.28,1.27,47.65,0.45
SIDM01018,7.0,17.65,26.16,4.78,0.07,20.71,87.17,2.25,157.71,47.54,0.28,2.14,215.02,37.45,35.48,5.49,72.05,0.0
SIDM01020,0.03,0.39,1.23,30.06,0.26,3.88,876.27,9.15,66.59,74.64,0.1,26.93,29.26,36.14,25.8,0.03,44.8,11.77
SIDM01022,0.13,175.78,12.29,0.67,15.19,21.11,415.37,3.57,37.11,33.78,0.0,307.75,82.0,96.48,29.16,0.2,119.51,0.71
SIDM01023,0.04,256.38,37.87,1.82,16.57,38.81,405.02,2.8,61.97,45.02,0.08,283.35,116.86,69.84,42.22,1.1,152.04,0.04
SIDM01024,0.13,31.01,14.1,7.55,10.04,3.6,101.43,0.87,12.91,27.7,215.76,0.05,18.26,27.4,9.14,0.13,56.69,0.03
SIDM01025,0.0,85.2,216.05,2.13,54.66,7.48,44.33,2.02,17.23,34.88,0.16,0.08,165.47,52.53,27.56,0.75,24.09,0.05
SIDM01026,1.3,1474.28,39.54,4.59,29.31,35.56,593.21,0.68,38.27,47.39,43.09,0.0,97.73,26.25,67.22,1.86,104.93,0.0
SIDM01027,0.15,5.7,86.58,6.65,12.61,7.17,953.71,4.39,20.84,69.22,149.59,0.04,177.96,106.51,61.1,0.11,32.91,0.07
SIDM01028,1.57,522.02,94.18,8.68,4.63,12.13,83.41,2.72,32.36,25.47,3.51,0.0,65.57,26.68,26.16,0.85,37.93,0.0
SIDM01029,0.74,160.84,62.42,9.04,27.5,5.77,100.88,3.04,12.93,21.81,9.0,0.04,26.17,13.61,38.13,0.27,31.8,0.7
SIDM01030,0.03,265.19,252.1,5.75,25.99,1.82,185.75,2.71,38.15,53.47,116.48,0.03,49.36,9.87,36.9,0.98,14.66,0.03
SIDM01031,0.03,1529.37,224.48,7.63,0.63,22.49,91.79,0.03,43.1,59.26,0.94,0.03,56.53,46.63,69.58,0.28,57.2,0.0
SIDM01032,0.0,119.6,29.03,15.41,2.67,2.69,70.71,4.13,14.37,22.88,455.38,0.03,26.47,27.51,24.66,1.04,38.37,0.0
SIDM01033,0.03,14.63,635.65,3.28,6.32,5.71,61.13,3.58,19.79,24.33,0.22,0.08,40.46,28.22,27.92,2.54,44.43,0.0
SIDM01034,0.0,4.95,14.79,48.61,0.07,81.09,264.25,33.78,149.34,90.14,0.07,124.64,41.79,57.87,27.35,0.0,154.33,0.5
SIDM01036,0.04,177.44,2.27,15.61,0.18,19.29,1326.74,8.91,85.35,48.53,0.11,2.38,427.86,46.95,56.65,27.66,53.69,0.18
SIDM01037,0.0,379.77,327.62,12.33,40.01,31.34,162.71,2.17,16.62,63.55,0.03,0.09,145.5,25.81,35.57,0.65,25.75,0.0
SIDM01038,0.03,4.94,1.69,39.95,0.13,40.47,555.43,31.17,45.38,66.83,0.03,121.15,19.5,60.62,17.39,0.03,352.27,2.86
SIDM01040,4.55,7.7,49.21,21.96,12.18,9.21,286.21,2.26,12.14,54.96,10.91,0.32,111.62,21.04,113.07,0.81,4.55,0.07
SIDM01043,0.04,94.77,129.88,1.26,3.72,36.88,56.12,0.83,78.17,49.87,25.69,0.04,386.65,92.24,63.3,1.19,1.15,0.0
SIDM01044,0.0,75.18,266.13,9.54,11.89,15.19,92.12,1.19,41.62,52.52,4.25,0.03,83.8,16.17,84.72,0.95,47.03,0.12
SIDM01045,8.83,164.71,1.42,79.48,33.86,5.51,102.8,2.38,12.5,45.7,99.93,1.17,31.88,36.61,50.95,0.15,90.47,0.51
SIDM01048,0.0,125.54,0.45,14.16,0.0,8.72,379.58,0.78,32.24,57.89,3.46,29.14,868.41,134.99,58.4,11.28,54.43,0.18
SIDM01049,3.93,5.34,18.5,21.12,0.16,57.25,65.76,2.0,101.75,42.64,0.03,41.36,953.74,181.76,116.75,0.26,194.73,187.33
SIDM01051,0.0,104.27,118.56,2.1,5.81,17.97,95.61,4.55,16.88,35.07,0.22,0.19,79.29,31.76,57.18,1.89,64.29,0.0
SIDM01052,0.04,9.96,212.5,22.82,18.72,9.11,440.45,0.81,56.96,84.78,1.28,0.04,122.21,52.74,63.47,0.46,56.81,0.04
SIDM01055,0.08,70.62,1103.41,2.67,2.47,32.51,93.38,1.47,47.77,64.63,1.39,0.15,107.49,26.09,52.68,0.93,3.13,0.0
SIDM01056,43.31,194.08,0.48,2.03,192.21,1.97,174.48,0.0,28.0,45.5,1.0,0.19,41.27,18.44,99.3,0.16,47.73,0.0
SIDM01057,0.04,2.22,19.4,13.76,141.55,30.59,162.29,1.23,44.49,40.5,0.0,209.21,108.1,56.8,59.09,0.71,140.35,0.25
SIDM01058,0.03,3.26,1.94,7.14,0.31,34.65,97.39,10.34,108.79,43.73,0.07,32.48,56.01,61.01,31.46,1.97,124.94,4.18
SIDM01059,0.03,50.4,346.76,4.79,0.1,2.49,326.91,3.92,45.11,43.78,0.6,0.0,76.96,32.35,24.87,0.1,66.59,0.0
SIDM01060,0.19,15.86,64.52,7.26,4.19,2.05,76.59,0.16,37.4,25.39,12.01,0.9,36.16,45.59,20.3,0.06,47.98,0.0
SIDM01062,0.0,213.84,15.53,6.7,19.27,18.48,39.82,1.92,7.88,21.52,0.02,0.02,144.07,53.12,38.48,0.13,27.44,0.02
SIDM01063,0.36,124.7,375.14,0.15,0.62,4.52,213.37,2.04,27.75,46.91,63.08,0.07,73.2,23.6,47.67,0.98,41.63,0.0
SIDM01066,0.22,113.22,77.04,23.32,12.02,2.16,128.32,8.52,27.08,39.4,2.92,0.04,128.32,21.05,36.4,0.04,32.93,0.07
SIDM01067,0.03,100.02,420.45,3.1,12.9,18.72,397.85,0.68,52.19,51.99,1.7,0.1,102.17,30.84,63.94,1.67,78.27,0.0
SIDM01068,0.22,304.31,379.38,1.96,0.16,28.54,163.5,3.03,52.28,73.84,5.21,0.06,59.76,36.94,63.14,1.1,141.34,0.03
SIDM01069,0.12,283.1,201.14,10.73,17.63,9.1,324.01,0.99,36.11,21.49,0.05,0.0,28.52,10.12,39.35,0.62,23.82,0.02
SIDM01070,0.08,265.09,743.19,11.2,14.53,35.69,119.64,0.08,109.52,146.53,1.08,0.2,616.93,65.76,148.22,0.96,58.89,0.04
SIDM01071,0.0,52.15,0.54,6.88,25.85,1.44,1.77,7.87,9.28,41.76,578.84,0.0,50.87,33.02,79.15,0.37,0.21,0.04
SIDM01072,2.66,10.6,149.37,8.93,41.72,16.15,77.4,0.11,20.21,67.9,1.14,0.04,90.36,44.5,54.22,0.99,60.07,0.0
SIDM01074,8.31,734.67,209.34,10.72,34.2,35.4,46.16,1.81,68.96,54.67,0.12,0.16,269.79,101.8,110.71,0.88,40.9,0.04
SIDM01076,23.56,3.37,1.45,23.43,0.07,35.01,373.84,9.63,138.29,39.99,0.03,1.78,31.17,16.76,27.13,0.13,69.31,1.04
SIDM01077,909.88,52.61,1.22,1.39,520.05,3.73,355.59,0.8,25.28,110.49,0.7,0.03,32.42,37.38,19.63,0.17,58.82,0.24
SIDM01078,1.89,102.26,1.03,3.24,18.3,6.29,73.44,0.0,22.77,42.29,84.06,0.46,65.56,21.58,60.93,0.03,1.52,0.0
SIDM01079,3.86,957.36,314.29,4.43,20.38,6.67,143.03,3.05,29.28,53.89,0.03,0.24,60.73,20.55,29.22,0.07,66.89,0.03
SIDM01080,0.0,19.1,46.66,8.88,6.08,11.84,235.39,0.05,26.45,37.02,0.05,0.05,38.03,81.36,49.84,0.73,60.11,0.0
SIDM01081,0.03,35.51,236.57,4.75,8.75,9.44,227.85,1.26,29.85,45.95,0.54,0.06,28.76,29.31,37.8,0.97,60.47,0.06
SIDM01082,0.0,116.15,120.04,4.76,1.26,11.84,70.3,2.23,32.38,27.9,3.94,0.04,139.59,40.54,25.82,1.81,44.42,0.14
SIDM01083,0.0,150.89,257.6,5.96,7.37,19.24,75.94,0.54,28.47,78.69,1.74,0.07,73.25,44.41,40.64,1.88,48.72,0.05
SIDM01084,13.58,44.89,77.21,7.39,6.71,9.03,140.24,0.2,30.44,22.09,0.04,0.08,101.13,30.36,65.74,0.64,34.47,0.16
SIDM01085,0.07,1167.5,18.33,6.92,39.69,13.51,106.91,1.16,67.11,51.5,3.22,0.14,80.15,26.15,53.78,0.33,104.71,0.0
SIDM01086,0.0,1.25,3.56,7.23,0.52,34.07,187.79,3.31,16.38,46.59,0.06,105.7,8.45,11.94,5.99,0.09,62.3,3.4
SIDM01087,24.52,90.42,331.35,1.17,7.15,58.33,42.21,0.72,43.12,49.18,0.0,0.08,208.1,86.2,49.03,1.24,75.43,0.0
SIDM01088,0.03,981.72,20.76,6.5,30.21,51.52,104.61,3.45,54.38,37.79,0.49,0.06,57.22,35.26,81.7,0.28,88.38,0.0
SIDM01089,0.07,0.85,0.65,48.86,0.03,5.91,490.41,25.59,51.39,56.0,0.07,166.99,47.12,31.4,22.21,0.0,146.76,0.07
SIDM01096,0.0,258.27,114.04,0.06,16.16,10.4,190.98,1.06,38.8,47.14,6.91,0.12,49.26,15.88,41.98,0.24,119.38,0.0
SIDM01099,0.04,22.48,0.88,0.27,990.02,3.69,2.65,0.04,15.41,65.7,0.0,0.08,52.9,93.02,26.16,0.46,1.84,0.0
SIDM01100,4.79,32.59,0.68,1.1,176.82,1.6,0.46,0.04,9.93,35.83,0.08,0.15,29.86,18.9,30.88,0.38,23.05,0.04
SIDM01101,0.03,237.63,116.05,1.94,235.81,5.66,58.86,0.03,26.6,44.92,0.06,0.06,62.78,43.1,56.21,0.52,11.59,0.03
SIDM01103,0.13,41.55,460.68,5.71,0.33,21.49,100.26,4.12,17.53,50.31,4.45,0.1,134.4,48.42,76.88,1.3,54.66,0.0
SIDM01104,3.98,63.35,366.68,13.54,2.03,16.72,14.61,0.99,20.47,40.17,5.81,0.08,84.12,57.69,61.21,0.46,69.05,0.0
SIDM01105,1.41,51.45,109.14,4.84,8.12,3.12,122.73,4.09,31.14,35.8,0.56,0.28,91.49,80.74,59.57,0.0,78.34,0.0
SIDM01106,2.28,417.05,632.11,20.32,0.19,12.19,30.7,0.0,59.88,52.26,51.68,0.08,65.92,54.19,67.31,0.7,61.04,0.0
SIDM01107,0.04,135.37,93.2,3.85,1.13,3.0,136.89,2.61,18.33,59.02,0.11,1.38,98.15,84.3,40.05,0.0,30.69,4.7
SIDM01108,0.0,160.45,526.24,0.67,2.06,70.69,87.44,0.81,35.48,45.14,1.86,0.03,79.78,74.29,32.22,0.12,58.15,0.06
SIDM01109,24.14,128.32,702.35,1.13,3.84,16.42,127.37,2.05,18.94,60.52,0.44,0.07,66.08,81.95,40.3,0.07,164.89,0.0
SIDM01110,1.69,6.49,1210.3,2.98,5.61,27.68,192.02,2.6,31.6,53.73,0.0,0.06,54.05,23.83,63.45,0.31,50.03,0.03
SIDM01111,6.1,33.97,1.64,9.8,52.46,1.91,248.16,2.63,2.82,42.97,140.22,0.23,39.92,27.49,21.66,0.42,89.25,0.04
SIDM01112,14.41,13.91,218.88,11.01,21.64,21.14,15.82,4.03,64.33,94.4,31.77,0.17,156.79,53.54,73.01,0.62,53.74,0.0
SIDM01113,0.04,131.12,214.93,0.64,18.65,13.94,255.61,0.94,41.21,62.87,0.19,0.11,73.68,33.52,104.53,0.0,78.73,0.9
SIDM01116,0.03,1250.62,0.9,9.09,40.6,2.23,398.06,0.1,18.57,29.49,123.27,0.07,44.1,21.7,39.27,0.17,4.69,0.03
SIDM01119,0.03,145.43,82.21,19.98,8.3,6.03,68.63,0.28,26.77,54.57,137.26,0.21,91.85,33.59,23.36,2.24,84.1,0.03
SIDM01121,0.0,32.87,0.54,0.27,23.98,8.58,3.92,0.66,2.13,54.91,463.27,0.08,19.32,28.6,91.46,0.0,0.5,0.23
SIDM01123,0.04,46.93,0.51,7.01,35.26,31.89,37.32,2.13,19.96,48.87,92.36,0.07,58.82,123.07,61.39,2.09,134.37,0.4
SIDM01124,0.0,357.75,412.84,2.81,1.8,12.27,211.28,2.2,48.8,111.85,0.18,0.68,114.69,56.21,63.63,0.97,87.99,0.07
SIDM01125,17.46,204.45,220.81,8.64,5.94,9.83,132.32,0.06,40.22,47.23,1.07,0.06,81.38,20.83,24.99,1.59,50.66,0.0
SIDM01127,0.0,2758.59,199.47,12.22,120.0,84.24,113.75,1.17,68.77,60.94,44.45,0.04,467.4,83.25,85.65,2.37,76.47,0.0
SIDM01128,0.0,1.46,0.47,0.32,104.5,4.23,2.45,26.6,6.52,65.02,0.2,0.51,71.66,15.77,35.18,1.03,36.84,0.16
SIDM01129,0.0,1.07,0.69,6.06,13.75,1.87,2038.5,0.11,22.51,29.71,0.11,0.38,37.52,16.57,41.75,0.53,0.19,2.32
SIDM01130,5.77,21.48,0.87,3.34,28.77,26.91,205.47,0.19,23.57,40.42,785.08,0.23,53.66,31.27,46.64,0.15,0.19,0.08
SIDM01131,0.0,1.21,0.68,13.77,0.53,0.95,1413.29,0.04,12.6,25.57,0.26,0.11,42.86,14.04,21.68,2.91,2.57,0.19
SIDM01134,1.19,117.2,8.56,5.14,16.24,8.5,63.43,4.04,21.47,54.53,470.83,0.31,94.78,30.71,49.55,0.03,37.89,0.31
SIDM01135,0.0,288.72,1038.82,6.6,15.56,35.04,151.66,0.65,37.3,61.92,0.07,0.0,168.28,36.38,71.83,1.3,130.33,0.0
SIDM01136,0.0,134.86,707.57,18.88,0.28,37.57,102.36,1.06,54.99,79.08,8.98,0.07,142.84,34.52,44.49,0.5,93.35,0.0
SIDM01137,0.03,8.54,370.53,4.39,22.54,16.31,67.53,1.54,24.48,37.33,2.87,0.0,73.57,20.22,31.45,0.67,46.8,0.0
SIDM01138,0.26,19.26,335.9,14.44,0.64,33.7,110.26,0.26,26.63,36.22,1.64,0.02,87.0,47.67,38.03,0.21,69.19,0.0
SIDM01139,0.0,60.37,344.59,2.01,0.95,17.42,45.97,0.58,16.11,24.47,0.1,0.06,36.04,21.65,30.36,0.89,63.77,0.04
SIDM01141,0.03,67.09,13.82,12.14,0.12,7.4,95.66,2.1,16.01,27.61,122.55,0.03,163.02,26.59,40.98,4.44,38.37,0.03
SIDM01144,0.0,29.03,229.07,6.44,3.27,43.97,243.11,0.29,27.56,50.73,0.19,0.03,101.88,13.2,71.27,0.13,45.41,0.0
SIDM01147,0.03,82.47,25.58,9.67,22.68,7.3,247.53,2.21,36.48,43.21,2.48,0.1,133.01,22.28,25.49,0.5,117.2,0.0
SIDM01148,0.0,6.2,8.29,9.11,1.42,36.05,283.24,0.63,12.34,36.2,0.03,11.99,34.05,33.93,20.22,40.19,38.26,0.03
SIDM01150,0.0,1165.7,60.4,4.61,31.26,5.51,13.96,1.35,22.34,46.9,0.06,0.03,111.68,26.72,57.92,1.71,25.08,0.03
SIDM01151,0.0,291.12,25.62,17.75,5.38,10.32,85.17,1.98,21.35,35.27,16.37,0.12,182.51,27.36,51.12,2.17,2.45,0.0
SIDM01154,2.15,7.85,0.78,1.13,0.31,67.71,435.34,13.09,11.25,44.93,0.2,0.12,30.63,25.55,56.14,0.74,66.1,0.08
SIDM01156,0.08,93.37,720.65,2.35,22.46,13.64,135.16,5.25,35.44,66.6,0.24,0.12,88.0,29.16,114.9,0.12,24.97,0.2
SIDM01158,0.0,251.64,510.45,6.91,13.76,18.0,49.46,0.83,28.57,54.69,25.35,0.16,243.11,97.52,39.81,2.48,72.9,0.8
SIDM01164,2.88,236.64,254.82,5.24,10.55,17.28,44.93,0.56,17.96,40.32,0.07,0.04,58.35,25.1,78.74,0.15,3.18,0.04
SIDM01165,0.0,133.63,473.51,12.67,5.29,13.54,69.86,0.33,27.43,33.16,0.13,0.23,118.71,13.97,39.45,0.13,38.72,0.03
SIDM01167,2.9,93.57,601.53,0.78,12.47,8.47,72.83,5.88,21.81,66.0,1.18,0.08,82.08,48.16,43.61,0.59,55.92,0.04
SIDM01169,0.1,134.31,112.93,43.14,6.83,7.17,145.48,0.03,28.21,44.0,2.69,0.1,144.31,40.65,68.45,0.34,90.0,0.0
SIDM01170,5.92,44.07,18.42,1.27,14.52,2.18,286.34,7.62,22.85,32.55,0.07,0.07,79.61,26.3,26.23,4.13,106.65,1.92
SIDM01171,22.56,126.79,176.02,4.96,3.78,40.42,74.25,4.71,34.42,54.54,0.04,0.0,153.16,57.46,115.04,0.3,26.75,0.22
SIDM01172,26.7,125.48,18.1,3.76,20.32,14.73,281.56,7.24,31.54,39.6,0.07,278.69,70.89,48.03,52.0,1.29,129.74,0.25
SIDM01176,0.04,5.01,1.78,44.82,0.91,58.82,195.44,7.1,69.26,55.25,0.08,66.11,57.42,44.82,42.47,0.15,94.34,59.5
SIDM01180,13.5,347.07,223.41,2.93,2.55,33.98,73.44,0.0,27.73,42.51,0.04,0.04,117.34,49.33,55.74,0.62,85.4,0.0
SIDM01181,0.58,68.57,4.66,9.21,26.0,4.12,293.69,4.82,29.39,54.16,2.74,0.5,139.41,39.68,34.44,0.04,20.53,0.5
SIDM01182,2.81,3.72,673.46,4.52,23.57,4.4,233.43,9.94,35.98,54.34,0.04,0.23,85.5,19.28,47.55,0.08,90.78,0.08
SIDM01184,0.04,332.22,675.14,11.58,1.51,17.35,96.26,0.28,43.41,90.41,0.04,0.0,55.75,34.26,60.16,0.08,63.94,0.0
SIDM01186,9.71,476.06,0.78,13.46,32.62,5.26,75.12,4.88,15.09,36.81,0.35,0.03,37.53,42.91,26.66,0.03,41.6,0.0
SIDM01188,0.17,86.23,91.42,4.54,6.83,40.62,40.03,1.45,19.73,41.78,1.33,0.14,84.28,57.06,42.55,2.13,57.8,0.09
SIDM01189,6.13,26.82,829.43,0.72,1.07,19.14,106.38,0.04,32.72,57.91,0.04,0.15,109.69,59.89,47.98,1.79,65.71,0.0
SIDM01190,0.1,390.02,226.63,4.06,7.51,84.1,84.61,2.56,30.97,50.67,0.14,0.0,59.48,78.74,43.26,0.96,57.33,0.03
SIDM01191,5.39,388.63,30.28,4.17,1.08,4.96,42.13,13.07,19.25,52.33,22.66,0.11,97.7,40.77,57.18,0.14,52.76,0.07
SIDM01193,1.56,25.92,786.09,0.36,0.2,18.45,68.13,2.04,24.92,57.83,0.36,0.04,135.47,84.95,61.9,0.24,83.35,0.0
SIDM01194,3.43,23.94,188.42,3.81,1.03,8.27,139.67,0.25,17.29,30.87,0.09,0.06,74.5,23.38,49.78,0.34,62.67,0.0
SIDM01195,0.03,6.69,7.56,7.2,3.45,6.89,417.09,4.69,33.47,25.6,0.07,152.75,81.33,40.97,32.7,0.0,62.92,0.03
SIDM01196,2.42,113.89,127.66,6.97,25.36,112.98,26.74,0.24,16.37,48.43,7.85,0.07,675.97,82.13,66.31,6.16,76.48,0.17
SIDM01199,14.47,31.0,550.45,0.83,2.97,19.69,121.35,0.11,14.84,77.68,0.04,0.19,75.12,32.51,55.47,0.26,63.85,0.04
SIDM01215,0.04,18.08,877.74,9.24,3.84,8.52,484.02,0.07,54.14,41.71,0.14,0.07,65.59,12.9,27.61,0.33,55.01,0.0
SIDM01222,1.43,3.83,202.93,2.72,12.62,8.9,18.92,0.46,38.4,46.52,19.81,0.18,77.35,43.34,68.94,0.14,105.17,0.0
SIDM01241,0.03,726.15,105.5,21.62,10.96,5.06,106.16,4.61,14.84,21.76,3.85,0.34,54.08,22.02,37.64,0.03,63.9,0.0
SIDM01254,0.11,2.06,1.27,74.39,0.07,24.7,966.12,34.25,50.38,48.75,0.11,156.35,11.97,53.78,14.39,0.0,195.52,0.22
SIDM01265,0.36,56.1,0.42,6.04,0.16,41.6,495.4,3.58,50.8,53.0,66.07,19.57,27.55,94.98,20.22,7.46,24.25,0.03
SIDM01316,15.54,13.78,5.07,4.85,29.32,2.02,228.88,5.44,13.12,65.17,54.59,0.81,45.12,43.68,62.31,0.33,96.18,0.11
SIDM01318,0.06,817.04,58.13,32.27,12.46,9.63,82.82,0.03,32.0,56.27,2.29,0.06,162.75,39.02,34.98,3.25,43.83,0.0
SIDM01320,0.0,696.14,388.58,8.6,2.59,13.62,77.78,2.9,17.78,48.33,2.73,0.0,70.38,28.87,82.63,0.48,79.29,0.0
SIDM01321,0.0,574.15,271.52,8.98,4.7,16.54,148.32,0.56,49.56,37.82,8.02,0.1,63.74,16.38,51.8,2.07,111.16,0.0
SIDM01322,0.03,255.55,220.35,5.11,12.94,27.08,60.04,1.54,46.9,52.79,0.64,0.09,76.24,25.68,91.53,3.71,85.78,0.09
SIDM01323,0.0,293.7,73.14,3.17,5.1,14.52,33.21,0.1,22.12,19.17,0.04,0.06,149.35,38.45,30.26,0.87,32.5,0.02
SIDM01324,0.0,151.79,381.96,12.07,5.32,38.09,285.68,1.47,30.76,119.59,49.82,0.0,166.82,39.99,51.72,1.96,77.56,0.03
SIDM01325,0.0,15.44,247.69,20.15,4.27,37.69,99.21,0.24,55.32,59.09,0.53,0.15,47.65,42.55,54.85,2.43,74.97,0.03
SIDM01331,0.19,79.76,312.13,5.12,0.3,26.7,58.56,1.44,34.13,62.65,5.01,0.04,335.53,80.86,76.46,4.48,144.91,0.04
SIDM01332,0.0,32.44,226.5,1.64,6.22,22.26,94.75,0.68,18.86,55.47,0.02,0.07,159.86,26.46,27.44,1.13,4.46,0.19
SIDM01335,0.57,83.11,186.69,10.36,0.29,24.56,159.24,1.46,22.88,48.36,0.03,0.03,146.18,25.42,53.44,0.35,57.44,0.0
SIDM01336,0.62,178.73,409.78,2.14,3.42,14.46,49.32,2.43,37.24,47.05,25.13,0.16,115.24,51.42,64.23,1.69,0.45,0.04
SIDM01343,0.07,287.66,386.77,4.17,41.69,20.71,85.61,3.67,21.55,36.22,0.07,0.07,78.34,20.81,67.81,0.53,62.86,0.0
SIDM01347,0.06,3.79,28.27,4.96,61.09,12.81,71.19,0.34,35.59,45.35,2.65,0.0,59.55,20.66,72.82,0.89,63.4,0.03
SIDM01363,5.59,55.64,87.35,5.65,17.47,9.68,185.53,1.12,21.04,42.42,45.15,0.12,46.36,25.04,62.8,1.27,87.1,0.16
SIDM01368,0.25,278.14,1443.55,3.72,26.61,10.09,185.53,0.0,65.99,106.45,0.22,0.07,63.39,31.75,29.8,0.33,85.52,0.0
SIDM01372,0.06,271.12,293.63,4.76,3.32,29.47,156.94,0.58,38.07,58.08,0.15,0.03,70.46,28.46,58.96,1.04,49.57,0.0
SIDM01377,2.83,11.4,2.77,2.93,7.1,20.64,63.65,3.29,17.22,39.08,5.55,0.7,36.85,47.09,28.9,0.03,0.49,0.0
SIDM01378,0.02,40.31,16.13,6.3,2.23,1.98,13.46,0.44,5.0,16.6,0.02,0.03,63.75,58.77,15.69,0.47,32.38,0.0
SIDM01387,0.24,247.29,285.83,1.59,21.69,13.56,124.16,7.58,62.76,67.88,0.21,0.45,77.46,30.31,68.6,0.24,81.61,0.1
SIDM01391,0.0,355.31,14.48,4.25,135.76,4.21,9.02,0.0,16.63,48.3,15.17,0.2,37.62,36.17,102.83,1.17,9.87,0.04
SIDM01393,0.04,710.91,144.68,3.6,22.78,17.87,117.07,1.38,35.34,63.2,0.11,0.04,80.64,54.92,46.97,0.4,75.26,0.0
SIDM01394,2.97,4.06,88.67,2.5,3.08,15.88,48.5,2.61,21.17,44.01,0.29,0.0,71.12,129.92,57.89,1.49,69.17,0.0
SIDM01397,0.08,242.98,754.5,14.02,16.58,18.77,97.48,6.55,56.84,60.4,14.71,0.0,91.77,38.65,22.67,0.0,51.25,0.04
SIDM01398,0.24,336.71,539.11,23.27,8.08,2.59,72.43,4.2,49.73,51.3,19.63,0.08,23.75,66.45,65.93,0.4,93.52,0.0
SIDM01409,0.03,31.96,39.56,10.99,8.39,11.25,122.06,0.92,26.76,30.36,0.05,0.03,41.53,18.8,27.27,0.46,66.78,0.0
SIDM01411,0.03,55.03,382.43,4.78,4.99,11.48,97.78,0.03,23.85,39.8,0.21,0.06,84.7,21.32,9.21,0.8,90.25,0.0
SIDM01412,0.0,87.86,174.35,5.62,0.34,26.75,135.88,0.03,38.56,34.18,0.06,0.0,79.96,45.56,58.27,1.87,72.8,0.0
SIDM01413,0.04,496.31,125.23,4.49,10.01,26.59,88.67,0.57,31.21,74.75,0.04,0.2,671.99,244.54,83.24,5.19,73.36,0.0
SIDM01432,7.14,70.43,98.53,4.69,0.0,24.64,100.13,1.73,25.02,46.5,0.07,0.0,269.19,46.56,70.22,1.53,12.92,0.0
SIDM01433,6.74,61.11,30.79,2.22,0.4,15.98,111.11,4.9,13.21,37.84,0.03,0.83,244.23,53.01,36.73,0.71,85.99,0.0
SIDM01434,6.36,288.99,157.49,9.46,6.87,25.18,99.06,2.38,25.18,47.36,0.07,0.0,128.0,66.47,107.39,1.32,68.95,0.0
SIDM01435,19.35,113.9,29.92,3.69,1.06,23.44,65.99,5.19,19.78,24.07,0.17,0.0,94.92,36.87,105.56,7.28,77.5,0.0
SIDM01436,0.0,819.08,54.61,5.86,47.46,23.78,83.5,0.03,19.79,46.09,0.03,0.07,114.33,42.41,63.57,0.65,48.14,0.0
SIDM01437,0.03,129.11,31.39,12.51,2.47,18.18,23.22,0.76,23.44,25.58,2.71,0.03,148.78,30.25,53.55,1.0,39.23,0.0
SIDM01439,6.68,63.99,73.3,9.77,2.51,14.98,77.45,0.56,24.23,42.52,0.06,0.06,61.54,29.38,36.95,3.62,39.38,0.03
SIDM01442,0.04,240.28,96.95,8.09,57.06,8.6,180.95,5.11,25.18,39.79,0.04,0.11,55.22,19.1,120.8,2.48,38.82,0.04
SIDM01443,1.54,882.41,18.76,7.65,73.12,9.64,156.61,4.03,52.28,30.22,0.0,0.29,41.1,15.65,87.78,0.06,58.71,0.22
SIDM01444,5.31,29.25,7.41,41.14,4.24,17.84,3.99,3.05,34.06,33.3,161.57,0.12,59.92,60.53,124.54,0.03,7.35,0.0
SIDM01445,0.0,291.68,66.82,13.41,0.19,8.3,146.11,2.32,38.22,44.89,24.56,0.06,162.74,25.69,51.03,0.03,41.1,0.03
SIDM01446,3.66,564.5,166.1,4.51,1.92,40.27,60.05,2.29,26.11,48.63,0.11,0.11,94.77,54.47,74.62,1.0,0.78,0.04
SIDM01447,0.23,286.39,98.54,14.15,1.5,4.35,18.8,1.99,40.34,35.46,12.46,0.0,48.97,89.2,78.16,0.34,60.98,0.0
SIDM01449,0.0,160.48,552.9,3.03,33.88,48.91,116.27,2.01,23.56,32.46,0.09,0.06,76.79,71.04,52.37,0.12,69.22,0.03
SIDM01450,0.07,568.41,9.79,16.01,0.03,6.58,161.52,0.86,47.2,33.84,32.15,0.03,50.84,42.57,41.91,0.23,67.94,0.0
SIDM01451,1.13,129.82,188.19,3.21,0.06,10.03,131.55,2.2,54.14,48.04,11.64,0.03,69.88,38.75,52.8,4.64,125.27,0.0
SIDM01454,0.04,309.27,563.42,1.61,0.92,45.88,142.29,1.3,54.06,95.04,0.04,0.04,518.35,49.55,82.12,0.57,85.79,0.0
SIDM01460,11.39,205.78,222.81,17.55,13.06,6.19,189.74,1.03,11.83,69.68,66.78,0.32,58.28,21.8,92.98,6.63,24.02,0.04
SIDM01463,0.03,220.86,91.01,33.5,11.12,16.65,151.92,1.22,46.63,42.01,0.07,0.0,170.33,29.67,134.25,2.34,100.34,0.0
SIDM01464,0.0,121.52,205.65,29.68,2.12,6.91,67.72,1.48,13.51,43.32,0.16,0.0,84.77,29.23,29.71,0.1,101.2,0.0
SIDM01469,0.03,164.17,103.19,28.22,16.79,16.82,133.8,0.26,36.95,59.2,10.39,0.03,48.06,41.6,48.61,1.86,146.48,0.03
SIDM01470,0.03,1.6,31.19,9.63,442.11,6.8,584.76,5.41,46.61,33.14,0.0,87.25,47.48,24.07,81.49,0.03,45.32,0.0
SIDM01471,0.03,6.63,12.93,1.93,223.7,5.56,797.06,37.4,20.63,60.36,0.03,32.45,43.66,18.94,77.89,0.12,31.93,0.0
SIDM01472,8.36,212.47,32.63,5.96,5.25,37.04,56.28,4.41,34.41,43.0,12.54,0.03,72.62,24.92,89.89,0.97,53.85,0.0
SIDM01473,0.36,13.81,1.55,20.76,0.18,45.78,980.43,1.19,34.35,57.71,46.68,0.11,41.8,122.11,43.28,16.45,32.54,0.07
SIDM01474,0.03,764.85,10.9,8.06,51.46,18.87,35.64,1.4,16.49,48.46,0.21,0.0,154.4,43.76,46.14,0.43,60.25,0.0
SIDM01476,0.07,198.5,0.95,2.07,10.74,56.72,211.68,0.98,32.19,35.58,2.27,0.14,318.18,35.58,75.29,0.2,7.22,0.03
SIDM01479,0.2,1211.29,403.57,5.43,0.3,9.21,218.33,3.26,22.69,75.83,19.37,0.07,151.24,37.29,40.12,1.22,79.58,0.0
SIDM01480,0.0,167.61,3.08,4.31,20.58,3.06,27.61,1.27,10.17,18.12,7.45,0.22,250.3,33.39,27.77,1.15,8.48,0.02
SIDM01482,0.0,394.57,0.33,0.36,35.84,12.77,3.69,4.88,10.6,51.11,301.43,0.04,59.93,19.39,67.2,0.18,0.18,0.04
SIDM01490,18.58,44.82,0.16,4.12,39.1,6.96,6.39,14.63,4.33,42.89,53.85,0.04,65.01,53.85,80.96,0.58,0.37,0.25
SIDM01491,0.03,67.51,66.64,9.54,21.58,16.61,165.97,0.06,18.77,59.02,0.0,0.4,97.51,29.66,77.75,0.62,93.65,0.03
SIDM01492,0.0,2.84,0.55,0.04,0.36,1.13,1623.22,0.58,3.64,29.87,0.07,0.29,21.28,27.51,42.19,0.29,0.18,1.93
SIDM01494,2.01,894.94,112.7,4.4,5.71,24.59,85.87,2.97,25.59,54.96,9.11,0.15,110.77,67.66,50.52,0.15,0.54,0.04
SIDM01498,0.04,1.18,10.26,1.07,71.68,19.98,581.77,16.17,42.63,39.63,0.11,198.1,161.49,31.48,79.23,0.04,53.59,0.04
SIDM01502,0.0,47.63,65.21,5.56,2.71,11.29,309.51,0.52,15.66,23.01,0.38,0.02,136.88,27.69,30.42,2.44,50.9,0.0
SIDM01503,0.03,136.6,0.6,5.87,0.27,4.38,182.52,0.03,15.96,29.86,147.75,0.13,81.19,44.03,45.92,0.23,14.43,0.03
SIDM01504,0.08,56.62,0.88,2.39,19.98,6.97,3.02,2.22,21.28,49.31,126.7,0.04,149.75,47.8,67.65,0.67,50.57,0.0
SIDM01510,10.56,15.84,26.62,18.47,17.34,5.25,502.51,4.76,23.62,29.64,0.03,0.03,57.53,19.84,51.22,0.06,40.23,0.0
SIDM01511,2.12,36.63,38.37,8.75,2.89,9.95,331.18,3.01,41.14,77.35,2.01,0.15,80.05,21.05,53.48,0.27,0.5,0.31
SIDM01512,0.11,103.19,958.05,11.16,0.14,41.85,302.24,0.0,60.98,115.68,10.47,0.0,52.57,31.23,47.69,6.68,74.09,0.0
SIDM01517,0.0,45.45,17.72,1.61,4.56,9.58,73.55,0.51,9.13,14.5,0.77,0.02,12.92,7.08,20.21,0.35,20.9,0.0
SIDM01518,0.0,379.9,26.9,7.17,2.84,24.47,154.09,0.58,15.95,20.8,0.07,0.0,50.02,18.74,54.83,7.26,52.37,0.0
SIDM01519,0.65,234.22,43.63,10.29,7.28,5.57,115.45,1.83,17.34,47.54,144.46,0.17,51.36,21.7,36.97,0.25,42.25,0.06
SIDM01520,0.21,29.16,85.94,6.27,6.82,10.0,132.49,2.27,13.74,34.24,4.07,0.05,60.94,19.51,28.45,0.83,23.99,0.64
SIDM01522,0.03,10.46,5.13,9.6,0.1,23.14,215.15,8.18,116.26,32.52,0.25,42.98,170.23,59.74,42.22,0.22,120.98,0.54
SIDM01523,19.17,421.74,85.66,11.05,22.58,9.31,189.7,1.26,44.52,35.27,24.15,0.0,71.67,15.08,43.12,0.89,45.64,0.14
SIDM01525,0.0,18.62,7.4,11.36,4.09,12.18,468.26,9.05,62.84,35.86,0.03,489.76,73.44,44.97,62.05,2.58,46.95,0.03
SIDM01526,0.0,151.55,131.8,1.6,26.53,16.25,79.01,0.63,14.25,28.16,0.07,0.0,81.52,18.35,72.34,0.37,32.03,0.0
SIDM01528,8.06,116.58,440.76,5.49,4.25,22.71,196.63,0.4,16.86,75.06,0.1,0.07,87.31,26.59,78.11,0.4,52.69,0.03
SIDM01529,0.0,136.23,18.95,2.82,1.32,10.94,127.04,1.64,35.94,23.74,0.08,0.0,66.1,17.88,69.97,5.43,47.2,0.0
SIDM01530,0.0,1.03,0.84,18.3,0.09,34.6,218.27,0.03,40.94,33.66,0.06,0.06,70.07,36.19,39.91,0.03,67.07,0.0
SIDM01531,0.0,9.47,1.52,26.98,0.1,32.32,439.6,17.88,108.2,52.98,0.17,80.03,60.46,27.45,39.33,0.0,161.28,0.73
SIDM01545,0.08,54.3,678.38,1.77,14.01,11.16,108.31,0.54,27.15,58.46,0.12,0.08,129.36,46.76,55.45,1.11,86.64,0.0
SIDM01546,14.23,28.19,119.22,2.31,0.79,6.4,83.04,1.52,29.61,31.79,0.53,0.1,326.43,53.64,38.45,4.75,97.96,0.03
SIDM01551,0.03,1114.57,70.26,3.45,0.1,4.5,318.08,6.84,24.91,46.86,1.61,0.03,21.59,24.98,41.47,0.13,151.83,0.0
SIDM01553,2.17,73.45,403.93,3.8,2.89,19.97,115.24,1.81,52.1,46.2,0.58,0.18,92.12,62.09,85.32,2.28,78.22,0.62
SIDM01554,0.04,393.41,184.54,1.56,54.83,18.97,183.92,4.42,94.97,47.94,0.11,0.11,96.46,26.51,118.54,0.44,79.34,0.0
SIDM01556,0.07,0.53,1.22,0.26,0.07,77.18,272.28,3.87,133.81,41.18,0.03,7.77,350.15,65.73,61.76,0.0,157.96,0.0
SIDM01559,4.08,996.69,506.56,6.64,18.69,17.51,30.63,3.89,78.89,52.87,68.17,0.0,230.18,113.03,71.15,0.11,84.57,0.15
SIDM01560,2.63,789.83,254.63,7.22,20.28,23.11,58.36,2.54,36.65,78.6,0.29,0.16,140.41,101.17,83.36,0.94,59.96,0.08
SIDM01561,1.14,28.29,314.78,5.38,12.41,11.0,26.98,15.07,27.92,36.77,4.64,0.17,61.5,25.94,80.57,0.0,45.31,0.07
SIDM01563,2.05,323.91,155.23,5.43,12.24,5.25,40.41,6.85,25.72,51.94,0.04,0.0,182.65,75.17,49.71,2.4,122.83,0.0
SIDM01564,17.1,168.22,187.17,0.23,2.79,47.61,22.79,5.05,27.01,43.24,0.04,0.04,364.09,114.81,76.69,0.41,116.09,0.0
SIDM01565,15.7,49.56,489.57,0.14,36.3,17.28,54.34,2.48,22.68,51.48,0.0,0.0,145.6,53.99,46.07,0.21,80.09,0.0
SIDM01566,1.23,409.59,130.38,6.46,17.65,8.5,47.84,2.85,26.75,47.37,0.04,0.04,709.25,74.67,70.72,5.19,105.03,0.0
SIDM01567,0.07,9.71,5.7,32.48,0.24,29.16,121.63,25.57,118.73,43.68,0.24,82.79,258.39,63.03,81.3,5.18,169.11,0.31
SIDM01569,2.92,35.41,11.42,10.5,8.02,5.93,207.7,0.95,26.57,64.25,2.43,0.12,45.33,12.81,30.22,0.15,72.05,0.0
SIDM01570,0.0,72.1,320.8,2.24,4.06,25.86,200.64,3.17,66.5,59.1,0.29,0.03,369.12,17.82,75.42,3.68,68.45,0.03
SIDM01571,25.9,43.03,203.71,7.58,10.92,16.45,130.31,0.08,24.53,49.93,0.0,0.23,200.11,112.98,150.02,2.54,74.77,0.04
SIDM01572,0.07,460.72,4.96,26.77,7.72,5.52,92.09,0.27,29.97,43.5,0.1,0.23,57.44,43.27,80.45,0.13,26.44,0.0
SIDM01573,0.0,23.58,0.92,16.47,0.16,22.97,150.38,0.99,53.43,64.2,0.06,0.38,223.06,52.83,15.42,1.18,36.7,0.0
SIDM01574,0.04,4.32,0.77,25.28,0.04,20.84,748.6,0.04,48.25,69.63,98.43,0.0,248.89,102.87,76.7,0.93,72.18,0.04
SIDM01575,0.86,7.42,3.78,15.68,0.25,79.82,613.59,2.95,49.12,34.41,0.43,0.29,183.97,68.47,46.13,1.37,42.13,0.0
SIDM01577,0.2,3.78,1.76,11.79,0.52,7.07,955.75,3.29,44.91,70.38,0.07,0.46,26.51,40.58,68.42,0.03,40.02,0.0
SIDM01578,0.0,296.15,35.74,5.97,36.58,35.13,71.13,0.18,38.57,57.63,1.56,0.07,124.52,62.59,45.66,0.69,69.82,0.18
SIDM01580,2.49,663.49,296.79,3.38,6.13,9.64,28.99,4.52,31.02,49.87,0.17,0.08,691.59,61.87,60.94,6.85,116.64,0.04
SIDM01581,0.03,5.68,38.81,0.1,0.14,12.08,161.28,0.24,30.26,56.6,1.38,0.07,233.8,37.46,143.66,23.85,58.19,0.07
SIDM01582,0.03,2110.33,184.68,10.87,0.03,12.14,183.12,1.03,25.03,52.81,12.58,0.12,82.51,54.74,44.28,0.06,178.82,0.0
SIDM01587,0.0,361.54,1475.27,2.07,34.01,26.82,397.62,0.04,51.1,72.49,0.12,0.04,64.28,31.16,140.91,0.2,98.25,0.0
SIDM01588,0.02,6.3,38.68,11.14,2.56,12.95,41.46,3.4,34.99,30.12,27.49,0.02,91.76,14.21,72.65,0.29,41.86,0.0
SIDM01589,0.39,7.96,7.46,5.74,0.11,23.03,270.86,5.56,118.55,33.84,0.04,16.34,161.36,75.88,34.08,0.95,167.56,1.27
SIDM01590,5.19,294.9,349.53,1.63,15.49,7.95,54.3,3.94,29.85,46.14,0.0,0.04,227.83,46.47,60.5,1.51,97.25,0.0
SIDM01591,12.11,3.9,143.86,2.84,15.16,9.15,55.65,4.74,38.88,52.38,0.13,0.04,167.02,87.79,73.77,2.63,99.82,0.0
SIDM01593,0.07,218.21,40.58,14.76,1.35,9.22,308.38,5.54,25.64,45.01,234.91,0.03,44.6,14.1,59.6,0.76,19.89,0.24
SIDM01594,6.56,201.93,348.6,0.86,2.71,7.22,43.11,2.05,35.85,50.53,0.08,0.04,259.59,66.53,51.27,5.21,90.93,0.0
SIDM01596,14.66,162.12,65.45,6.86,17.89,23.6,31.94,2.62,40.52,45.62,4.89,0.04,289.5,47.88,81.04,21.98,82.3,0.04
SIDM01598,0.5,328.71,23.35,1.73,15.65,37.57,22.61,3.23,25.04,39.96,103.24,0.07,104.97,37.47,93.12,2.3,77.17,0.0
SIDM01602,9.31,51.01,150.61,9.94,5.17,17.03,209.77,1.46,31.04,52.8,3.91,0.0,88.9,33.79,176.05,2.32,64.32,0.03
SIDM01603,0.04,176.38,742.76,0.11,15.4,11.5,302.93,0.77,56.67,86.89,0.0,0.0,53.15,17.49,64.32,0.29,66.97,0.04
SIDM01604,0.0,221.04,1.8,14.01,17.64,8.05,173.23,7.2,40.37,77.32,41.57,0.18,69.38,42.17,68.74,0.14,61.75,0.07
SIDM01605,13.6,797.19,608.64,2.9,9.85,27.38,70.7,1.84,75.7,64.31,1.14,0.18,705.29,60.45,117.27,1.69,68.24,0.04
SIDM01606,0.04,169.86,1207.25,0.59,1.4,13.34,249.27,0.99,46.97,64.09,0.59,0.11,85.96,13.96,97.35,0.37,68.13,0.11
SIDM01607,2.27,65.34,18.16,2.24,11.19,3.59,73.81,1.41,24.87,39.13,53.87,0.17,48.39,34.42,76.25,1.03,66.32,0.06
SIDM01608,0.09,3.47,62.04,9.15,2.21,5.86,110.94,4.36,17.78,30.1,0.03,0.39,163.6,76.18,36.58,0.06,92.02,0.0
SIDM01609,0.0,16.6,152.81,47.13,7.37,5.11,143.32,3.8,58.62,32.1,0.03,0.05,45.18,14.86,32.45,0.0,38.83,0.0
SIDM01611,0.03,17.75,58.57,11.83,12.64,6.86,95.34,3.75,22.36,26.08,4.17,0.08,16.58,22.86,21.52,0.08,53.54,0.03
SIDM01612,0.0,1.8,346.15,9.34,7.1,17.29,107.68,5.33,57.17,47.1,0.0,0.0,37.84,18.37,40.26,0.29,80.9,0.0
SIDM01613,8.11,99.09,68.77,4.52,6.09,23.18,21.37,3.79,19.42,39.15,0.03,0.03,261.48,109.56,79.21,0.77,110.92,0.03
SIDM01614,0.03,5.14,706.93,8.98,5.27,16.27,364.45,0.73,33.64,51.67,0.17,0.07,53.49,17.63,24.43,0.7,56.14,0.03
SIDM01615,8.89,1097.92,568.64,0.9,34.32,7.87,48.71,1.32,24.82,44.22,0.08,0.04,124.34,40.0,35.41,0.49,65.28,0.0
SIDM01616,6.51,37.97,116.17,0.74,8.4,43.23,6.18,0.93,34.12,28.9,0.0,0.15,124.5,91.82,74.02,0.41,60.99,0.07
SIDM01617,0.04,44.33,62.36,136.45,331.29,7.44,53.13,2.04,14.99,56.92,9.55,0.07,147.9,38.46,79.64,0.14,32.31,0.18
SIDM01618,0.04,9.38,1.04,3.95,0.11,52.25,499.8,20.02,47.69,52.04,0.4,0.0,48.66,38.6,48.73,0.5,96.24,0.07
SIDM01619,0.04,19.3,490.25,4.1,20.03,14.11,219.95,5.1,43.62,111.52,0.19,0.19,89.79,38.98,82.33,4.6,25.37,0.0
SIDM01622,0.03,577.12,177.5,4.72,0.63,3.92,478.65,1.66,57.71,58.16,0.8,0.06,42.94,14.03,122.28,0.0,37.21,0.0
SIDM01624,0.03,65.0,288.34,3.47,5.38,33.74,339.97,1.52,39.02,31.39,0.03,0.03,151.22,17.56,89.29,1.85,75.3,0.0
SIDM01628,0.05,362.31,25.12,7.23,7.07,7.31,166.13,3.02,17.83,25.49,87.71,0.03,20.31,28.96,57.01,0.11,68.54,0.03
SIDM01629,3.36,60.52,128.33,8.05,4.06,3.04,89.76,5.02,21.25,39.43,1.02,0.48,56.43,51.38,70.01,0.03,80.18,0.03
SIDM01635,9.65,636.41,56.85,33.18,3.23,16.03,27.07,3.78,39.18,43.63,374.06,0.24,80.87,149.2,157.12,0.17,0.42,0.0
SIDM01640,0.07,1.82,28.65,0.47,279.15,13.24,927.86,1.82,45.78,43.55,0.0,44.43,35.78,27.2,96.83,3.34,90.65,0.2
SIDM01657,0.0,4.38,0.68,15.99,0.25,11.05,982.68,0.43,32.19,67.95,26.01,0.09,6.95,39.95,32.44,0.09,36.47,0.0
SIDM01658,0.0,1.16,7.22,9.34,2.54,21.38,634.86,0.55,55.36,43.09,0.06,4.59,29.19,48.39,21.93,0.1,18.53,0.0
SIDM01659,0.24,63.08,142.57,12.82,2.63,25.41,193.47,2.11,28.2,71.05,0.12,0.76,524.33,192.15,91.68,2.03,103.27,0.0
SIDM01660,1.63,1.29,93.77,2.0,0.18,10.46,100.41,1.69,23.82,25.9,0.26,0.11,58.28,13.07,23.42,0.11,40.13,0.0
SIDM01662,0.02,2.82,0.83,12.03,0.07,14.9,887.87,1.51,21.44,45.15,0.07,0.27,17.97,28.27,17.75,0.07,25.19,0.02
SIDM01664,85.71,9.9,1.75,0.3,242.08,1.04,221.08,0.67,48.1,51.12,0.04,0.19,57.52,32.91,54.06,0.0,0.22,0.0
SIDM01667,0.0,12.35,1.21,17.01,0.03,12.8,361.97,42.01,85.43,40.48,0.03,75.69,43.67,30.17,22.79,0.0,107.01,8.17
SIDM01668,0.5,18.7,0.92,0.54,22.96,3.42,1.42,3.92,2.0,60.16,176.01,0.17,85.67,45.92,118.32,0.96,0.54,0.33
SIDM01672,0.0,38.12,1.04,6.96,27.0,2.5,132.54,5.65,61.16,48.81,0.31,0.35,61.96,27.27,21.54,0.19,0.54,0.5
SIDM01675,0.0,36.42,0.69,7.03,51.66,4.13,0.74,0.12,29.39,68.87,54.16,0.12,68.42,61.6,94.38,1.76,8.34,0.49
SIDM01676,0.09,174.8,5.87,0.09,2.19,8.51,19.12,0.09,9.44,41.71,0.33,0.3,25.02,25.29,109.98,0.57,20.83,0.39
SIDM01679,21.32,10.35,1.43,3.44,12.86,2.01,4.02,6.6,12.36,53.19,13.17,0.39,38.04,49.13,88.95,0.31,0.35,1.74
SIDM01682,0.0,2653.79,65.09,77.79,36.01,17.81,231.9,0.97,21.92,50.43,50.54,0.14,50.71,86.05,59.19,1.07,99.28,0.04
SIDM01685,0.0,4.28,1.31,93.85,0.04,106.12,262.91,21.42,49.2,72.63,0.04,80.11,39.05,37.39,27.9,0.0,107.94,0.23
SIDM01686,0.0,5.92,5.51,79.3,0.19,61.49,525.31,11.13,56.44,55.53,0.04,94.84,48.96,59.29,42.31,0.0,143.64,36.8
SIDM01689,0.0,100.38,0.73,79.48,0.17,80.63,472.24,14.22,34.7,58.75,0.14,45.68,85.17,52.63,34.08,0.03,134.24,30.23
SIDM01690,0.0,1.6,1.47,18.25,0.1,28.81,427.75,12.87,67.25,69.79,0.1,35.9,59.83,99.67,29.14,0.07,26.74,0.47
SIDM01691,0.03,32.78,20.23,4.61,212.26,23.62,1018.13,9.59,47.08,45.93,0.03,217.54,28.3,24.77,68.16,6.69,79.23,0.13
SIDM01692,0.21,9.0,17.8,26.35,116.71,80.02,277.7,0.81,63.03,35.7,0.14,0.88,489.67,36.05,36.37,2.35,57.46,40.19
SIDM01693,0.12,4.53,2.09,67.39,0.04,64.11,272.24,17.45,162.26,72.19,0.12,142.87,62.56,80.39,28.47,0.0,161.48,8.32
SIDM01694,24.11,1.83,2.48,60.93,0.27,61.2,239.3,2.6,238.39,64.64,0.11,97.0,60.74,46.15,37.25,0.0,170.0,3.9
SIDM01695,24.17,2.39,21.85,4.65,164.65,19.82,336.02,6.52,49.21,48.67,0.06,157.58,56.51,68.38,60.06,1.1,154.91,0.0
SIDM01696,1.56,288.8,235.11,1.68,28.94,28.45,218.56,9.69,67.77,71.73,0.11,0.0,159.83,38.21,239.3,0.53,129.7,0.0
SIDM01697,1.21,265.88,148.5,7.5,1.44,8.58,36.79,3.86,24.84,48.69,0.04,0.0,713.4,81.48,61.85,6.11,113.91,0.0
SIDM01698,7.48,533.64,198.32,4.26,5.67,20.76,42.77,2.19,27.77,54.33,0.09,0.04,1054.76,55.62,60.61,39.76,75.05,0.04
SIDM01699,1.68,16.26,171.35,4.31,3.68,6.31,35.51,4.63,23.16,50.46,0.05,0.0,297.65,63.67,61.08,12.49,122.03,0.0
SIDM01701,2.97,227.27,128.33,0.85,4.16,3.86,38.01,2.38,17.76,36.56,0.04,0.04,77.69,22.89,45.03,2.19,39.09,0.0
SIDM01702,7.25,2.11,131.2,4.7,8.79,6.46,60.15,4.88,31.09,49.6,0.04,0.0,130.19,107.99,57.2,2.2,95.81,0.0
SIDM01703,2.02,359.13,186.46,3.18,2.92,8.63,30.84,5.46,28.39,49.22,0.04,0.04,510.54,110.3,64.73,30.15,98.15,0.0
SIDM01704,8.23,410.35,134.82,2.93,0.09,16.45,40.4,3.53,22.91,55.95,0.0,0.0,318.87,90.93,64.87,13.14,62.54,0.0
SIDM01705,1.58,405.11,126.45,4.82,2.94,12.03,50.56,0.22,18.18,49.06,0.0,0.04,389.76,101.5,57.37,2.83,82.03,0.0
SIDM01709,1.34,279.31,241.2,2.73,2.57,10.82,43.8,1.62,19.27,52.33,0.04,0.04,750.84,69.79,54.7,4.42,86.53,0.0
SIDM01710,11.53,888.59,347.85,0.33,24.84,23.24,42.15,1.93,24.32,50.83,0.04,0.07,174.35,75.22,61.87,0.33,98.83,0.0
SIDM01724,1.49,386.24,458.86,5.59,1.96,7.3,36.74,6.66,38.96,54.57,0.04,0.0,281.62,55.77,50.56,2.56,143.03,0.0
SIDM01725,11.65,238.83,479.23,0.23,46.98,9.73,75.65,1.65,32.46,54.42,0.04,0.08,177.47,63.04,52.23,0.34,95.69,0.0
SIDM01726,2.22,68.56,218.76,0.97,4.36,7.55,27.54,1.66,28.43,48.94,0.0,0.0,829.59,60.36,38.0,24.15,97.11,0.0
SIDM01727,0.04,18.2,31.7,7.59,177.43,54.33,466.79,8.35,39.29,52.53,0.08,88.81,73.73,21.02,83.28,1.2,67.45,0.08
SIDM01728,0.04,512.93,225.74,16.82,12.26,45.72,80.01,2.79,40.15,49.73,0.76,0.11,96.76,67.35,67.82,0.72,89.7,0.0
SIDM01729,5.0,84.43,49.77,20.4,5.14,3.37,3.41,0.04,24.62,39.66,0.14,0.25,117.89,27.35,50.09,0.14,80.35,0.04
SIDM01730,0.0,665.45,37.6,5.65,5.47,23.48,236.79,2.61,33.81,55.25,1.72,0.07,99.17,33.38,27.2,0.11,175.86,0.0
SIDM01734,0.18,16.52,15.2,35.38,2.95,90.23,96.3,1.17,57.3,48.35,2.38,0.0,310.19,73.25,120.85,16.66,84.97,17.94
SIDM01739,0.0,14.68,0.88,0.11,3.78,6.7,10.97,0.0,21.98,42.97,135.24,0.11,62.34,24.94,52.99,0.11,3.35,0.04
SIDM01741,1.04,745.77,408.51,2.33,2.13,10.09,60.37,5.38,29.22,54.15,0.04,0.0,390.37,81.25,48.61,2.92,123.57,0.0
SIDM01743,7.76,533.52,308.71,1.26,8.01,6.97,42.27,1.41,16.14,32.27,0.04,0.14,100.28,33.25,29.78,0.43,91.36,0.0
SIDM01746,9.76,2628.25,650.05,2.76,4.04,25.08,74.72,3.88,29.52,49.64,0.04,0.12,125.56,91.04,58.92,0.24,124.96,0.0
SIDM01749,0.97,1114.91,375.93,1.08,3.71,11.14,46.89,2.21,22.13,46.86,0.04,0.04,458.07,53.94,38.92,10.83,89.57,0.0
SIDM01750,0.34,221.28,31.7,3.59,10.98,3.52,94.89,4.0,25.27,29.68,0.41,0.68,127.89,37.51,34.4,0.03,64.97,0.0
SIDM01752,6.44,45.13,10.55,10.25,7.65,6.83,75.28,0.82,36.11,23.03,29.14,0.41,49.32,29.75,70.29,2.39,63.25,0.08
SIDM01753,0.0,277.56,72.15,8.11,28.8,5.65,119.6,5.42,20.69,52.48,12.22,0.23,68.9,21.54,29.49,0.03,150.21,0.03
SIDM01756,1.73,8.2,22.69,4.73,248.02,30.71,1381.18,11.27,39.89,46.9,0.04,108.44,50.08,29.45,99.29,0.4,52.57,0.04
SIDM01757,0.03,10.44,164.47,9.34,5.53,39.9,13.6,0.0,13.4,29.91,0.17,0.06,59.31,35.83,28.78,1.58,11.17,0.03
SIDM01758,0.04,2.39,0.51,48.02,0.12,27.33,259.2,2.51,103.61,81.31,107.93,87.43,16.1,61.56,29.41,0.08,131.09,0.04
SIDM01759,0.31,1987.22,233.09,3.71,10.65,22.65,48.87,1.3,25.87,51.56,0.22,0.09,701.72,89.06,84.59,5.55,97.66,0.0
SIDM01760,0.21,560.51,11.88,2.13,8.34,5.39,56.32,4.67,36.57,47.49,698.94,0.17,130.05,44.71,54.43,0.03,62.67,0.52
SIDM01761,5.27,846.08,230.05,9.71,4.16,5.23,32.42,11.18,19.66,53.62,0.04,0.08,206.55,66.81,52.47,4.0,94.32,0.0
SIDM01762,8.99,951.42,64.68,13.27,17.92,14.61,271.07,2.91,38.24,49.91,5.95,0.07,54.39,33.8,28.82,0.47,82.23,0.0
SIDM01763,0.88,692.19,131.69,3.14,10.42,12.95,55.95,1.37,15.93,42.23,0.0,0.0,821.31,66.65,62.95,11.06,73.73,0.0
SIDM01764,0.0,4.77,191.99,11.96,8.77,23.29,133.92,5.61,47.17,58.73,0.33,0.0,376.35,91.3,82.97,3.26,129.19,0.0
SIDM01765,2.19,614.38,206.65,4.15,1.69,12.9,50.83,5.29,31.18,51.83,0.09,0.09,967.27,72.85,62.41,13.31,107.04,0.05
SIDM01766,12.03,33.94,249.61,6.16,2.98,7.32,87.68,3.02,27.0,37.25,0.17,0.08,166.44,65.94,96.78,1.98,56.1,0.0
SIDM01767,0.0,326.1,291.65,0.27,11.92,8.86,111.54,0.24,50.37,49.42,0.03,0.03,68.08,21.66,45.41,1.65,68.73,0.0
SIDM01768,0.04,50.72,96.84,13.99,0.99,3.16,35.85,6.77,50.87,40.64,0.53,0.0,85.55,38.59,75.55,0.0,69.12,0.0
SIDM01770,0.04,808.67,31.39,12.59,19.08,8.59,213.46,9.38,34.49,43.51,0.11,0.07,45.49,39.5,44.84,0.07,103.36,0.0
SIDM01771,0.03,158.91,59.28,5.76,16.06,4.12,41.16,3.15,7.05,50.04,0.32,0.58,27.51,41.77,56.67,0.06,62.53,0.0
SIDM01772,8.55,176.36,147.58,1.37,1.34,8.44,32.87,2.25,19.28,38.21,0.11,0.19,300.84,65.7,47.18,2.63,76.04,0.0
SIDM01773,0.0,4.29,8.23,11.56,1.11,20.78,649.89,34.92,142.87,57.5,0.06,94.74,19.32,39.49,31.29,4.8,321.64,5.15
SIDM01774,0.0,265.27,169.36,29.22,15.65,20.17,220.3,0.91,20.21,37.82,0.13,0.17,39.74,94.06,30.06,0.27,46.49,0.03
SIDM01775,0.0,1.41,0.78,24.93,0.18,8.84,178.96,17.54,62.03,43.75,0.07,45.62,45.69,48.98,124.32,0.18,97.3,0.78
SIDM01777,0.03,236.14,148.74,15.5,3.31,36.71,65.92,0.36,42.24,39.61,2.7,0.06,87.59,32.36,53.32,1.14,117.65,0.03
SIDM01779,0.0,12.02,106.76,23.2,32.63,58.01,122.33,5.81,33.07,71.33,3.27,0.18,376.08,99.54,101.93,1.56,93.95,0.04
SIDM01780,0.0,10.81,27.97,17.76,0.03,36.71,672.6,86.81,81.07,56.97,0.07,199.56,13.55,130.67,32.24,0.07,177.8,35.11
SIDM01781,0.0,228.74,17.06,4.3,0.03,7.41,201.46,2.62,32.66,34.54,64.93,0.19,57.13,24.28,61.11,0.0,115.78,0.03
SIDM01782,0.02,33.33,47.7,6.32,0.99,9.18,64.78,2.18,16.6,25.53,7.06,0.04,139.47,50.34,26.29,0.16,44.17,0.0
SIDM01820,0.03,121.04,43.88,15.9,1.26,15.77,175.5,0.18,31.51,31.9,0.03,0.05,34.96,10.35,39.88,0.05,104.12,0.03
SIDM01858,0.0,14.92,1.03,70.7,0.13,7.46,160.07,35.42,77.97,52.04,0.03,33.03,34.74,35.77,18.18,0.0,87.91,0.19
SIDM01859,0.04,2.28,1.98,49.47,0.11,6.61,258.39,9.19,47.97,71.81,0.22,0.3,70.98,50.62,28.17,0.07,117.72,0.04
SIDM01873,0.04,162.23,17.27,6.52,149.59,15.62,331.03,12.6,81.14,58.06,0.04,384.42,197.02,85.2,94.38,0.08,233.75,0.0
