AR,FOS,FOSL1,FOXO1,GATA2,IRF1,MYC,NFATC1,NFKB1,RELA,SOX2,SPI1,STAT1,STAT2,STAT3,STAT4,STAT6,TBX21
0.0,8.29,1.32,8.89,9.39,1.49,402.09,11.52,6.65,90.11,313.86,0.11,44.31,77.1,50.53,0.82,53.02,0.0
1.56,8.7,243.36,7.42,0.42,4.23,134.76,4.3,23.29,48.51,4.37,0.0,102.91,59.05,38.15,0.03,76.89,0.0
11.1,28.05,140.28,18.44,13.4,9.39,22.15,3.53,36.7,94.18,1.22,0.0,128.07,35.89,71.81,3.53,0.52,0.11
0.0,4.53,412.53,5.5,11.04,7.04,143.84,0.59,27.65,30.93,0.49,0.31,64.81,19.09,86.86,0.52,2.05,0.03
0.0,4.5,10.15,8.04,0.0,40.98,216.82,24.53,135.0,62.94,0.0,84.35,754.8,144.35,144.91,7.69,175.04,20.27
0.03,426.72,10.54,7.0,4.94,8.85,193.06,4.85,32.42,46.66,0.0,0.03,121.68,38.9,59.48,0.27,113.71,0.0
0.04,25.93,27.16,0.5,221.99,18.62,537.45,18.84,56.87,46.39,0.0,277.64,72.72,38.14,63.18,7.78,74.09,0.07
0.0,565.8,146.52,13.85,20.68,9.83,151.05,4.09,37.24,57.88,19.73,0.03,61.43,38.69,43.96,5.03,66.26,0.03
0.06,134.27,15.04,7.62,1.03,2.01,308.47,3.47,37.94,23.32,0.23,0.2,60.31,29.23,18.97,0.09,6.48,0.0
0.12,13.37,0.88,6.73,425.36,0.84,785.3,3.5,0.72,58.94,105.51,0.24,53.33,30.25,52.25,0.08,55.52,0.0
11.93,9.05,4.49,2.21,49.89,1.58,305.53,24.6,3.65,59.51,87.71,0.32,42.52,34.0,51.19,0.25,105.57,0.18
3.12,244.0,11.38,11.44,20.95,14.62,232.41,0.09,26.23,65.35,0.0,0.06,30.63,25.31,89.65,0.87,40.33,0.0
1.55,52.3,136.94,7.71,9.61,12.01,53.03,4.18,29.95,49.16,0.04,0.35,104.29,41.8,46.53,0.46,81.97,0.08
0.0,5.92,91.94,10.28,10.59,24.53,409.78,3.38,30.29,65.07,46.07,0.1,274.24,90.02,48.48,1.01,94.03,0.03
0.07,1171.11,122.65,27.02,14.08,55.71,187.41,3.25,38.22,64.24,14.56,0.0,143.53,85.72,122.17,8.54,88.94,0.0
23.31,106.2,417.46,2.13,16.52,6.6,88.6,8.2,33.23,55.3,0.07,0.04,92.67,124.25,54.56,0.75,163.11,0.0
0.0,120.53,12.38,9.66,8.76,14.63,603.54,0.79,46.05,31.18,89.07,0.0,45.67,17.11,65.16,0.17,82.83,0.0
0.03,129.57,8.11,21.5,12.46,8.74,113.74,3.4,30.83,45.63,81.66,0.1,70.22,41.24,210.51,1.81,68.68,0.0
0.07,433.1,120.98,2.42,29.34,51.86,52.64,0.41,42.58,81.61,0.0,0.04,248.74,73.15,169.15,3.32,87.09,0.11
0.0,316.51,71.59,11.43,17.03,10.39,725.55,0.03,32.46,49.96,0.0,0.09,114.62,21.97,30.13,0.69,81.44,0.0
9.14,11.66,499.83,4.82,22.4,9.44,253.89,1.87,32.88,79.33,0.11,0.15,46.83,29.59,96.15,0.8,78.14,0.08
16.51,361.13,126.35,32.73,4.18,7.54,116.12,16.18,26.14,67.04,22.02,0.35,92.71,74.1,79.76,0.19,0.35,0.0
2.9,43.3,173.01,8.08,41.13,13.85,49.87,4.21,37.36,80.74,5.7,0.14,198.56,112.06,123.14,0.62,106.26,0.24
0.43,366.56,45.78,8.08,34.78,56.38,86.54,3.23,63.91,113.75,73.97,0.08,263.66,307.89,177.19,1.85,214.33,0.0
0.0,11.07,711.08,14.92,8.67,16.1,194.73,7.6,49.26,62.62,0.38,0.1,86.21,68.31,48.6,0.45,45.31,0.0
10.81,25.82,1154.44,41.79,3.87,21.08,44.83,0.0,116.4,74.15,0.08,0.12,80.84,68.41,68.53,2.0,124.26,0.0
0.5,8.47,85.48,7.07,0.22,2.12,122.07,5.03,23.09,35.47,0.39,0.36,110.58,57.3,74.0,0.11,38.27,0.0
0.02,42.64,155.96,2.7,2.0,8.21,106.53,1.35,23.71,70.33,33.5,0.05,115.62,30.83,67.14,0.28,67.75,0.02
0.03,125.14,18.81,14.81,0.18,15.63,156.75,0.29,23.87,57.9,0.06,0.0,34.85,19.19,31.49,0.06,97.27,0.0
0.07,1.55,0.85,26.62,0.04,69.24,122.41,0.0,79.5,105.17,0.0,0.0,85.57,68.79,45.48,0.67,175.72,0.42
19.66,9.92,301.88,6.89,14.86,19.06,137.86,5.92,32.27,68.37,11.98,0.0,133.48,60.2,120.33,0.6,70.76,0.11
0.16,19.98,39.89,3.95,0.28,3.73,88.21,1.63,33.74,27.0,0.22,0.44,160.84,78.9,41.55,0.06,77.71,0.0
0.0,787.7,371.09,11.67,17.02,19.48,207.35,7.73,26.86,179.24,7.46,0.23,378.08,110.21,67.03,1.17,118.88,0.0
0.0,317.27,210.36,22.88,59.39,26.41,90.78,4.43,20.49,58.01,4.15,0.03,91.99,29.94,56.21,3.74,66.87,0.0
0.0,4.05,760.68,1.93,24.01,7.23,111.17,1.97,28.07,51.93,0.11,0.0,165.65,22.63,134.63,0.22,32.48,0.62
0.0,2.64,76.11,0.59,4.75,24.44,179.82,6.03,97.5,76.91,195.0,0.0,296.15,103.29,192.89,2.67,86.27,0.0
6.56,3.24,283.94,2.67,25.99,9.55,87.69,5.26,29.27,52.87,0.22,0.0,124.63,95.08,103.55,2.49,52.84,0.04
0.74,13.66,256.58,5.9,5.31,8.02,127.55,9.8,18.15,58.34,11.58,0.04,112.48,158.24,79.38,0.3,79.94,0.0
0.0,80.59,65.3,5.39,63.68,12.23,94.57,11.36,35.94,31.47,0.29,0.08,100.99,37.19,116.08,0.29,47.01,0.12
2.09,27.01,635.05,6.27,2.25,7.96,230.16,9.85,60.56,87.05,0.0,0.0,109.23,198.45,126.51,0.88,146.85,0.0
2.89,18.67,246.55,7.01,12.7,9.38,217.81,4.64,21.76,33.57,0.06,0.0,80.17,113.52,87.67,0.84,129.91,0.0
6.64,1.16,380.05,14.02,8.24,6.25,181.87,3.34,14.34,51.16,0.0,0.04,149.7,153.3,54.46,0.69,92.08,0.04
0.04,4.07,144.33,5.13,4.49,47.99,291.53,4.24,44.95,67.45,0.04,0.0,100.69,157.14,153.53,3.11,122.16,0.04
34.01,40.64,363.69,23.76,8.5,13.84,172.74,2.42,21.22,53.81,652.97,0.08,77.36,50.9,176.11,1.71,0.21,0.0
0.04,2.44,177.65,12.24,3.12,11.83,161.09,4.62,40.53,62.31,0.34,0.11,171.15,67.83,53.03,3.79,160.3,0.0
0.0,6.95,346.49,4.17,3.34,17.49,266.0,7.88,39.83,41.76,0.1,0.03,477.54,21.31,64.79,13.56,75.22,0.0
0.0,32.03,47.37,4.47,30.98,51.84,59.17,1.97,35.23,78.87,0.19,0.07,73.21,65.65,117.12,0.52,58.91,0.04
0.17,42.1,376.33,5.94,5.84,17.66,975.15,7.3,26.33,97.32,145.56,0.03,207.46,69.69,70.79,3.49,73.38,0.0
0.0,108.75,33.13,25.63,11.88,10.05,194.28,4.52,66.97,55.02,0.11,0.07,160.69,50.89,51.07,0.18,168.94,0.0
0.0,2.39,620.74,3.83,23.89,15.78,125.74,1.97,48.94,84.78,0.0,0.04,142.05,40.54,152.59,5.27,55.62,0.04
0.0,0.15,0.99,0.18,0.73,33.74,289.83,21.0,28.96,47.18,0.0,0.04,70.04,22.17,70.33,0.47,49.15,0.15
0.22,68.15,12.52,5.96,0.09,0.98,156.87,5.68,18.04,49.64,0.13,0.06,30.31,31.38,20.78,0.25,91.17,0.0
0.0,342.46,34.37,18.9,143.21,66.82,62.18,1.77,30.53,71.59,88.48,0.04,113.22,124.74,82.99,1.0,110.84,0.0
0.0,1106.39,38.63,59.08,6.58,81.58,185.87,7.34,45.31,129.83,384.52,0.04,293.5,182.85,282.49,3.34,118.17,0.0
0.0,38.08,445.58,6.41,0.0,4.83,237.23,0.05,18.51,72.4,4.58,0.15,13.05,58.99,23.25,0.0,68.16,0.0
0.0,392.6,23.82,13.82,64.87,16.17,222.75,0.11,27.75,56.91,0.84,0.0,111.11,25.86,41.15,0.46,133.08,0.0
0.26,204.18,36.66,1.87,5.76,4.7,209.23,2.09,17.19,51.47,51.57,0.03,68.73,38.56,38.66,2.25,82.31,0.23
5.7,0.49,0.19,0.41,0.34,47.15,459.92,13.84,5.7,51.35,0.04,0.0,55.17,29.71,97.22,6.9,50.75,0.08
0.42,556.23,26.18,23.31,7.05,42.17,532.85,10.24,54.59,73.72,0.04,0.04,697.03,184.47,140.23,0.35,111.78,0.0
0.13,398.22,110.27,22.64,2.05,9.72,254.33,9.78,32.76,66.51,252.51,0.07,32.72,70.01,47.53,0.73,110.41,0.53
0.0,3.92,0.11,14.86,10.21,3.11,0.81,1.35,29.17,76.67,0.11,0.26,35.72,27.92,28.47,1.28,19.98,0.04
0.0,0.52,0.28,11.0,166.95,2.15,1.36,7.89,6.46,35.47,4.74,0.12,39.18,29.21,36.23,0.56,1.12,0.0
0.0,275.34,103.56,33.24,7.15,55.49,417.43,4.87,52.94,158.06,1.26,0.08,115.8,140.94,159.96,7.95,83.44,0.04
1.71,42.4,122.77,29.92,22.91,37.53,215.92,0.59,23.05,54.94,0.04,0.04,233.63,85.35,93.18,2.38,73.28,0.0
0.39,8.7,86.85,29.93,9.3,3.37,65.2,4.7,29.27,55.55,5.68,0.6,102.04,56.39,57.94,0.39,89.1,0.0
0.04,1.46,568.51,1.23,2.43,6.32,116.41,5.62,30.55,59.52,5.78,0.19,193.19,57.09,59.9,0.58,0.31,0.0
0.0,20.44,170.05,14.33,6.14,3.54,23.04,3.98,32.27,34.02,13.03,0.19,136.47,48.06,50.25,0.56,71.1,0.0
16.22,6.84,167.67,78.96,2.76,16.83,150.56,7.4,55.44,46.66,2.09,0.07,131.46,83.04,146.34,0.96,114.39,0.0
0.69,26.74,472.4,3.28,58.65,10.83,115.66,1.09,31.44,67.41,0.0,0.04,77.62,81.63,105.93,0.62,71.02,0.0
0.0,7.22,321.05,9.62,0.0,32.5,166.89,17.16,46.62,94.38,0.18,0.07,170.68,32.28,223.31,0.0,36.61,0.18
6.17,4.23,0.4,58.91,42.97,3.96,3.2,2.73,15.19,47.64,43.36,0.0,79.49,30.15,58.72,0.87,0.16,0.16
0.0,76.46,113.04,7.98,15.67,3.09,88.94,5.94,34.12,71.19,12.37,0.6,87.5,124.32,139.33,0.25,97.86,0.04
1.19,256.68,58.67,26.77,4.12,2.69,178.95,12.18,42.44,43.35,2.13,0.21,74.76,50.23,88.69,0.17,70.99,0.0
3.18,53.22,68.71,0.43,9.14,23.74,214.58,2.85,20.08,38.68,0.03,0.29,1065.41,81.12,65.7,29.21,138.83,0.0
4.18,6.55,188.26,23.35,0.55,20.02,130.98,5.59,62.76,63.53,0.06,0.18,165.72,26.32,198.43,2.88,109.9,0.04
6.87,0.8,144.23,4.16,3.23,29.45,189.29,2.71,56.26,50.12,0.07,0.14,595.3,54.84,99.1,1.49,128.97,0.0
0.24,98.37,311.02,18.33,8.14,10.98,125.17,0.84,26.63,95.32,3.46,0.22,549.22,198.64,145.1,0.73,59.91,0.18
1.45,57.08,87.88,15.7,4.28,3.08,235.32,4.28,16.93,45.31,5.79,0.13,59.94,46.54,101.35,0.16,102.51,0.0
0.0,8.91,188.77,6.74,1.92,21.79,141.93,6.42,24.98,64.54,0.32,0.28,97.93,60.36,46.62,0.89,37.29,0.0
0.03,480.88,51.12,8.07,22.06,8.04,165.28,8.13,37.6,53.34,0.0,0.06,69.45,19.37,40.01,0.06,87.38,0.0
0.04,53.27,2.91,19.31,9.95,4.0,326.39,12.65,16.15,51.98,169.0,0.37,48.07,40.58,63.46,1.75,51.4,0.08
1.28,17.9,3.54,8.18,55.77,1.61,337.65,19.54,19.58,35.97,101.72,0.26,44.59,39.41,46.35,2.99,47.81,0.0
1.11,18.54,1.85,2.6,10.84,0.93,336.84,10.2,1.64,38.29,369.64,0.18,36.94,28.2,38.44,1.18,47.99,0.04
20.36,120.07,1.61,34.27,57.02,7.05,184.1,12.02,21.34,52.24,81.03,0.04,168.28,60.58,100.76,1.06,81.26,0.08
33.97,123.88,827.48,21.64,0.12,35.62,366.17,0.0,28.27,103.61,0.04,0.02,128.11,44.62,69.48,0.18,26.38,0.02
0.09,16.39,2.66,11.6,55.57,1.71,265.33,13.58,11.98,42.6,242.29,0.83,50.1,69.56,43.9,2.95,81.19,0.0
9.71,85.37,0.43,20.55,47.46,2.14,188.3,20.2,17.09,51.0,31.89,0.31,61.41,82.38,105.45,0.47,254.49,1.36
0.59,27.84,1.62,37.87,5.74,1.81,429.3,4.16,5.15,54.32,182.4,0.43,79.57,29.6,89.25,2.34,30.87,0.0
13.38,12.7,1.52,3.47,4.51,0.72,372.63,1.32,3.39,59.03,60.03,0.08,64.94,37.34,67.46,1.64,59.99,0.04
3.37,110.42,198.35,14.18,6.98,19.83,232.73,1.58,29.35,52.13,0.04,0.17,99.36,47.89,62.15,1.41,0.29,0.0
14.87,46.23,883.68,5.71,6.51,15.12,43.5,5.92,28.47,84.99,76.85,0.08,106.91,62.15,105.36,0.88,0.59,0.13
13.04,613.19,130.56,44.71,1.11,16.09,47.8,1.27,23.23,70.23,234.56,0.32,85.1,118.63,127.66,3.29,97.62,0.0
1.85,64.54,127.31,10.79,5.58,20.82,21.8,1.13,28.37,70.09,0.04,0.19,291.97,130.86,102.0,1.17,6.0,0.23
1.67,2.45,0.64,77.14,0.07,58.53,745.39,9.75,44.83,66.57,0.04,48.07,31.56,46.29,57.21,0.04,148.65,2.28
0.0,385.06,23.49,9.92,12.48,7.41,253.36,5.26,35.33,38.03,0.0,0.0,120.34,35.2,55.65,3.34,91.78,0.0
0.0,49.51,1.77,13.28,0.0,11.6,125.66,0.68,17.71,15.75,0.03,0.0,52.03,27.4,33.7,0.05,136.28,0.0
1.7,9.27,5.57,15.32,0.0,5.11,243.68,0.03,34.57,36.37,0.07,0.0,48.62,25.01,34.51,0.46,59.59,0.0
1.52,0.04,223.78,10.1,35.91,6.48,393.42,3.28,10.65,96.1,0.0,0.04,31.02,98.42,60.74,0.21,24.75,0.04
0.0,34.72,0.12,1.33,1.12,8.61,3.49,0.29,19.13,42.91,647.38,0.25,46.2,38.63,81.62,1.12,0.46,0.04
1.65,7.4,9.4,10.27,21.68,15.26,481.03,4.09,26.12,38.98,0.04,0.08,136.9,116.91,198.62,0.51,120.85,0.0
1.61,6.23,379.68,2.79,10.83,10.33,35.27,7.5,35.19,49.42,74.21,0.0,90.2,49.23,80.52,0.23,49.96,0.0
19.23,8.67,67.36,4.07,7.2,3.47,143.51,0.0,14.63,84.59,0.11,0.04,83.43,67.51,63.63,1.17,2.15,0.0
0.0,2.54,0.41,1.09,15.42,1.91,452.01,7.48,13.66,47.23,1.42,0.07,35.85,42.51,53.85,0.67,51.83,0.04
3.41,5.63,298.36,2.19,0.1,37.0,225.95,8.05,47.48,74.71,0.13,0.0,705.38,60.02,70.77,0.78,78.33,0.0
0.0,21.61,332.09,15.77,1.72,14.67,111.94,2.41,32.81,76.17,0.29,0.07,130.3,28.98,61.17,0.26,58.94,0.0
0.35,0.46,0.07,23.55,0.0,26.27,308.66,15.96,31.36,49.61,0.0,0.0,135.63,83.34,40.79,3.74,88.35,56.99
0.0,1.11,0.29,46.18,0.0,5.55,559.44,0.21,11.96,25.2,3.11,0.07,32.68,17.93,36.62,0.11,1.22,0.0
0.07,32.43,65.03,35.77,26.45,17.09,122.11,7.28,72.56,63.41,7.1,0.07,66.82,53.07,88.35,3.02,100.13,0.04
60.03,1.26,1.43,1.5,23.87,0.79,63.65,1.67,24.76,60.85,1.88,0.03,65.02,56.72,145.88,0.03,0.27,0.0
0.09,6.09,8.68,20.96,39.75,7.84,99.04,20.03,6.03,40.65,4.51,0.05,51.58,36.35,23.38,0.24,40.79,0.42
0.44,71.35,22.99,11.45,3.67,1.26,66.4,4.42,4.48,18.03,296.89,0.03,53.49,20.31,86.06,0.07,16.64,0.17
0.0,8.37,26.84,14.72,91.37,4.6,833.0,3.16,12.49,48.22,0.07,0.14,52.14,19.67,79.15,0.07,11.94,0.07
0.03,4.82,4.89,16.64,32.19,4.53,1407.44,5.55,15.85,29.24,11.65,0.3,30.81,11.98,26.68,0.13,0.13,0.07
0.58,402.93,114.4,8.17,0.11,12.81,254.52,1.94,55.56,43.43,43.18,0.11,452.69,162.04,83.7,0.11,168.12,0.0
4.04,25.26,794.41,14.52,10.44,28.17,126.02,0.04,23.86,101.27,0.07,0.0,162.46,45.01,89.06,3.2,99.36,0.11
0.04,1.0,0.12,2.76,162.64,0.56,0.44,0.08,16.83,49.32,2.28,0.08,32.33,8.21,35.5,2.52,0.28,0.76
11.4,1.22,6.24,0.32,14.09,2.19,0.39,4.16,24.6,59.62,0.04,0.04,75.22,28.58,40.41,0.11,44.82,0.0
0.04,14.38,0.19,1.6,211.58,1.86,1.26,0.0,6.05,45.53,0.04,0.11,53.48,16.85,21.15,0.46,2.78,1.03
0.0,8.32,0.36,0.78,403.68,1.69,0.19,0.03,12.41,33.53,14.46,0.23,27.52,8.02,40.61,1.3,0.29,0.1
2.05,1.0,0.11,5.09,554.65,0.93,0.07,0.0,7.4,33.95,0.04,0.15,64.48,17.25,36.33,0.97,2.42,0.04
0.0,3.29,9.99,24.23,78.7,1.42,1352.52,0.0,15.34,40.84,1.81,0.25,79.34,38.0,30.85,0.21,73.64,0.0
0.0,9.68,0.33,1.79,149.32,16.81,0.04,0.15,19.07,43.55,0.37,0.15,15.71,18.6,51.95,1.35,42.16,0.04
0.0,118.18,117.18,10.96,29.85,21.27,257.13,2.26,37.59,84.76,0.08,0.0,173.63,56.87,33.72,0.31,109.75,0.0
12.52,27.37,5.93,11.97,108.78,3.64,213.27,6.66,16.34,79.38,270.41,0.4,34.83,55.65,81.6,1.82,65.07,0.8
13.44,23.01,7.81,13.54,3.31,2.18,132.94,5.91,12.49,36.3,465.55,1.72,131.74,34.97,43.34,0.56,87.77,0.0
22.54,8.94,4.0,12.62,50.91,1.59,264.28,7.68,5.31,67.57,118.4,0.08,70.72,75.53,87.5,2.86,58.79,0.04
2.1,202.21,19.45,9.27,77.05,3.6,198.15,8.9,16.15,46.34,6.2,0.08,121.25,36.91,36.65,1.54,89.9,0.0
16.99,140.88,1.9,7.55,5.92,0.43,400.75,2.59,7.35,70.75,288.19,0.31,32.78,44.66,49.08,2.01,94.25,0.04
5.49,120.93,15.58,12.99,21.11,2.84,91.92,7.59,14.22,48.05,383.44,0.11,63.75,43.04,67.06,0.58,46.12,0.02
0.07,16.78,36.96,6.98,10.58,5.7,245.67,1.11,10.94,54.16,0.69,0.03,55.57,28.18,47.54,0.36,88.14,0.03
38.77,87.27,3.95,11.68,58.34,15.83,279.09,2.44,21.6,74.69,152.36,0.08,77.83,51.91,122.17,0.98,86.74,0.0
0.61,1015.5,51.45,18.4,11.41,38.28,342.04,2.44,15.55,45.88,108.49,0.19,166.26,80.85,128.72,6.19,14.72,0.45
6.12,235.04,19.73,6.78,3.86,32.63,481.46,0.06,12.05,41.66,0.24,0.09,74.08,35.91,99.17,2.38,64.32,0.09
23.89,5.08,107.52,6.25,29.38,24.54,69.63,0.03,25.33,83.74,0.45,0.0,101.0,86.48,99.45,8.0,81.03,0.0
1.28,13.89,19.92,6.36,5.74,23.54,1016.3,42.65,48.87,48.06,0.07,384.49,39.87,49.6,51.57,0.15,161.54,0.04
0.0,96.22,741.92,20.54,23.82,29.74,245.19,3.0,67.78,105.85,6.0,0.07,113.83,57.94,109.66,4.55,58.54,0.07
0.0,0.63,0.17,68.37,0.0,16.62,270.73,20.69,67.97,49.39,0.77,81.29,24.76,48.75,32.07,0.63,134.28,0.37
0.0,0.8,0.32,0.12,111.3,0.6,0.16,0.04,9.82,34.51,0.04,0.16,14.55,15.79,35.79,1.56,1.0,0.2
0.0,0.34,0.51,44.36,0.0,24.1,415.85,32.38,51.01,41.2,0.0,69.07,29.05,78.47,14.53,0.0,80.41,6.35
0.0,0.51,0.81,154.23,0.0,59.36,488.84,25.63,97.64,66.09,0.0,155.38,77.07,43.99,32.32,0.0,50.37,1.15
0.57,90.56,79.19,17.19,12.54,2.37,145.46,9.28,27.96,70.67,4.69,1.01,93.95,76.69,101.2,0.03,171.3,0.0
0.08,4.75,0.38,12.54,12.62,12.01,1.86,3.23,13.68,60.24,144.78,0.23,77.16,37.4,32.8,1.41,0.42,1.37
0.87,7.33,0.14,0.25,24.2,2.38,1266.1,3.76,4.44,30.05,7.44,0.04,21.42,18.45,47.34,0.25,0.33,2.89
0.0,4.43,2.29,10.72,68.21,8.0,340.47,15.94,8.58,31.66,0.04,0.11,43.84,38.23,32.62,0.11,2.86,0.07
0.0,4.93,1.72,20.47,42.81,5.62,3.02,0.0,17.02,70.65,35.77,0.11,76.93,20.04,58.83,1.72,5.05,0.08
3.97,93.02,27.92,7.66,9.05,20.41,312.53,0.89,23.64,56.95,120.88,0.0,45.0,39.22,95.3,6.19,75.48,0.03
11.21,31.34,153.45,1.99,12.93,16.2,153.82,2.74,28.38,54.62,0.0,0.07,807.43,179.13,144.11,4.91,89.56,0.0
0.03,25.66,17.58,20.76,8.25,1.45,331.31,4.6,14.61,24.51,578.45,0.1,54.58,39.43,29.62,0.07,47.61,0.07
13.99,7.45,565.72,3.04,1.93,13.17,205.14,3.82,57.0,66.7,0.0,0.0,97.41,40.48,79.94,0.79,102.06,0.0
0.03,124.18,98.65,17.3,37.24,13.56,212.05,6.17,20.54,68.49,1.57,0.1,372.25,79.68,44.91,0.17,41.74,0.1
0.0,7.05,25.27,3.39,305.66,11.52,652.96,8.28,49.05,66.61,0.04,34.78,71.61,22.07,90.8,3.5,45.22,0.0
0.0,1.98,24.95,10.34,24.99,8.99,95.07,3.25,22.12,50.13,0.08,0.04,94.99,113.9,138.81,0.19,88.87,0.0
11.08,59.23,68.42,3.61,52.15,34.32,162.71,7.58,41.43,62.38,0.5,0.07,332.93,52.9,189.95,1.39,93.94,0.04
7.88,6.37,642.3,7.53,24.76,36.87,220.93,4.89,37.53,81.32,0.04,0.04,200.79,121.33,160.23,0.39,55.97,0.08
0.08,169.13,607.99,0.15,5.07,27.23,63.71,3.21,20.77,69.09,0.08,0.23,65.61,70.37,97.21,0.46,58.18,0.04
1.85,0.28,296.98,1.18,3.46,22.35,123.91,7.63,58.44,68.23,0.04,0.16,278.92,24.91,107.58,0.55,107.27,0.04
7.02,40.1,1188.29,12.28,18.02,41.05,43.42,4.75,50.88,127.13,1.83,0.22,182.83,75.99,67.18,1.79,91.96,0.04
0.0,88.54,0.41,3.48,4.92,18.91,4.81,2.01,30.38,37.51,68.06,0.03,78.06,37.38,81.14,0.1,0.48,0.0
0.0,0.11,0.19,85.53,0.0,63.29,1284.85,22.95,48.07,71.2,0.07,79.98,56.62,37.5,36.45,0.11,88.9,0.0
0.0,2.46,0.25,22.45,82.17,1.76,0.04,0.0,12.04,54.37,16.75,0.04,25.37,20.13,38.78,0.95,0.32,0.11
1.09,284.93,53.29,8.28,21.93,6.47,121.44,4.8,16.75,45.63,0.85,0.24,70.22,42.74,87.93,0.72,37.32,0.68
0.67,1018.77,36.52,19.4,5.12,7.6,415.69,1.56,37.69,51.3,864.67,0.11,284.19,109.23,79.32,2.17,43.55,0.0
0.0,1.71,1.26,1.47,456.96,3.25,8.8,0.0,7.79,54.75,0.03,0.56,50.46,48.08,45.81,0.35,0.91,0.07
92.84,89.45,4.54,8.66,24.0,3.0,330.98,6.75,19.0,44.71,12.21,0.3,39.57,22.39,38.16,0.69,5.2,0.0
30.25,24.44,275.73,32.73,3.52,30.33,87.25,2.12,31.89,67.05,16.48,0.04,649.91,142.26,132.46,1.72,15.08,0.0
0.04,12.53,49.21,5.93,317.22,9.27,839.17,7.56,32.24,63.63,0.0,56.39,40.51,31.32,113.37,0.21,63.74,0.04
0.0,206.31,73.35,24.03,12.79,5.7,249.38,2.83,48.51,80.37,209.95,0.04,72.03,50.75,124.25,0.33,78.75,0.0
0.54,176.59,120.34,45.39,3.49,19.43,288.2,0.98,18.13,54.15,65.61,0.16,121.51,55.42,52.82,1.4,91.36,0.03
0.0,330.81,191.42,13.07,63.45,128.13,1027.92,1.39,53.23,104.23,0.12,0.08,110.94,25.9,85.3,7.17,67.73,0.0
0.0,0.09,0.32,103.16,0.0,25.74,479.49,44.58,52.1,55.53,1.09,112.26,24.01,38.27,10.6,0.0,79.19,0.06
0.0,30.7,3.9,139.06,0.17,85.2,869.85,199.02,82.34,99.95,0.0,48.82,45.62,52.21,30.35,0.0,133.94,7.98
0.0,3.79,0.31,6.96,2.08,7.23,373.05,5.53,5.8,69.98,467.4,0.1,64.49,23.41,50.47,1.43,33.0,0.1
0.0,6.47,46.62,17.76,8.17,3.29,286.67,16.17,13.09,38.66,693.49,0.25,33.38,47.2,22.24,0.04,97.22,0.14
0.0,294.68,314.04,23.77,0.18,15.01,150.31,2.57,31.11,117.57,0.65,0.0,57.12,51.62,62.08,0.0,313.1,0.0
0.31,0.81,20.06,37.39,0.0,37.95,258.73,1.61,99.62,52.85,0.0,147.81,360.3,113.99,66.42,3.07,119.02,0.0
0.0,441.27,42.19,2.35,6.69,28.51,362.89,5.76,26.72,52.52,241.26,1.85,114.51,49.07,155.07,8.74,62.19,0.0
24.36,24.67,167.56,7.93,6.72,23.42,83.43,3.75,42.83,62.7,0.04,0.08,134.54,39.31,92.37,0.27,88.74,0.0
4.98,66.08,614.58,3.22,1.0,21.22,57.25,2.59,34.4,84.12,0.0,0.0,161.63,30.61,67.08,0.28,0.6,0.0
0.0,1093.96,359.54,17.34,28.03,29.35,595.17,3.68,69.32,48.31,0.27,0.17,82.14,48.31,57.89,2.46,63.32,0.0
0.0,297.44,0.73,12.72,167.5,11.57,65.39,6.38,20.96,32.43,0.1,0.14,101.67,83.23,39.64,0.03,9.98,0.0
0.03,12.13,38.09,22.17,326.19,11.02,356.24,1.21,21.87,65.49,0.03,0.33,64.21,58.52,134.52,1.04,47.0,0.2
0.0,4.25,0.66,33.27,0.0,24.27,344.95,57.48,23.05,64.62,0.03,126.08,32.92,48.62,21.83,0.0,57.61,0.03
0.0,2.02,0.04,71.25,0.0,9.95,321.67,15.31,90.26,60.17,0.04,250.66,24.69,23.9,16.41,0.0,162.22,0.0
0.0,283.59,1115.85,22.91,22.48,34.23,1652.77,0.97,62.4,77.98,0.75,0.11,61.29,22.2,41.67,1.04,59.29,0.0
0.0,133.41,71.61,25.23,15.51,10.36,36.78,4.6,37.4,70.96,0.03,0.03,37.09,21.03,66.92,1.81,36.6,0.0
0.0,2.38,40.47,13.89,642.07,31.38,488.58,20.06,56.56,44.85,0.18,184.77,392.04,45.31,141.07,34.26,42.92,0.11
0.0,160.26,5.81,42.91,11.34,8.06,90.13,13.39,21.77,49.03,857.81,0.08,45.12,46.78,134.54,0.36,55.32,0.04
0.0,2.52,0.2,134.32,0.0,35.91,311.12,98.68,87.42,59.03,2.6,173.34,37.76,40.8,15.71,0.0,40.87,0.28
4.63,11.08,300.93,10.83,1.49,1.51,272.54,5.6,28.74,63.73,0.07,0.36,70.11,78.95,33.33,0.23,110.63,0.0
0.11,11.7,0.3,70.57,0.04,6.19,196.04,42.78,123.19,66.48,0.0,311.21,34.17,55.11,24.97,0.04,176.96,0.0
0.0,13.89,0.18,113.58,0.0,15.48,163.67,73.63,58.29,59.99,0.0,210.19,47.62,46.95,69.68,0.74,112.56,0.35
0.0,9.01,0.22,107.54,0.0,6.7,344.9,13.11,35.82,68.46,0.0,231.09,45.6,160.51,24.03,0.04,277.43,0.07
0.11,30.39,1.31,57.08,0.0,23.82,79.6,5.23,60.63,75.27,2.24,0.0,475.46,71.57,138.7,53.91,67.72,166.85
0.0,516.42,303.93,4.88,9.95,86.86,151.64,4.27,50.14,110.42,160.22,0.08,140.12,58.49,88.31,1.91,108.74,0.08
0.0,0.52,0.67,105.98,0.0,8.76,188.97,50.87,78.96,56.63,0.04,127.46,53.16,77.96,153.49,0.07,143.76,405.93
0.0,2.07,0.72,192.46,0.0,10.7,224.59,49.05,64.59,51.06,0.03,201.87,18.96,43.29,25.48,0.0,80.1,0.03
0.0,118.28,788.27,2.3,13.52,6.63,204.59,0.11,54.26,76.9,1.17,0.26,75.58,20.26,53.47,0.83,67.29,0.45
0.0,0.57,0.28,40.8,0.21,36.44,670.5,22.35,65.35,38.07,0.04,167.61,37.36,11.42,12.03,0.0,132.2,0.0
0.0,1.09,0.4,78.59,0.04,33.97,229.36,36.74,77.5,56.46,0.04,158.39,45.75,126.93,22.67,0.29,195.24,0.51
0.0,2.8,0.11,10.21,0.11,21.31,1.44,0.25,36.12,77.42,0.0,0.25,557.55,147.14,63.26,43.31,1.33,0.0
0.46,103.4,415.57,9.85,3.89,15.03,228.14,0.04,24.42,91.38,0.0,0.04,343.18,96.01,44.68,0.49,77.33,0.11
0.07,17.72,340.36,1.78,0.04,13.87,244.14,0.36,19.93,55.72,0.07,0.14,698.79,42.6,54.47,4.35,85.03,0.0
0.0,0.8,4.76,22.26,0.0,22.72,129.94,0.05,57.5,37.06,25.72,0.0,204.83,42.05,120.05,0.03,59.68,0.21
0.0,0.59,0.14,109.19,0.0,15.89,446.07,54.85,68.16,37.89,0.07,120.08,30.75,31.27,17.41,0.0,30.0,0.0
9.69,46.57,1.06,12.75,12.37,2.65,166.66,10.85,17.52,41.92,451.88,0.28,133.5,70.47,84.28,0.9,54.86,0.19
0.0,1.32,0.24,53.48,0.0,18.75,467.58,44.4,60.5,54.18,2.94,156.88,18.19,31.47,20.19,0.0,115.1,0.09
0.0,45.69,11.73,5.76,4.71,37.02,428.7,22.81,49.5,46.91,0.0,376.36,66.01,51.77,27.59,0.04,135.3,0.0
0.0,6.4,8.39,3.56,7.29,4.77,177.24,1.07,39.02,63.88,0.36,0.04,60.4,26.21,87.11,0.04,30.2,0.0
2.34,473.77,21.74,39.17,77.87,14.46,206.06,1.78,25.21,29.64,0.0,0.06,76.46,11.12,101.36,2.06,47.82,0.0
0.03,21.32,0.96,24.93,4.97,9.2,393.94,0.26,93.35,69.32,0.03,7.05,525.83,60.51,87.26,0.56,46.45,0.0
0.03,0.29,0.29,64.28,0.0,9.14,377.77,18.57,36.12,45.61,30.94,115.36,24.84,62.78,12.59,0.0,70.32,0.0
0.1,23.22,102.46,23.18,14.71,12.13,300.22,6.51,26.5,41.72,8.64,0.03,74.66,47.65,110.32,0.51,26.2,0.0
0.0,33.6,14.07,6.74,0.93,23.13,52.72,9.99,17.32,105.61,1.42,0.14,125.97,112.7,37.89,0.93,187.23,0.0
1.7,0.73,0.24,0.87,0.03,64.62,598.27,3.23,96.42,44.63,0.0,24.44,317.35,79.74,69.41,15.61,177.1,0.35
15.1,17.21,511.39,10.9,0.15,7.44,238.91,5.29,31.61,93.56,0.15,0.15,63.81,15.68,60.78,0.22,46.23,0.04
0.0,22.57,13.96,13.31,14.39,6.33,19.42,5.57,34.36,62.93,9.55,0.4,119.96,22.75,61.55,0.61,0.33,0.04
0.03,7.78,0.07,0.0,0.0,20.0,217.7,2.79,204.05,49.38,0.0,32.91,43.45,34.31,55.52,0.0,106.34,0.0
0.0,359.6,39.66,15.2,9.7,12.76,175.71,1.66,36.51,52.52,232.91,0.1,71.28,22.32,102.83,1.76,59.88,0.0
0.0,207.36,21.01,11.38,0.73,7.16,271.65,0.29,26.4,34.11,0.0,0.09,62.6,28.64,17.99,0.49,80.06,0.0
0.0,93.44,142.24,6.73,10.03,47.59,124.11,2.94,63.22,98.48,2.78,0.04,270.7,77.61,152.03,3.75,45.98,0.04
0.0,511.28,382.46,16.19,4.61,25.17,816.34,3.33,24.73,88.57,57.58,0.0,119.5,42.77,49.33,5.75,37.86,0.0
16.84,6.49,51.22,6.56,8.4,42.42,70.99,6.0,32.03,94.79,89.58,0.13,341.5,76.07,39.91,1.58,35.82,0.0
0.07,12.73,545.5,4.53,11.27,8.89,428.59,0.0,31.98,100.24,0.07,0.0,109.07,51.48,40.67,3.73,55.84,0.03
0.0,43.89,290.31,11.61,0.11,13.81,232.2,0.0,45.49,75.34,0.04,0.11,43.03,51.07,76.83,0.15,75.75,0.0
0.0,183.62,316.72,9.7,0.1,45.24,115.44,4.85,30.79,53.83,0.0,0.17,59.62,26.53,43.95,1.19,76.69,0.0
0.0,38.3,141.07,7.06,11.88,14.82,312.02,4.79,38.68,46.72,9.68,0.06,53.81,21.85,74.14,0.88,53.78,0.03
7.39,334.61,45.51,5.2,1.26,10.09,32.45,1.11,21.53,53.01,56.31,0.04,153.33,99.27,103.26,0.68,5.02,0.18
0.0,18.4,0.33,1.75,16.07,4.41,2.08,0.11,2.59,39.64,405.65,0.26,95.88,34.5,87.4,0.84,4.74,0.04
0.0,18.97,0.26,0.78,40.94,20.42,23.91,1.52,10.0,41.06,152.21,0.0,37.41,57.83,59.24,0.0,0.11,0.22
0.0,4.24,0.22,5.11,3.41,3.84,0.65,0.65,6.35,36.6,196.04,0.18,43.52,34.53,48.39,0.04,0.62,0.22
0.19,44.51,57.55,4.89,1.22,0.93,201.57,3.56,29.48,38.88,0.0,0.33,65.62,44.14,33.66,0.04,63.47,0.0
0.04,739.49,13.58,53.13,10.09,9.87,169.85,21.07,38.77,56.65,1.15,0.15,72.98,86.93,91.31,0.63,80.88,0.0
16.79,41.46,33.14,11.07,18.95,6.93,13.2,5.98,27.75,40.58,0.22,0.26,60.49,84.86,78.85,1.87,82.63,0.07
0.16,9.14,23.06,11.56,1.61,9.2,41.08,4.04,21.9,46.9,3.04,0.0,101.87,52.26,134.61,2.0,77.03,0.0
1.08,0.48,405.03,2.35,7.9,11.93,94.15,4.03,34.74,64.33,0.0,0.04,525.31,218.94,76.11,3.5,88.82,0.0
0.03,1.78,710.32,8.86,4.84,21.18,103.01,5.84,20.42,74.25,39.47,0.17,72.77,107.99,28.9,0.89,74.62,0.0
49.6,5.15,0.78,5.41,26.34,2.46,50.47,13.09,23.0,62.2,12.7,0.0,66.25,21.19,18.24,0.1,49.14,0.0
0.0,301.4,22.32,11.69,26.39,35.47,177.45,5.26,17.33,45.76,0.64,0.06,228.23,86.75,30.15,0.12,134.38,0.0
0.2,7.71,328.5,9.58,1.39,11.95,82.21,0.04,25.81,50.6,10.07,0.04,64.71,90.16,75.27,0.61,0.2,0.0
0.0,121.11,55.91,13.16,6.79,6.31,269.28,1.83,14.06,34.1,0.0,0.0,59.64,36.89,38.91,0.36,154.51,0.03
0.0,53.8,7.25,1.76,3.8,4.35,143.15,4.27,43.19,49.96,0.08,0.08,136.1,53.14,108.28,0.12,45.89,0.04
0.0,198.67,9.32,14.24,3.38,5.66,266.74,0.1,21.7,37.78,0.35,0.03,64.18,45.59,55.33,0.61,71.6,0.0
0.0,31.39,172.46,23.9,35.14,20.26,206.92,3.95,22.64,92.68,0.07,0.03,53.15,37.01,113.66,0.34,86.08,0.03
0.0,64.01,152.23,9.71,0.13,15.86,111.69,4.01,15.57,119.46,0.03,0.03,70.72,5.99,84.15,0.07,51.53,0.0
0.0,640.58,138.14,29.03,26.54,13.86,98.46,5.96,21.95,69.97,2.31,0.0,63.15,61.09,103.05,6.35,96.33,0.0
0.0,499.71,19.41,11.29,0.96,11.81,304.25,0.19,16.87,33.01,40.58,0.03,47.09,18.25,49.82,0.19,135.03,0.0
11.51,32.91,132.42,5.2,3.78,4.86,64.23,5.63,22.73,59.94,11.34,0.04,65.18,54.48,71.88,0.9,50.01,0.17
1.11,28.83,0.03,12.04,2.2,0.98,77.76,1.14,11.35,26.63,0.27,0.19,40.04,55.43,28.88,0.08,47.5,0.05
4.58,3.29,1.89,22.63,96.3,2.4,0.32,0.0,12.73,50.65,37.28,0.07,44.0,23.84,40.89,0.0,0.43,0.11
0.0,73.89,10.16,22.03,0.07,28.36,387.67,62.51,74.96,61.08,0.0,66.05,43.2,34.4,20.99,0.0,97.53,10.26
2.67,268.35,52.16,13.95,3.78,9.64,212.16,4.43,25.07,59.23,251.98,0.03,75.16,39.05,112.66,0.22,116.57,0.03
0.85,85.39,17.86,12.43,10.7,4.98,199.81,1.76,28.56,65.71,161.45,0.13,71.96,64.35,84.84,1.37,61.81,0.03
0.0,6.68,2.59,0.26,9.63,16.86,1895.11,10.34,56.5,45.64,0.0,442.6,46.52,24.28,33.16,0.0,89.82,0.0
0.0,1.42,0.42,74.85,0.1,24.94,320.55,29.45,167.98,56.05,0.21,131.73,41.76,81.54,189.27,0.28,493.14,0.24
11.13,0.54,0.38,2.25,2.78,2.09,277.22,0.76,25.94,28.25,5.66,0.06,37.55,22.36,25.12,0.0,62.54,0.0
0.57,84.86,40.94,28.07,20.92,67.84,114.79,0.11,36.76,68.09,12.98,0.57,346.8,119.3,94.51,4.29,70.3,0.04
0.0,175.93,355.38,10.69,3.44,69.57,310.63,1.47,70.44,206.22,0.16,0.0,254.92,113.52,95.23,8.71,91.19,0.0
0.0,17.65,809.88,0.43,6.72,7.02,102.3,2.82,25.07,134.56,0.0,0.07,68.95,52.46,64.05,0.99,58.69,0.03
50.98,612.88,52.58,57.63,9.84,22.66,60.53,3.16,37.91,57.85,67.76,0.22,88.57,56.32,104.83,0.29,15.65,0.0
1.35,21.97,243.6,16.54,14.33,25.93,81.1,5.15,14.37,69.91,0.0,0.04,100.62,96.95,98.09,0.08,34.51,0.0
74.18,13.02,15.15,0.66,0.03,66.04,602.69,18.81,42.97,52.71,0.0,182.8,38.61,49.46,62.59,0.0,138.79,0.84
0.0,94.3,6.65,8.14,627.21,2.13,9.0,0.0,11.63,50.56,3.98,0.11,70.05,36.41,85.9,1.42,0.5,0.0
0.04,4.7,0.4,0.07,865.44,0.94,0.14,0.0,7.8,48.54,25.03,1.08,32.0,17.63,19.68,0.65,0.65,0.0
0.34,96.02,445.37,1.72,45.37,6.85,74.2,9.36,28.83,61.21,0.11,0.07,132.97,15.39,111.75,2.02,25.34,0.04
11.24,210.89,145.27,12.42,0.2,16.39,103.52,3.29,23.78,51.94,3.77,0.0,253.62,92.89,113.3,0.85,102.3,0.04
2.6,212.79,171.69,10.6,15.33,24.21,270.98,5.88,70.41,112.73,106.48,0.14,94.86,16.31,79.43,13.51,44.88,0.24
3.89,734.31,466.48,7.38,13.52,104.8,391.95,1.21,22.96,112.7,0.04,0.18,112.33,85.33,181.54,13.59,67.11,0.0
0.0,5.39,152.4,16.78,11.65,7.3,138.28,11.81,26.08,53.48,0.88,0.13,96.07,50.66,60.34,0.13,100.26,0.0
8.39,16.07,7.56,19.72,28.35,7.12,138.75,26.88,7.36,62.0,0.0,0.12,490.68,41.44,78.1,38.34,31.26,0.0
0.0,18.36,433.83,7.89,0.0,13.57,118.73,0.0,87.28,80.89,0.0,0.07,67.27,40.72,81.48,0.82,64.69,0.0
0.0,84.85,57.82,23.76,0.09,5.64,21.05,0.97,15.93,53.0,12.1,0.07,119.6,72.1,39.43,1.15,33.41,0.01
11.42,30.82,456.58,24.28,10.51,33.06,236.0,3.42,39.96,111.3,1.18,0.07,114.57,90.32,84.34,14.36,70.38,0.07
0.37,545.21,101.88,23.53,21.55,7.53,258.31,4.05,45.95,48.03,74.17,0.03,63.22,25.97,78.45,0.64,97.39,0.0
15.39,13.14,399.38,0.54,3.21,6.93,60.58,0.21,23.95,68.42,492.96,0.21,80.69,44.97,85.44,0.13,1.0,0.04
0.0,45.13,367.22,4.8,9.86,4.99,62.31,0.03,18.18,80.36,0.03,0.03,98.48,35.78,33.92,0.06,47.56,0.1
30.55,7.05,27.2,2.35,2.61,12.44,44.95,1.48,33.9,63.83,30.63,0.09,78.98,61.48,131.98,0.35,0.57,0.09
0.2,131.51,2.11,7.82,52.28,1.24,244.11,0.08,16.71,49.92,542.62,0.12,43.82,53.15,57.06,0.72,104.35,0.0
15.85,5.0,675.23,0.28,3.03,9.95,88.71,0.79,32.73,54.53,10.07,0.04,83.48,55.71,66.41,0.31,11.41,0.0
1.41,41.5,15.52,63.5,217.34,34.98,135.43,0.89,103.09,44.29,1.35,26.86,64.73,37.22,195.21,9.99,114.53,36.45
4.12,613.72,30.61,36.67,24.72,39.16,185.03,0.69,28.6,44.04,5.12,0.03,70.53,42.76,78.91,7.06,122.99,0.03
15.09,194.65,0.35,9.81,150.44,8.25,33.26,0.79,25.94,30.7,0.97,0.0,273.84,44.38,41.27,0.03,50.7,0.03
0.0,4.26,3.12,3.16,0.07,57.48,512.7,2.33,169.28,64.23,0.07,121.64,260.04,38.76,78.49,28.76,120.88,0.03
0.0,0.35,14.31,40.33,0.03,106.79,165.3,3.27,139.11,54.23,0.07,33.05,892.95,176.97,115.01,15.53,119.29,225.41
0.0,823.7,12.99,5.92,53.22,13.58,195.1,0.62,19.54,39.05,0.0,0.03,57.21,32.83,78.29,0.23,67.42,0.0
0.0,49.53,0.64,6.58,0.28,3.34,917.93,0.11,20.16,33.74,416.07,0.14,45.23,40.07,47.43,1.1,42.6,0.07
0.0,18.84,0.19,23.69,13.87,2.8,1.21,12.93,7.01,44.8,19.6,0.42,29.53,34.95,29.3,0.53,0.64,0.23
5.21,12.51,4.52,16.59,4.7,3.28,51.85,8.86,7.4,30.26,760.84,0.26,52.43,38.69,125.0,0.69,20.86,0.29
1.07,71.96,621.74,12.29,45.92,18.44,67.6,0.94,32.86,78.91,1.24,0.04,296.45,90.52,87.49,0.38,0.34,0.04
8.1,53.84,296.3,19.18,15.68,18.09,127.66,4.51,33.73,44.29,0.08,0.04,83.37,51.66,71.53,0.77,61.57,0.0
1.1,1.34,14.16,21.15,0.03,26.52,234.34,9.67,59.88,33.39,5.04,71.91,263.13,125.35,28.43,0.47,147.95,1.67
0.0,128.6,39.23,18.38,1.7,11.34,275.61,0.49,33.02,39.82,0.0,0.03,56.04,22.43,61.84,0.12,143.03,0.0
0.0,231.88,347.64,17.89,14.11,56.01,361.78,2.92,74.75,104.22,0.36,0.07,201.77,49.45,304.88,5.2,54.44,0.0
0.0,635.38,74.69,25.81,22.96,7.69,273.43,0.04,29.71,48.3,0.25,0.0,55.63,39.39,35.31,0.4,161.88,0.0
0.0,15.66,1.1,30.38,0.0,222.64,452.54,0.0,31.21,58.85,0.03,0.0,167.14,79.76,84.21,0.03,104.45,3.45
0.0,302.91,143.7,32.79,10.3,56.19,244.81,12.96,54.53,81.6,20.66,0.0,71.74,69.37,109.72,1.01,74.37,0.04
0.08,8.29,0.19,6.86,3.32,1.93,0.08,4.32,4.36,53.53,2.31,0.31,24.68,31.08,28.65,0.54,1.93,0.27
0.0,26.01,470.97,0.5,13.67,4.59,1259.2,5.19,12.74,42.48,0.33,0.0,89.68,47.37,35.89,1.86,111.9,0.07
2.98,4.4,0.5,14.6,0.81,6.84,9.0,4.33,9.16,47.18,18.74,0.15,105.56,76.77,54.21,1.47,0.19,0.08
0.04,15.99,0.3,4.53,26.59,8.52,0.15,0.38,5.62,31.99,263.85,0.49,28.82,38.81,102.86,0.38,33.34,0.57
0.38,2.52,574.11,1.64,6.27,7.57,43.05,1.19,34.83,156.04,0.0,0.11,139.33,58.5,95.36,5.89,42.82,0.04
0.0,2.23,0.73,6.47,4.42,3.0,8.59,5.41,14.0,41.86,207.35,7.71,41.2,22.85,38.31,0.8,3.95,0.18
7.4,435.19,68.22,12.39,17.59,22.93,206.24,4.62,30.66,39.26,3.27,0.0,38.95,33.5,48.96,2.28,96.45,0.0
0.04,4.2,0.19,5.91,8.4,6.28,0.41,0.0,8.06,51.87,10.63,0.19,46.15,27.57,45.93,0.33,9.29,0.07
0.0,4.5,0.25,1.37,42.91,10.4,0.11,0.04,12.86,56.82,112.91,0.11,47.05,60.2,31.77,0.21,1.62,0.04
0.11,239.7,26.66,32.36,7.77,12.09,188.13,4.67,56.69,50.49,31.37,0.0,113.19,56.35,69.05,0.57,10.25,0.0
0.0,87.76,94.75,10.86,6.52,8.4,306.22,7.2,21.23,41.76,0.22,0.0,91.92,41.11,50.99,2.58,40.47,0.03
0.0,331.56,26.44,7.48,27.92,9.62,85.28,0.52,27.61,47.4,0.0,0.14,72.9,53.5,53.32,1.52,72.83,0.0
0.0,68.63,1.97,10.24,6.53,14.58,197.33,0.0,8.96,32.65,51.11,0.11,74.82,50.05,97.91,1.06,55.59,0.14
0.08,5.54,0.6,102.27,0.6,71.18,201.05,31.33,66.0,87.45,17.88,213.62,44.63,56.12,39.37,0.16,75.64,0.36
0.0,171.87,40.9,20.69,10.33,49.48,214.4,3.56,36.13,136.27,5.33,0.04,73.81,132.68,141.0,13.47,72.68,0.04
0.14,16.61,0.53,18.14,0.0,34.68,245.41,19.48,68.76,45.77,1.88,75.06,253.03,105.99,169.5,0.25,79.74,18.7
0.03,10.93,39.22,5.31,8.38,9.23,56.68,9.42,23.46,58.79,1.54,0.19,115.28,84.98,46.16,0.03,91.7,0.35
1.2,6.67,31.66,13.76,0.04,84.0,159.42,17.61,153.74,84.49,0.71,115.76,421.26,76.41,106.45,25.13,164.22,0.07
0.04,65.24,40.77,11.38,17.41,5.23,141.24,7.1,53.17,87.38,714.86,0.5,127.69,40.04,43.4,0.0,30.58,2.14
1.12,52.98,75.38,29.89,2.35,10.49,290.76,3.98,39.26,68.3,51.27,0.1,278.16,41.54,87.47,0.31,38.51,0.0
0.03,75.04,55.01,8.15,0.03,19.05,94.41,1.29,15.78,74.53,10.82,0.09,52.89,28.7,63.65,0.6,16.41,0.03
4.27,7.47,347.01,2.91,7.26,8.88,108.75,0.09,13.0,33.38,0.03,0.09,98.58,29.89,31.71,0.09,50.01,0.0
0.5,2.3,283.38,7.33,1.53,17.33,206.85,7.16,48.08,50.98,0.0,0.07,121.82,28.45,60.97,0.33,82.03,0.0
0.19,69.65,204.37,3.02,1.54,11.78,90.07,3.17,29.63,50.3,0.03,0.0,140.37,22.78,53.57,5.56,70.53,0.0
24.32,83.66,297.94,7.18,0.96,30.74,169.8,5.1,28.29,108.58,0.07,0.07,78.93,88.36,74.66,1.59,80.68,0.0
6.43,7.23,120.58,4.78,3.06,11.48,60.15,2.37,11.88,32.93,0.4,0.08,298.57,66.8,68.18,1.49,50.35,0.0
0.0,12.9,34.87,7.45,3.16,21.2,123.07,1.55,22.85,42.43,0.04,0.07,62.85,55.08,53.71,0.35,95.65,0.0
0.0,224.65,16.25,4.51,9.67,5.34,322.97,0.03,21.16,48.8,0.71,0.03,63.01,20.97,39.66,0.34,104.37,0.0
0.12,177.66,39.13,9.73,59.53,38.82,338.21,3.67,27.2,70.62,0.04,0.19,498.56,121.11,56.75,0.42,146.68,0.0
0.0,258.42,18.3,8.23,0.74,11.4,393.29,0.03,17.79,48.79,0.38,0.0,60.55,21.02,35.8,0.44,99.16,0.0
0.0,481.58,815.19,26.76,18.65,75.24,180.82,2.43,16.82,101.74,0.04,0.0,96.47,58.83,64.77,0.07,106.71,0.0
0.0,81.79,4.44,8.38,0.98,8.55,233.71,0.03,22.95,40.06,1.76,0.06,43.26,11.69,41.18,0.4,102.41,0.0
0.0,480.09,474.25,20.46,12.63,9.41,296.93,0.35,18.68,50.82,0.03,0.35,52.43,28.47,20.36,0.49,37.49,0.0
0.0,218.74,226.61,2.8,8.8,23.68,1069.86,0.67,20.8,62.26,26.88,0.04,70.88,31.8,26.55,0.11,43.21,0.26
24.97,0.39,0.39,26.1,8.22,1.24,2649.61,0.0,18.21,38.78,0.07,0.14,36.69,18.81,39.49,0.21,4.32,0.11
4.23,166.82,12.05,4.09,75.51,5.39,368.55,3.36,17.47,48.89,0.0,0.07,57.17,27.22,77.01,0.13,47.69,0.0
0.0,6.3,1.02,50.38,0.0,33.22,258.43,37.92,226.44,57.38,0.0,124.37,77.3,47.61,91.62,16.94,166.3,1.57
0.0,5.53,0.2,20.83,0.0,90.44,6.5,22.41,106.38,76.79,0.04,148.94,1056.74,136.67,86.72,92.78,81.88,6.42
0.0,147.19,51.6,6.89,39.82,53.94,513.18,1.97,27.5,42.36,0.0,18.67,113.63,51.66,58.72,2.64,52.33,0.03
0.36,223.83,161.7,33.29,47.23,29.99,342.72,3.23,52.21,94.43,0.79,0.07,96.01,40.9,57.68,6.3,48.75,0.03
47.65,3.69,0.72,51.48,0.34,43.17,176.19,0.1,20.18,65.3,0.03,0.34,357.43,138.77,119.99,0.89,107.06,0.0
0.03,20.77,2.81,17.47,35.7,3.67,280.53,1.7,36.51,54.14,394.95,0.03,77.82,20.44,41.78,0.03,0.53,0.13
0.0,1.17,0.55,27.33,0.0,41.74,346.89,0.04,54.26,65.53,0.22,0.0,155.69,252.02,32.95,0.04,253.3,0.36
0.11,1.7,0.22,34.57,0.0,86.75,467.35,0.4,75.74,71.05,0.04,0.04,149.86,97.94,47.6,0.0,251.37,0.0
1.85,11.75,4.41,44.83,0.19,31.91,404.08,9.15,98.2,46.67,0.26,47.28,543.65,64.94,100.69,18.91,125.44,8.89
0.04,150.11,68.89,6.52,38.33,49.82,163.11,0.6,86.72,57.21,0.04,0.0,414.99,121.54,123.73,9.95,62.71,0.0
0.0,4.41,0.24,3.81,22.34,5.82,2.29,0.36,15.64,48.9,331.26,0.16,47.66,39.31,41.2,0.64,5.21,0.12
3.61,1.11,29.75,0.66,0.03,79.13,138.55,9.9,146.27,60.33,3.13,40.35,677.16,118.75,96.85,6.78,139.73,4.24
0.0,58.08,271.59,2.2,17.94,17.02,275.13,0.11,36.98,71.62,0.18,0.0,82.72,33.79,95.55,0.53,57.44,0.0
0.0,63.83,0.6,2.8,5.15,4.22,10.61,0.0,7.99,53.19,107.53,0.11,87.48,42.77,30.96,1.31,34.25,0.07
0.33,107.54,196.42,4.26,4.18,15.58,126.97,1.11,33.62,75.97,0.12,0.08,263.45,47.35,74.08,1.31,0.04,0.04
5.03,1.96,260.24,1.33,8.44,9.21,170.23,1.52,13.95,28.34,0.07,0.0,236.64,28.34,45.88,3.0,46.8,0.04
1.48,691.0,407.39,21.09,127.77,69.18,283.19,1.67,84.08,208.84,0.11,0.0,163.82,84.57,88.33,7.22,120.78,0.0
0.0,0.83,1.5,5.75,0.0,64.85,599.42,10.41,55.5,67.41,0.0,0.08,80.45,20.44,29.61,16.87,52.79,6.54
0.0,6.52,0.36,99.22,0.0,30.34,577.13,134.74,163.53,88.96,0.04,138.2,31.14,29.47,13.04,0.0,65.74,0.44
0.0,0.33,3.41,0.56,2.12,17.52,204.18,20.56,3.3,54.07,0.04,0.04,86.87,55.15,170.71,16.29,91.48,0.04
0.36,5.15,0.46,29.89,0.0,204.08,238.26,1.32,27.62,60.71,0.2,0.0,376.14,228.95,77.76,1.49,136.76,11.46
39.63,1.29,0.03,2.5,1.04,3.72,1089.31,0.24,15.16,35.53,136.62,0.07,37.06,15.02,52.56,0.66,0.8,0.03
0.04,5.55,30.3,4.05,7.95,5.55,599.0,1.97,21.56,47.41,4.01,0.04,46.2,11.89,59.66,0.14,0.14,0.0
19.93,2.46,1.36,4.7,0.0,48.46,321.45,10.61,15.57,49.01,0.07,0.07,75.22,37.59,50.33,286.28,72.18,1.69
0.0,635.58,227.52,9.0,5.64,9.15,192.88,0.0,28.82,38.85,0.0,0.0,95.88,33.61,45.01,0.52,140.16,0.0
0.04,3.69,7.12,41.11,0.62,35.51,774.11,10.58,54.53,51.92,0.0,98.51,48.77,45.27,47.14,0.08,80.35,57.52
0.08,1042.64,203.55,31.25,60.86,69.62,341.95,7.37,36.77,95.6,29.31,0.04,1029.21,151.7,119.7,1.77,54.67,0.04
0.15,10.73,314.77,15.89,31.74,24.56,190.6,12.11,36.9,74.29,0.42,0.0,107.6,79.1,64.51,0.84,73.18,0.0
19.33,83.05,63.59,36.5,0.03,13.37,207.49,0.1,34.74,64.7,1.59,0.0,71.21,27.53,98.71,4.12,52.3,0.0
0.0,9.13,1133.78,12.97,13.04,7.79,243.4,0.08,35.26,64.26,0.15,0.04,81.26,18.11,51.22,0.08,71.44,0.0
0.0,1.06,436.94,58.93,8.02,58.3,147.32,9.16,75.01,101.22,0.63,0.0,110.34,75.2,103.88,0.43,110.15,0.0
1.75,59.82,89.87,30.82,35.06,12.72,137.51,3.43,45.12,66.15,0.1,0.03,60.83,48.28,66.72,1.04,136.37,0.0
44.64,161.92,0.09,9.24,48.17,1.49,265.8,3.77,18.05,41.51,0.06,0.03,35.04,22.09,29.57,0.06,74.43,0.0
0.8,175.18,2176.08,16.49,49.42,9.71,74.81,23.71,74.77,94.91,2.09,0.24,85.6,45.41,75.37,1.04,57.93,0.04
1.43,4.91,238.06,13.62,4.32,3.74,396.97,1.54,29.19,51.35,3.15,0.04,138.33,80.32,28.75,0.29,86.73,0.04
3.03,15.17,181.69,26.79,0.2,13.22,86.89,21.56,101.71,69.04,17.69,0.16,157.21,117.4,154.46,1.12,127.51,0.0
19.2,429.83,495.16,3.6,30.38,22.65,31.39,5.4,17.36,50.67,0.04,0.04,122.94,75.46,69.01,0.86,88.17,0.0
0.0,0.19,20.32,56.02,0.0,33.57,49.92,1.75,91.33,29.41,0.16,9.72,599.45,137.73,61.07,2.0,142.05,1.49
0.02,411.12,212.1,5.0,21.12,31.97,214.97,0.14,52.42,54.21,0.91,0.02,86.08,40.83,59.96,1.55,113.86,0.0
0.0,3.85,0.22,25.41,0.03,28.71,524.66,0.48,17.47,58.91,5.33,32.54,17.7,56.37,27.14,3.95,21.55,0.13
92.88,6.14,1.01,4.93,0.04,40.21,190.23,33.33,22.06,94.94,0.08,0.0,77.85,20.08,98.05,0.12,29.8,0.04
0.0,0.5,0.43,67.63,0.11,49.37,196.18,3.57,83.76,61.66,1.04,177.85,517.59,188.21,70.49,5.9,247.8,0.86
0.0,1.03,0.23,106.23,0.0,75.35,579.02,31.46,32.37,46.63,0.04,146.93,46.52,45.72,8.86,0.0,42.68,0.11
7.31,0.38,17.11,14.65,221.06,9.7,429.29,12.68,24.11,64.96,1.49,128.42,373.8,66.79,157.28,0.03,39.56,0.0
0.09,105.72,2.36,2.06,415.78,4.08,44.7,4.69,16.75,25.09,0.0,0.0,41.48,34.82,13.93,0.03,46.66,0.0
0.0,7.75,312.28,9.74,0.0,33.21,166.03,17.63,47.98,94.04,0.22,0.07,174.28,33.39,228.89,0.0,35.63,0.11
0.94,20.61,0.19,0.52,29.36,0.68,268.91,0.81,16.97,44.87,0.29,0.06,36.61,23.55,44.68,0.0,1.77,0.0
9.74,0.64,6.63,4.16,43.42,8.02,1212.04,14.05,35.7,35.78,0.0,223.36,45.74,31.17,86.17,2.21,73.8,0.07
0.0,734.67,538.27,27.36,115.35,68.49,109.94,0.89,21.66,126.8,0.0,0.0,138.87,107.11,123.14,1.3,97.9,0.04
0.1,80.05,9.68,1.64,3.65,31.42,119.52,2.18,33.02,41.9,0.22,64.25,553.9,165.72,246.19,2.21,76.53,0.1
0.21,0.53,18.03,61.66,0.07,39.13,183.66,9.91,82.08,60.05,0.07,0.0,258.96,39.35,146.62,0.04,114.87,18.0
0.0,0.43,0.61,11.47,0.0,62.87,304.23,0.29,138.01,56.08,0.79,16.54,511.4,103.75,58.56,16.36,140.67,2.62
0.0,9.17,684.44,9.95,0.0,3.88,681.98,3.14,40.56,63.59,0.03,0.17,65.17,61.36,21.0,0.3,94.37,0.0
0.74,1.96,0.35,4.92,0.0,20.77,336.46,7.75,125.32,40.67,0.61,28.55,457.22,176.32,57.58,0.1,176.06,0.32
0.0,188.03,19.41,4.02,58.23,8.88,47.63,3.22,54.18,57.09,0.04,0.04,211.84,127.46,109.69,0.31,81.36,0.11
17.83,1.51,2.37,61.8,41.95,20.59,87.52,6.8,39.74,56.37,92.45,1.55,122.05,23.35,77.81,0.5,28.2,0.08
0.15,24.16,1.02,2.91,36.97,7.13,2753.47,0.04,13.64,24.23,293.0,0.0,42.5,35.62,59.01,0.44,61.02,0.0
0.06,115.73,16.0,8.43,329.52,4.31,67.62,0.0,12.84,50.12,12.52,0.13,56.09,36.19,73.21,0.99,0.83,0.03
0.0,2.39,0.21,18.73,0.04,82.66,72.8,0.04,126.06,66.92,0.14,0.04,118.77,53.37,53.26,0.07,59.81,0.53
5.21,31.72,104.37,9.69,21.55,66.16,92.3,2.28,17.7,60.32,0.22,0.0,89.43,35.39,83.96,0.26,42.15,0.15
0.07,6.43,0.21,0.86,15.9,6.6,8.43,7.05,5.91,50.02,14.28,0.0,81.03,22.61,51.78,0.07,0.14,0.1
0.0,10.61,0.8,2.05,42.76,8.84,2.05,0.96,12.46,27.65,1224.43,0.44,69.56,33.8,52.64,0.36,27.65,0.2
0.0,0.87,0.42,0.11,18.72,6.31,0.49,2.34,18.49,31.31,142.66,0.08,69.04,19.09,45.52,0.0,0.34,0.04
8.88,42.06,120.0,42.9,34.13,6.8,87.66,6.3,34.62,73.91,106.79,0.19,151.36,98.29,115.98,0.0,66.85,1.48
8.34,7.51,0.46,2.99,30.54,2.7,0.21,2.37,2.82,43.33,3.61,0.29,66.44,36.02,36.98,0.71,4.57,0.33
0.0,20.99,81.63,5.48,10.33,3.46,168.74,5.71,30.46,64.99,64.45,0.06,46.41,27.58,92.15,0.51,88.86,0.06
0.0,8.74,0.43,8.27,15.63,9.18,0.39,12.03,14.11,63.11,445.69,0.09,101.73,57.31,46.23,6.45,25.71,0.04
12.1,7.4,71.46,29.99,2.69,1.83,95.23,9.41,9.84,15.29,306.55,1.27,53.73,24.26,55.09,0.46,24.73,0.06
0.0,121.67,17.49,8.82,0.09,12.48,532.75,0.63,26.41,45.35,11.41,0.06,40.02,17.58,36.18,0.54,87.48,0.0
0.0,18.26,5.82,16.99,25.53,3.89,220.16,6.69,34.01,63.29,0.33,0.07,65.65,32.12,31.32,0.0,55.94,0.0
80.82,1.99,0.38,33.72,3.67,1.99,1705.11,5.93,11.08,48.34,0.0,0.07,34.24,19.31,47.82,1.2,0.21,0.1
20.79,9.61,777.37,3.25,2.87,38.89,80.96,0.77,38.86,56.73,0.11,0.04,193.09,49.77,101.56,1.03,52.56,0.11
0.0,187.31,644.62,22.15,7.78,40.71,197.86,0.9,82.17,35.28,38.37,0.0,249.48,119.72,109.91,11.21,125.7,0.0
25.5,140.23,50.37,11.69,16.42,39.87,44.69,10.97,22.7,74.02,0.04,0.08,81.4,61.59,106.31,1.78,68.45,0.08
0.0,1912.53,124.27,11.32,43.73,53.57,273.77,4.17,54.84,64.89,4.25,0.04,88.66,82.44,63.96,0.63,119.36,0.04
4.47,29.92,426.93,16.71,20.14,39.4,85.65,6.77,49.26,84.78,0.13,0.08,318.67,151.0,103.04,0.96,96.39,0.0
5.66,1.48,329.04,0.78,0.52,14.74,130.0,2.64,35.81,48.92,0.03,0.06,355.65,35.75,43.59,7.14,67.09,0.0
0.0,227.92,209.18,12.9,101.5,12.44,290.57,4.38,16.4,51.95,0.21,0.46,52.2,39.69,130.66,0.11,17.74,0.0
0.0,9.81,332.25,20.0,12.83,7.24,202.63,0.03,15.44,45.18,6.85,0.13,58.59,25.37,18.17,0.06,54.51,0.0
0.0,85.29,162.03,21.19,10.08,1.21,74.36,8.76,28.75,74.84,0.44,0.33,33.77,26.62,100.61,0.0,41.18,0.11
0.0,68.69,124.45,19.45,27.56,16.1,34.65,1.28,27.33,50.71,0.08,0.11,111.93,56.21,79.66,0.08,27.56,0.0
12.78,111.69,1243.29,6.45,9.93,31.9,114.97,0.55,35.3,79.04,4.81,0.04,282.52,70.95,62.47,0.66,84.05,0.0
0.0,1.06,0.1,52.38,0.0,15.68,493.04,74.97,65.11,46.2,0.0,111.61,20.97,76.16,7.47,0.03,87.04,0.17
0.0,665.49,541.73,1.68,26.67,27.34,116.2,1.84,36.34,80.56,0.12,0.08,600.83,163.36,113.46,1.06,68.42,0.0
0.0,76.49,54.52,0.16,0.0,6.38,143.3,3.05,16.96,30.56,0.03,0.09,357.37,30.22,123.14,3.24,87.79,0.0
3.65,270.19,0.74,6.11,0.26,8.9,69.19,0.03,11.1,23.31,131.24,0.09,68.82,21.88,56.26,0.31,28.93,0.0
0.0,41.48,313.34,5.87,13.24,7.74,65.01,3.28,17.7,65.74,0.61,0.16,60.84,57.64,78.05,6.89,40.54,0.04
0.1,370.53,3.11,31.62,42.92,66.19,100.39,11.97,6.83,69.03,2.67,0.17,46.24,25.2,56.48,0.1,0.2,0.0
0.0,26.95,17.43,26.88,17.09,9.97,327.1,0.21,25.35,48.51,0.03,0.03,37.75,23.02,43.76,0.07,126.58,0.0
0.0,1.72,0.94,43.16,3.45,49.23,385.99,5.96,40.69,69.84,0.11,231.06,39.3,95.77,27.76,0.0,143.24,0.04
26.17,19.4,40.72,20.61,17.92,3.21,18.46,10.4,10.64,27.66,798.79,0.39,77.18,44.2,35.4,1.02,31.57,0.55
0.0,3.05,3.29,13.23,3.88,5.02,302.38,11.74,34.87,38.23,0.03,190.34,95.62,64.69,77.16,0.0,50.91,0.03
0.0,2.9,0.19,2.14,7.7,1.26,0.31,5.42,6.67,41.23,16.82,0.08,34.17,23.95,71.59,0.84,1.3,0.04
12.6,97.7,78.86,22.92,2.26,12.3,49.84,3.77,9.27,40.51,545.68,0.4,68.01,75.05,126.28,0.2,0.24,0.0
0.0,3.84,0.86,58.96,3.73,34.03,350.99,12.02,74.03,59.03,0.04,43.21,42.8,35.26,42.13,0.0,63.74,97.84
0.1,145.57,2.75,6.19,387.71,16.46,41.34,2.17,14.81,28.04,0.0,0.0,105.64,67.7,17.7,0.07,22.06,0.0
17.45,62.89,21.03,6.67,49.29,16.58,45.86,8.4,36.18,54.23,252.29,0.08,98.05,90.78,131.55,0.11,30.26,0.0
0.0,51.54,31.99,4.84,25.16,3.55,168.98,0.6,21.38,43.66,4.75,0.16,62.46,42.35,65.44,0.22,101.72,0.0
0.0,115.56,0.95,1.33,215.58,1.02,0.14,2.14,12.57,52.48,0.25,0.07,25.91,16.8,16.8,2.21,1.02,0.07
0.89,313.26,4.46,17.55,15.8,10.81,77.97,0.57,21.97,32.03,18.26,0.0,177.48,56.14,59.53,0.46,36.2,0.0
0.0,11.81,37.82,22.65,1.89,7.83,220.23,0.0,35.41,33.45,0.0,0.0,52.46,22.37,56.97,0.56,41.94,0.0
4.02,69.51,70.02,7.73,2.63,2.78,214.35,6.12,20.17,29.71,0.62,0.06,68.26,35.83,38.35,0.03,42.4,0.0
2.52,20.67,111.54,15.0,1.97,5.05,132.97,2.04,21.43,59.69,1.38,0.28,180.22,333.99,77.8,0.1,236.59,0.03
0.0,0.92,2.76,1.98,2.84,11.27,105.34,9.43,0.92,65.29,0.07,0.07,104.14,50.69,158.34,1.06,32.33,0.0
4.1,28.15,1.26,9.53,54.73,2.21,702.24,11.46,18.5,40.75,138.94,0.16,81.27,19.6,78.65,3.5,76.41,0.0
0.0,0.15,0.33,125.58,0.0,37.41,890.43,28.27,44.98,85.35,0.29,121.59,56.68,114.06,46.41,0.0,74.6,0.0
9.45,2.54,1348.06,4.12,11.24,5.41,194.53,3.41,21.86,68.7,2.41,0.08,90.65,47.97,54.67,3.75,22.23,0.21
0.0,2.06,1.05,21.25,5.28,85.33,787.23,12.29,95.44,64.87,0.15,0.0,191.22,33.13,304.02,7.19,34.62,0.3
0.04,16.41,1.06,24.28,11.24,2.56,191.39,0.15,22.27,20.65,0.37,0.04,75.33,35.56,29.37,0.37,66.43,0.0
0.0,9.0,3.58,164.74,0.0,56.12,542.46,51.7,57.46,89.94,1.35,64.49,86.07,36.98,9.38,0.0,71.18,0.17
0.05,14.41,60.61,4.03,1.5,3.16,163.43,0.45,8.87,32.46,2.75,0.16,36.59,5.75,16.66,0.58,50.16,0.0
0.0,5.63,68.54,5.2,1.49,6.38,10.0,0.29,2.01,21.12,6.37,0.11,10.9,4.64,14.69,0.04,30.78,0.0
0.27,31.67,18.92,4.01,10.6,10.88,126.77,0.36,41.98,63.74,18.53,0.07,30.44,8.76,45.8,0.33,117.37,0.0
0.0,160.62,33.8,17.03,0.0,6.42,298.87,3.68,41.78,75.12,0.04,0.07,51.69,18.75,1.92,0.28,124.57,0.0
0.0,57.48,86.08,5.54,0.01,38.61,55.27,0.64,89.99,91.99,0.19,0.0,108.32,17.88,106.05,0.14,123.4,0.0
0.04,91.62,89.91,27.58,0.94,32.07,82.18,5.33,47.18,74.01,0.05,0.0,87.75,20.38,151.3,0.43,123.77,0.0
0.02,27.14,15.24,2.33,0.58,2.9,91.91,0.05,10.64,52.69,0.51,0.23,36.33,6.28,36.02,0.1,43.31,0.0
0.21,10.39,55.95,18.61,13.49,11.67,176.56,2.45,21.53,82.39,0.16,0.29,141.64,22.08,82.07,0.33,106.9,0.0
0.0,84.55,6.9,0.61,3.76,3.12,145.3,0.42,15.28,25.8,0.43,0.23,19.72,11.21,28.62,0.07,76.27,0.0
0.0,48.0,13.27,14.67,1.74,12.51,222.19,3.59,36.41,69.08,1.13,0.14,60.79,21.51,49.03,0.55,100.5,0.0
1.04,61.53,17.19,3.05,4.1,9.75,215.8,0.28,56.83,67.35,12.67,0.11,44.72,11.83,68.16,0.06,127.38,0.0
0.01,195.04,24.29,15.94,2.5,6.67,230.96,4.84,27.37,48.05,0.07,0.07,109.16,17.56,87.91,0.13,68.98,0.07
0.02,105.8,17.84,12.45,12.73,10.07,343.52,1.75,26.03,64.64,4.73,0.18,133.54,20.37,108.32,0.37,101.4,0.0
0.03,88.28,20.1,3.41,1.8,4.88,123.03,0.03,3.43,21.97,19.61,0.11,15.71,5.57,17.65,0.06,33.43,0.0
0.0,202.04,23.12,53.47,10.33,12.29,109.26,0.56,65.54,71.33,0.41,0.0,115.22,39.24,115.37,0.28,71.42,0.0
0.01,52.93,38.3,0.82,0.08,9.47,108.0,0.09,14.03,60.78,0.2,0.12,39.23,9.4,38.8,0.37,60.11,0.0
0.02,116.06,50.2,5.4,12.12,2.61,34.85,0.44,6.19,24.4,0.78,0.53,21.51,12.13,17.58,0.09,52.64,0.06
0.01,263.07,37.26,14.76,0.0,16.68,51.92,0.0,12.47,79.47,27.8,0.14,102.9,16.74,104.96,0.17,94.5,0.0
0.01,110.24,40.78,1.96,8.53,7.75,148.47,0.15,46.17,62.73,0.0,0.04,65.95,12.28,73.75,0.33,140.0,0.02
0.0,126.54,24.16,2.88,0.35,16.29,63.94,1.62,30.04,58.62,2.3,0.09,39.06,11.84,54.43,0.24,95.11,0.0
0.0,118.3,47.06,25.37,167.86,16.72,308.74,3.91,37.15,65.47,5.36,0.14,54.14,14.62,102.02,0.34,121.1,0.0
0.01,120.77,125.06,10.47,0.08,20.63,58.6,3.14,64.53,90.46,2.57,0.11,94.53,16.56,121.38,0.46,123.99,0.0
0.03,77.7,142.96,17.61,17.57,8.88,177.57,0.11,7.44,79.64,0.09,0.22,32.63,16.01,39.69,0.32,63.1,0.03
9.0,100.2,114.83,18.93,0.09,22.71,49.39,3.17,38.4,89.2,40.59,0.09,171.61,39.12,149.21,0.24,121.16,0.0
0.0,206.41,2.79,0.62,0.4,3.63,22.32,1.34,4.95,18.7,0.05,0.12,7.79,3.1,16.07,0.2,24.44,0.0
0.0,150.83,27.18,4.25,1.12,7.45,40.64,2.78,17.74,83.42,18.27,0.0,47.79,24.73,53.74,0.39,85.82,0.0
0.0,64.0,2.53,9.22,0.12,14.89,81.98,6.5,50.22,55.81,3.68,0.15,69.98,16.22,119.26,0.0,124.59,0.0
0.0,6.08,32.27,10.58,6.96,3.25,45.56,2.43,13.27,55.99,31.04,0.06,87.65,28.98,74.39,0.36,5.12,0.0
0.07,143.61,11.05,23.39,38.64,42.31,48.48,0.48,21.19,115.33,0.2,0.09,246.89,51.11,75.88,0.04,140.42,0.0
0.0,39.79,13.1,11.05,0.15,40.01,155.95,4.18,44.87,83.8,1.14,0.06,163.22,25.76,114.84,0.5,99.24,0.0
0.0,11.12,18.44,1.38,0.04,3.25,116.7,0.0,5.51,28.65,10.03,0.18,9.96,7.6,15.06,0.08,42.36,0.0
0.05,168.32,81.9,9.4,6.4,12.15,184.39,0.05,28.04,98.39,6.82,0.27,126.88,15.63,49.82,0.09,70.46,0.0
0.03,50.91,329.18,23.91,0.0,11.36,54.99,1.02,17.1,102.9,0.2,0.18,78.97,28.44,75.91,0.22,71.11,0.0
0.0,28.26,92.96,12.71,15.32,5.99,139.6,0.02,12.88,58.3,0.04,0.19,51.51,7.35,75.02,0.13,50.63,0.03
0.0,59.4,61.03,8.42,0.01,11.75,59.12,0.3,29.57,85.56,38.29,0.0,34.12,12.78,73.95,0.01,122.29,0.0
2.58,40.63,60.91,34.39,1.25,28.88,111.97,10.53,28.52,78.48,0.15,0.05,86.9,43.16,101.56,0.25,140.5,0.02
0.01,79.49,54.04,4.49,4.11,11.68,523.1,0.09,38.15,51.75,7.42,0.0,56.18,11.2,50.89,0.02,132.67,0.0
0.01,32.53,19.14,19.66,14.45,6.5,78.39,0.27,8.1,42.78,0.91,0.07,42.9,11.01,37.61,0.07,91.33,0.02
0.01,251.35,84.35,2.68,26.03,7.97,90.59,0.2,15.49,75.63,2.04,0.04,78.31,15.05,43.95,0.0,136.74,0.0
0.01,26.49,55.68,3.89,3.65,4.82,68.84,0.05,7.87,24.98,0.13,0.07,33.41,12.52,29.52,0.02,91.63,0.0
0.02,138.73,31.85,5.19,0.76,5.96,39.3,1.79,7.64,37.83,5.37,0.57,23.8,19.98,31.26,0.63,75.69,0.0
0.01,37.0,35.96,9.08,4.17,4.59,208.67,0.15,38.48,55.08,13.84,0.0,54.44,11.54,35.06,0.0,112.24,0.0
0.09,63.47,37.94,3.96,0.03,14.81,290.91,1.13,25.63,91.35,68.06,0.25,75.5,27.26,101.33,0.7,130.17,0.0
0.81,57.26,77.44,26.28,0.7,15.82,94.02,0.68,51.93,112.31,19.83,0.08,148.81,27.95,114.01,0.2,160.35,0.04
0.01,40.03,7.28,6.18,120.86,7.26,68.36,1.8,21.99,67.66,1.62,0.48,34.9,35.79,44.6,0.1,148.24,0.0
0.0,84.49,26.59,5.76,20.2,13.49,133.93,1.2,46.54,69.89,0.07,0.13,140.44,29.02,79.5,0.0,199.26,0.0
0.01,46.94,12.65,2.27,9.9,3.72,68.05,3.37,9.69,42.21,0.07,0.41,19.93,33.17,30.98,0.72,78.71,0.0
0.84,9.15,403.98,16.07,4.75,1.81,147.54,4.33,25.64,50.18,0.36,0.1,50.31,50.38,43.1,0.0,54.81,0.0
0.08,43.45,86.65,8.86,48.29,7.91,134.63,0.03,19.7,68.18,0.07,0.06,152.81,20.32,59.96,0.12,147.33,0.03
5.8,24.59,22.48,5.53,18.58,4.16,105.9,3.41,17.6,37.89,0.04,0.2,63.17,15.4,39.72,0.38,66.56,0.15
0.0,88.15,16.46,3.56,0.03,8.05,82.88,1.06,9.9,34.55,13.23,0.04,43.39,14.53,41.18,0.2,60.01,0.0
0.02,261.62,92.68,2.97,1.93,10.2,115.41,1.23,20.56,51.33,10.54,0.2,67.71,12.42,58.05,0.73,85.75,0.0
0.01,90.95,74.94,8.68,0.9,26.63,108.8,0.95,28.6,76.45,4.23,0.21,92.75,19.69,85.32,0.17,99.96,0.0
0.0,202.34,133.98,11.86,41.46,9.0,52.21,2.18,8.98,78.97,0.31,0.19,50.01,20.24,56.68,0.57,78.36,0.1
0.0,94.74,64.21,2.24,0.02,7.81,120.95,1.4,29.64,60.34,0.32,0.0,72.94,21.3,58.35,0.15,108.52,0.0
0.01,25.34,23.86,7.59,0.75,8.19,131.19,0.0,7.91,18.63,0.12,0.22,77.55,5.22,33.72,0.09,46.69,0.07
0.02,109.03,115.91,13.89,0.62,11.36,65.67,1.41,13.99,23.3,0.0,0.16,59.18,13.92,21.77,0.67,35.97,0.0
0.0,190.68,14.05,5.72,1.68,19.0,54.56,1.59,13.72,31.38,0.47,0.04,39.35,8.66,53.12,0.3,62.26,0.0
0.02,9.45,51.74,7.18,5.52,10.76,82.41,0.33,8.74,35.94,27.2,0.15,87.73,19.34,40.55,0.06,83.81,0.04
0.09,7.37,65.19,12.23,14.13,14.85,133.28,0.59,23.37,87.73,1.56,0.21,126.15,18.06,87.92,0.26,64.65,0.0
0.04,20.31,26.83,7.17,1.69,14.05,116.7,0.2,7.65,19.52,6.15,0.6,80.09,6.88,20.47,0.22,35.63,0.21
0.03,58.3,71.28,3.5,1.31,28.5,47.69,0.14,38.08,73.83,83.08,0.04,182.41,19.95,58.76,0.21,91.45,0.0
0.0,221.66,8.65,7.41,0.51,28.5,79.42,2.2,23.2,79.65,0.03,0.09,39.12,11.84,86.83,0.07,67.22,0.0
0.0,191.18,25.43,3.41,3.31,1.77,224.29,0.07,20.28,39.09,0.0,0.29,46.79,6.81,29.99,0.76,72.0,0.0
0.09,15.43,37.99,10.95,19.02,21.69,150.2,3.32,30.19,85.86,0.07,0.06,142.29,24.9,116.4,0.46,104.1,0.0
0.01,173.32,84.2,29.44,5.4,10.04,167.26,0.55,38.86,121.13,2.23,0.0,174.69,23.67,103.45,0.63,127.62,0.0
0.01,28.75,21.21,23.11,17.33,11.32,124.39,0.09,38.16,54.57,0.0,0.0,121.51,10.43,102.18,0.63,124.48,0.0
0.08,144.23,50.65,6.8,54.52,2.86,273.45,0.08,32.27,54.63,0.0,0.09,134.31,13.57,53.12,0.02,130.87,0.0
0.0,42.49,23.12,4.2,14.74,14.23,73.44,1.2,15.63,52.12,5.08,0.2,59.97,24.84,39.79,0.48,38.31,0.0
0.0,39.39,35.37,31.9,3.18,15.98,51.22,1.26,32.13,45.49,84.58,0.08,83.68,16.03,117.9,1.45,43.21,0.02
0.0,54.52,32.76,5.03,7.42,9.58,190.82,0.04,30.87,70.93,40.13,0.0,67.08,21.85,41.66,0.07,118.32,0.0
0.0,23.38,94.36,10.93,0.23,44.92,75.38,0.02,33.71,96.21,0.19,0.14,165.63,19.74,132.55,0.14,64.97,0.0
0.0,31.76,33.47,15.77,2.09,13.92,57.21,0.02,8.32,35.3,0.0,0.0,59.6,10.84,49.62,0.09,72.6,0.0
0.0,127.47,12.86,5.68,1.42,21.0,127.63,0.29,16.94,28.99,0.05,0.09,53.96,19.65,34.17,0.0,97.94,0.0
0.0,88.45,25.49,16.3,5.08,3.7,75.57,1.64,11.06,23.83,10.5,0.14,32.82,33.43,20.53,0.04,63.05,0.02
0.0,10.48,7.76,1.59,0.52,4.87,50.28,0.0,11.08,11.23,0.07,0.0,17.48,4.23,18.24,0.82,32.1,0.0
0.0,44.21,56.9,1.5,8.1,4.83,121.03,1.66,26.77,41.36,4.41,0.0,56.29,12.17,43.48,0.25,73.61,0.02
0.0,49.09,3.73,1.16,1.95,2.79,66.6,0.04,11.57,7.0,0.03,0.0,14.79,1.22,12.4,0.1,22.13,0.06
0.03,15.31,17.57,5.11,0.66,2.86,103.06,0.06,3.63,12.61,4.43,0.0,24.56,5.78,9.98,0.0,29.3,0.05
0.01,26.17,5.66,4.48,1.44,12.22,45.54,6.28,13.51,21.91,7.85,0.0,131.47,8.7,22.64,0.28,28.39,0.0
0.0,309.2,9.41,11.4,4.0,15.44,54.42,0.3,13.25,21.67,0.14,0.04,26.37,25.22,39.47,0.11,191.29,0.0
0.02,10.5,6.62,6.11,3.03,10.7,100.47,0.0,8.15,17.33,0.0,0.0,28.04,5.12,25.92,0.04,52.67,0.0
0.02,98.03,38.5,9.38,2.39,9.52,39.79,0.38,27.21,42.9,8.11,0.14,47.55,11.63,58.5,0.07,64.76,0.17
0.0,103.15,55.18,14.77,0.84,34.61,55.44,0.7,15.48,45.86,1.27,0.0,217.52,20.26,87.2,0.28,63.93,0.0
0.02,15.7,34.51,9.69,2.08,9.71,247.15,0.02,15.62,43.63,0.06,0.0,87.45,10.75,25.92,0.12,85.94,0.0
0.0,30.09,16.8,11.2,4.23,4.98,120.8,0.29,23.38,38.6,27.11,0.08,30.5,22.19,31.12,1.53,51.11,0.04
0.0,58.25,63.78,12.74,15.35,3.49,166.66,0.08,12.43,54.71,12.11,0.0,63.26,6.84,29.62,0.46,55.69,0.03
0.0,20.82,23.07,8.76,0.51,24.36,67.83,2.81,15.38,27.5,1.1,0.51,155.21,18.95,48.17,0.1,73.44,0.0
0.0,26.09,33.7,5.65,8.72,9.22,85.6,0.7,9.55,23.67,0.21,0.05,30.5,8.6,29.49,0.11,45.17,0.0
0.02,55.4,16.73,1.69,7.22,6.81,94.54,1.12,22.04,38.47,0.0,0.11,95.84,15.01,33.21,0.25,60.08,0.0
0.0,42.19,1.6,18.31,0.07,5.34,19.37,1.65,6.4,15.07,0.02,0.03,22.35,17.59,21.98,0.05,96.13,0.0
0.0,180.73,144.72,14.61,1.38,16.18,42.26,2.76,22.55,52.36,3.59,0.07,30.41,23.17,65.0,0.34,84.76,0.0
0.0,92.22,41.54,3.28,9.52,9.29,145.43,0.38,30.32,53.27,0.16,0.21,89.08,20.43,57.91,0.14,171.86,0.0
0.05,17.55,4.02,1.87,0.01,0.98,10.11,0.09,3.96,5.43,0.44,0.13,4.18,3.68,5.92,0.12,30.97,0.07
0.02,33.41,73.95,9.87,6.45,15.83,138.7,1.44,24.02,89.59,24.54,0.37,110.82,15.76,49.89,0.03,58.18,0.0
0.0,210.72,51.71,6.43,0.21,19.67,102.12,0.1,16.66,22.94,5.04,0.0,40.28,6.33,14.78,0.1,70.23,0.0
0.0,22.77,29.41,7.55,1.77,11.83,251.21,0.5,13.09,45.32,39.35,0.16,69.93,11.73,65.43,0.21,70.92,0.0
0.01,17.65,65.74,13.75,7.24,5.43,144.33,0.25,13.4,49.46,39.22,0.19,70.65,22.91,41.35,0.74,54.38,0.0
0.0,30.26,190.27,6.18,7.21,9.0,37.96,0.19,10.8,50.63,0.84,0.08,166.38,22.2,50.29,0.33,69.6,0.0
0.0,30.02,49.79,4.88,10.85,11.73,32.03,0.07,17.3,37.23,0.0,0.28,60.15,20.6,59.61,0.08,67.69,0.0
0.01,84.07,44.47,4.75,1.55,12.17,40.6,2.73,11.08,46.42,21.39,0.0,20.89,25.85,30.59,0.1,173.01,0.0
0.0,35.36,35.02,8.67,7.12,6.69,74.58,0.14,8.95,40.01,0.1,0.4,30.6,19.87,18.55,0.26,112.67,0.0
0.04,16.01,17.4,9.54,15.57,3.03,89.37,0.03,9.97,41.13,0.65,0.15,42.34,10.07,26.6,0.14,75.44,0.0
0.0,16.06,21.1,2.98,3.78,6.12,18.73,0.04,4.9,14.67,11.2,0.0,13.44,10.8,20.64,0.02,81.78,0.0
0.0,44.63,97.14,7.2,0.14,21.85,50.22,0.39,21.97,44.04,1.68,0.0,66.54,12.53,52.58,0.14,80.97,0.0
0.02,11.3,29.5,8.94,0.07,7.3,197.01,0.0,22.41,21.41,79.94,0.0,62.08,4.4,32.68,0.18,35.32,0.0
0.0,18.01,38.91,16.02,18.26,6.68,67.44,0.24,6.12,22.12,0.2,0.25,56.65,8.57,26.63,0.07,66.46,0.02
0.0,59.3,54.15,4.48,1.44,16.22,49.88,2.39,22.52,30.03,0.04,0.04,29.13,8.7,19.93,0.11,65.21,0.0
0.03,36.01,52.94,38.43,3.0,6.01,111.57,0.05,57.52,97.67,0.0,0.34,170.47,56.52,65.3,1.33,172.76,0.0
0.01,16.64,103.17,8.66,3.65,17.07,97.06,0.05,22.54,47.94,0.05,0.04,129.04,16.77,60.15,0.33,87.69,0.04
0.0,49.31,41.45,4.45,0.01,20.25,84.75,5.06,14.16,26.77,5.67,0.06,143.93,10.42,59.73,0.52,56.47,0.0
0.0,46.36,35.74,3.89,6.89,8.11,126.06,0.25,14.33,51.23,0.51,0.07,90.93,13.65,53.39,0.05,80.41,0.02
0.0,38.27,29.58,39.52,11.08,16.41,119.81,0.93,28.11,104.51,1.54,0.64,87.52,22.26,48.69,0.35,186.94,0.03
0.0,26.1,100.68,12.21,33.27,8.83,118.94,0.12,12.34,84.64,0.49,0.31,83.08,12.55,49.93,0.19,71.81,0.1
0.0,92.55,28.14,3.27,12.43,26.63,54.72,0.66,37.47,74.75,5.77,0.06,58.84,32.45,84.35,0.03,146.35,0.03
0.02,15.43,39.75,4.84,21.7,7.41,74.46,0.06,8.96,39.18,0.03,0.43,24.61,12.55,29.59,0.12,80.46,0.08
0.01,53.66,33.86,19.99,36.22,15.83,42.5,7.57,39.53,100.11,4.04,0.13,82.0,24.48,121.04,0.36,106.53,0.0
0.01,150.76,23.49,18.23,8.23,9.38,249.79,2.76,44.23,65.27,15.78,0.0,97.79,20.83,86.03,1.08,119.1,0.0
0.02,70.95,146.15,20.8,68.76,6.24,150.29,12.11,17.22,44.19,35.65,0.15,77.26,10.57,42.5,0.34,73.42,0.0
0.0,29.07,380.59,15.52,0.04,18.74,49.59,0.0,39.06,96.38,0.03,0.21,98.78,28.83,80.24,0.68,123.29,0.0
0.0,5.85,7.5,4.47,3.28,7.71,36.58,0.01,7.41,14.86,0.0,0.17,23.41,9.54,21.06,0.24,75.54,0.0
0.0,50.9,40.53,13.42,12.3,3.74,115.41,0.15,9.46,42.76,0.02,0.2,25.48,7.45,28.6,0.12,76.9,0.0
0.0,11.95,16.29,20.43,14.21,2.93,91.83,0.16,20.79,86.91,0.0,0.1,48.02,12.0,85.11,0.05,112.1,0.0
0.0,26.22,4.54,1.06,10.86,3.12,135.32,0.08,28.92,31.51,0.02,0.04,27.28,7.13,42.71,0.15,60.27,0.02
0.02,18.12,43.13,5.31,14.15,4.9,27.44,0.15,9.32,42.98,0.02,0.57,56.02,17.91,41.44,0.42,83.66,0.09
0.02,3.5,32.09,13.07,0.04,11.3,85.15,0.18,17.51,56.64,2.24,0.26,76.58,28.89,67.93,0.47,77.49,0.0
0.01,219.17,125.16,23.96,3.25,25.36,122.73,2.46,26.4,96.57,0.33,0.31,70.72,34.08,113.31,0.1,121.0,0.13
0.0,6.88,69.07,10.53,28.08,4.68,89.77,0.0,39.92,51.96,4.38,0.08,90.03,14.84,38.82,0.28,99.98,0.0
0.0,76.22,34.66,5.59,0.0,10.87,147.77,3.46,26.37,86.86,40.06,0.0,47.32,21.81,91.58,0.15,76.79,0.0
0.0,10.78,392.36,40.96,10.31,4.78,68.28,1.37,29.04,88.5,8.87,0.0,90.8,17.48,74.61,0.36,71.38,0.0
0.0,151.27,16.02,3.03,23.88,24.21,85.18,0.28,25.72,51.44,0.06,0.18,52.96,16.69,62.9,0.32,117.27,0.0
0.04,14.29,37.07,16.01,13.05,12.37,139.87,0.0,19.24,59.4,0.0,0.19,229.21,30.24,79.89,0.15,103.52,0.0
0.0,194.72,64.44,6.44,0.2,10.42,127.16,6.41,46.18,74.0,6.95,0.03,72.45,16.91,74.06,0.0,146.74,0.0
0.02,16.02,14.51,24.68,19.51,3.28,148.01,0.11,38.36,69.19,0.02,0.19,87.75,15.01,72.63,0.04,107.98,0.0
0.01,85.6,10.01,2.6,1.3,8.76,40.96,0.37,9.59,38.12,0.56,0.07,26.05,9.11,22.19,0.07,46.93,0.0
0.04,12.02,12.54,15.95,25.95,15.13,250.69,0.01,16.44,64.98,10.66,0.08,82.8,9.31,80.32,0.02,63.0,0.0
0.0,181.84,42.46,5.01,1.8,15.77,95.44,0.6,38.68,52.37,1.86,0.0,52.72,20.92,51.14,0.03,122.0,0.0
0.0,48.01,2.65,10.98,0.04,10.53,37.44,0.65,22.36,50.76,0.04,0.03,36.6,31.03,70.11,0.05,49.06,0.0
0.0,42.45,2.41,8.08,35.46,11.65,112.89,3.71,27.16,85.71,3.16,0.04,48.14,14.68,72.6,0.05,123.25,0.0
