sample,CD274
SIDM00001,17.34
SIDM00005,1.78
SIDM00008,18.98
SIDM00011,2.63
SIDM00015,4.04
SIDM00016,18.11
SIDM00017,15.29
SIDM00029,0.34
SIDM00032,7.74
SIDM00036,0.37
SIDM00046,25.76
SIDM00062,0.05
SIDM00063,8.73
SIDM00065,12.42
SIDM00071,0.07
SIDM00074,0.16
SIDM00078,0.93
SIDM00079,1.5
SIDM00080,0.56
SIDM00081,3.89
SIDM00083,13.14
SIDM00084,7.17
SIDM00085,9.42
SIDM00087,3.3
SIDM00088,7.6
SIDM00090,2.09
SIDM00092,3.12
SIDM00093,0.41
SIDM00095,11.78
SIDM00097,0.21
SIDM00105,0.73
SIDM00107,0.71
SIDM00108,0.78
SIDM00116,0.15
SIDM00117,17.61
SIDM00119,0.73
SIDM00122,5.8
SIDM00123,7.72
SIDM00124,1.81
SIDM00125,21.65
SIDM00130,13.08
SIDM00131,10.38
SIDM00132,8.7
SIDM00133,32.43
SIDM00134,28.95
SIDM00135,10.63
SIDM00138,0.44
SIDM00139,35.37
SIDM00140,0.78
SIDM00142,0.35
SIDM00143,2.17
SIDM00144,5.77
SIDM00146,37.11
SIDM00147,0.06
SIDM00148,0.2
SIDM00149,44.85
SIDM00150,1.14
SIDM00151,0.19
SIDM00153,0.66
SIDM00158,6.13
SIDM00159,6.96
SIDM00160,2.48
SIDM00161,3.34
SIDM00162,0.34
SIDM00163,8.36
SIDM00164,8.67
SIDM00165,24.41
SIDM00166,2.28
SIDM00167,2.67
SIDM00168,9.89
SIDM00169,11.72
SIDM00170,9.38
SIDM00171,18.61
SIDM00173,2.7
SIDM00192,2.97
SIDM00194,0.76
SIDM00210,0.97
SIDM00212,2.96
SIDM00213,7.22
SIDM00217,0.95
SIDM00220,2.59
SIDM00222,22.14
SIDM00226,0.07
SIDM00228,74.92
SIDM00235,8.8
SIDM00237,4.07
SIDM00238,0.52
SIDM00239,15.59
SIDM00247,0.33
SIDM00248,31.44
SIDM00249,4.31
SIDM00250,3.74
SIDM00271,0.21
SIDM00272,0.06
SIDM00273,2.81
SIDM00278,11.42
SIDM00279,0.73
SIDM00280,3.07
SIDM00282,2.61
SIDM00284,1.2
SIDM00286,0.0
SIDM00290,0.26
SIDM00298,3.01
SIDM00301,0.87
SIDM00303,0.36
SIDM00305,3.19
SIDM00306,24.09
SIDM00307,12.34
SIDM00312,2.7
SIDM00313,104.92
SIDM00314,0.07
SIDM00315,2.86
SIDM00318,8.19
SIDM00321,4.83
SIDM00322,0.09
SIDM00325,1.31
SIDM00327,3.89
SIDM00329,28.03
SIDM00331,2.16
SIDM00333,0.12
SIDM00334,1.34
SIDM00335,1.11
SIDM00336,0.41
SIDM00337,2.28
SIDM00338,0.69
SIDM00339,53.17
SIDM00340,1.1
SIDM00341,9.78
SIDM00342,1.3
SIDM00344,52.09
SIDM00345,109.82
SIDM00347,0.8
SIDM00348,5.1
SIDM00352,0.25
SIDM00353,19.45
SIDM00354,34.57
SIDM00355,3.06
SIDM00356,61.69
SIDM00358,0.17
SIDM00359,1.0
SIDM00360,2.06
SIDM00363,0.59
SIDM00368,0.18
SIDM00369,16.62
SIDM00370,0.08
SIDM00373,0.12
SIDM00376,1.58
SIDM00380,0.23
SIDM00382,9.5
SIDM00386,1.07
SIDM00387,0.15
SIDM00390,185.85
SIDM00391,1.68
SIDM00392,2.24
SIDM00395,0.1
SIDM00396,0.03
SIDM00402,2.94
SIDM00403,1.09
SIDM00405,0.26
SIDM00419,0.03
SIDM00421,62.31
SIDM00423,1.55
SIDM00425,0.29
SIDM00426,0.28
SIDM00428,0.36
SIDM00429,4.52
SIDM00431,1.14
SIDM00433,1.08
SIDM00434,0.81
SIDM00435,0.58
SIDM00437,0.03
SIDM00442,3.98
SIDM00443,0.94
SIDM00446,0.19
SIDM00447,0.34
SIDM00449,0.63
SIDM00450,0.2
SIDM00451,1.92
SIDM00452,0.1
SIDM00453,0.46
SIDM00454,24.43
SIDM00455,9.06
SIDM00457,2.08
SIDM00458,35.32
SIDM00460,0.95
SIDM00461,0.14
SIDM00462,0.03
SIDM00463,1.41
SIDM00469,6.46
SIDM00473,4.57
SIDM00474,1.8
SIDM00475,3.02
SIDM00477,50.16
SIDM00478,1.0
SIDM00479,0.09
SIDM00480,0.14
SIDM00481,0.32
SIDM00484,3.87
SIDM00485,1.48
SIDM00486,25.54
SIDM00492,83.38
SIDM00493,53.52
SIDM00494,1.91
SIDM00495,0.34
SIDM00497,28.94
SIDM00499,0.36
SIDM00500,1.37
SIDM00502,1.93
SIDM00503,0.39
SIDM00505,2.0
SIDM00506,0.89
SIDM00509,0.0
SIDM00511,1.59
SIDM00512,56.65
SIDM00513,9.31
SIDM00515,1.9
SIDM00521,2.82
SIDM00522,0.27
SIDM00523,5.68
SIDM00524,3.62
SIDM00525,0.41
SIDM00526,0.22
SIDM00529,0.53
SIDM00531,9.82
SIDM00533,20.01
SIDM00536,0.43
SIDM00545,0.18
SIDM00546,10.78
SIDM00547,3.95
SIDM00548,2.0
SIDM00552,1.25
SIDM00554,0.88
SIDM00555,33.77
SIDM00556,0.14
SIDM00557,0.16
SIDM00560,50.83
SIDM00564,1.11
SIDM00567,18.69
SIDM00568,0.29
SIDM00570,0.76
SIDM00571,0.3
SIDM00572,66.9
SIDM00575,58.21
SIDM00578,0.13
SIDM00580,0.06
SIDM00581,45.58
SIDM00582,5.54
SIDM00585,0.43
SIDM00586,0.37
SIDM00587,37.67
SIDM00588,11.65
SIDM00589,69.91
SIDM00590,2.18
SIDM00593,31.8
SIDM00594,17.93
SIDM00595,0.5
SIDM00598,1.15
SIDM00602,1.45
SIDM00605,29.38
SIDM00607,0.68
SIDM00608,0.58
SIDM00609,3.39
SIDM00610,0.07
SIDM00611,20.2
SIDM00613,38.87
SIDM00614,0.6
SIDM00615,40.53
SIDM00616,8.34
SIDM00617,6.78
SIDM00618,0.35
SIDM00625,0.1
SIDM00628,2.32
SIDM00629,3.45
SIDM00630,1.35
SIDM00633,0.11
SIDM00634,0.08
SIDM00637,7.37
SIDM00639,52.52
SIDM00640,13.4
SIDM00641,0.12
SIDM00644,12.36
SIDM00645,1.22
SIDM00646,0.11
SIDM00649,1.75
SIDM00651,3.63
SIDM00652,5.07
SIDM00653,1.24
SIDM00654,1.74
SIDM00657,0.09
SIDM00658,3.22
SIDM00660,1.16
SIDM00661,1.81
SIDM00662,8.15
SIDM00663,2.66
SIDM00664,8.92
SIDM00665,125.45
SIDM00666,11.66
SIDM00669,3.85
SIDM00670,2.51
SIDM00671,0.21
SIDM00672,0.17
SIDM00673,19.1
SIDM00675,8.46
SIDM00676,45.25
SIDM00678,43.16
SIDM00681,0.6
SIDM00683,7.65
SIDM00684,4.48
SIDM00685,8.9
SIDM00686,0.34
SIDM00687,1.3
SIDM00689,0.27
SIDM00693,11.12
SIDM00694,0.03
SIDM00695,0.41
SIDM00697,3.44
SIDM00698,0.15
SIDM00702,3.87
SIDM00703,13.63
SIDM00704,0.24
SIDM00706,1.7
SIDM00708,25.36
SIDM00709,45.15
SIDM00710,4.78
SIDM00711,0.32
SIDM00713,55.05
SIDM00715,4.13
SIDM00716,0.42
SIDM00718,23.41
SIDM00720,0.37
SIDM00722,6.73
SIDM00723,79.83
SIDM00724,0.75
SIDM00726,57.4
SIDM00727,2.08
SIDM00728,59.32
SIDM00729,22.08
SIDM00730,0.34
SIDM00731,20.06
SIDM00733,0.11
SIDM00734,1.75
SIDM00735,1.78
SIDM00738,4.27
SIDM00739,26.78
SIDM00740,0.43
SIDM00741,0.59
SIDM00742,11.44
SIDM00743,3.27
SIDM00744,0.79
SIDM00745,6.51
SIDM00746,2.55
SIDM00747,1.88
SIDM00748,0.13
SIDM00749,0.9
SIDM00750,5.85
SIDM00751,1.3
SIDM00753,0.86
SIDM00754,8.25
SIDM00755,2.62
SIDM00756,36.56
SIDM00757,1.02
SIDM00759,20.56
SIDM00760,0.99
SIDM00761,0.71
SIDM00762,0.95
SIDM00763,87.71
SIDM00766,2.46
SIDM00768,31.0
SIDM00769,17.38
SIDM00771,5.14
SIDM00772,0.12
SIDM00774,0.15
SIDM00775,3.04
SIDM00776,14.71
SIDM00777,0.22
SIDM00778,17.83
SIDM00779,0.17
SIDM00780,2.62
SIDM00782,0.65
SIDM00784,11.62
SIDM00785,1.33
SIDM00791,0.28
SIDM00795,3.08
SIDM00796,1.03
SIDM00797,4.85
SIDM00798,1.38
SIDM00799,6.4
SIDM00800,0.81
SIDM00801,0.69
SIDM00803,3.58
SIDM00806,14.19
SIDM00807,86.26
SIDM00812,3.68
SIDM00823,7.69
SIDM00828,64.4
SIDM00829,0.15
SIDM00831,5.09
SIDM00839,2.96
SIDM00840,1.8
SIDM00844,1.28
SIDM00845,0.72
SIDM00847,1.63
SIDM00848,0.18
SIDM00849,3.91
SIDM00850,2.07
SIDM00851,1.13
SIDM00852,2.24
SIDM00853,7.96
SIDM00854,0.34
SIDM00855,0.35
SIDM00856,0.11
SIDM00857,2.06
SIDM00858,1.28
SIDM00860,12.15
SIDM00861,46.52
SIDM00862,1.08
SIDM00865,0.16
SIDM00866,1.26
SIDM00867,53.29
SIDM00870,0.43
SIDM00872,19.17
SIDM00874,5.29
SIDM00877,0.11
SIDM00878,0.44
SIDM00879,0.78
SIDM00881,1.68
SIDM00882,0.16
SIDM00884,1.06
SIDM00886,0.19
SIDM00887,11.91
SIDM00888,0.42
SIDM00890,0.36
SIDM00892,1.02
SIDM00893,8.03
SIDM00894,0.14
SIDM00897,2.41
SIDM00898,3.24
SIDM00899,0.13
SIDM00901,2.49
SIDM00903,5.52
SIDM00904,0.03
SIDM00907,0.72
SIDM00909,0.54
SIDM00910,4.42
SIDM00914,0.45
SIDM00918,0.45
SIDM00919,16.48
SIDM00920,0.24
SIDM00921,0.79
SIDM00922,0.76
SIDM00924,0.27
SIDM00925,59.96
SIDM00926,0.69
SIDM00928,72.53
SIDM00931,113.58
SIDM00932,0.34
SIDM00933,0.34
SIDM00934,2.97
SIDM00936,5.86
SIDM00937,11.93
SIDM00938,0.1
SIDM00939,50.39
SIDM00940,129.69
SIDM00941,1.18
SIDM00942,10.95
SIDM00943,13.17
SIDM00944,3.26
SIDM00945,1.48
SIDM00947,4.61
SIDM00949,453.22
SIDM00950,20.17
SIDM00955,0.95
SIDM00956,12.89
SIDM00957,2.44
SIDM00959,0.54
SIDM00961,0.04
SIDM00963,0.06
SIDM00965,0.11
SIDM00979,0.72
SIDM00980,3.78
SIDM00981,0.58
SIDM00982,2.46
SIDM00983,114.73
SIDM00985,0.16
SIDM00986,32.13
SIDM00987,5.24
SIDM00988,448.09
SIDM00989,4.36
SIDM00990,0.93
SIDM00991,0.91
SIDM00992,58.33
SIDM00993,0.33
SIDM00994,1.36
SIDM00996,193.04
SIDM00997,74.06
SIDM00998,9.6
SIDM00999,10.62
SIDM01000,0.49
SIDM01001,1.75
SIDM01002,0.31
SIDM01003,0.78
SIDM01004,0.73
SIDM01005,0.04
SIDM01008,4.23
SIDM01009,0.07
SIDM01010,235.72
SIDM01012,96.44
SIDM01013,204.14
SIDM01015,0.61
SIDM01016,3.51
SIDM01018,11.81
SIDM01020,0.42
SIDM01022,0.07
SIDM01023,0.11
SIDM01024,10.26
SIDM01025,0.72
SIDM01026,1.17
SIDM01027,1.1
SIDM01028,7.5
SIDM01029,0.79
SIDM01030,1.64
SIDM01031,30.75
SIDM01032,0.35
SIDM01033,22.23
SIDM01034,0.32
SIDM01036,0.29
SIDM01037,40.79
SIDM01038,0.26
SIDM01040,0.42
SIDM01043,10.86
SIDM01044,22.77
SIDM01045,0.06
SIDM01048,5.56
SIDM01049,116.36
SIDM01051,1.82
SIDM01052,2.48
SIDM01055,6.88
SIDM01056,0.03
SIDM01057,0.95
SIDM01058,63.35
SIDM01059,0.53
SIDM01060,6.11
SIDM01062,4.03
SIDM01063,25.53
SIDM01066,0.77
SIDM01067,38.71
SIDM01068,96.01
SIDM01069,105.6
SIDM01070,3.49
SIDM01071,0.29
SIDM01072,3.46
SIDM01074,31.19
SIDM01076,1.78
SIDM01077,0.7
SIDM01078,1.09
SIDM01079,2.64
SIDM01080,2.75
SIDM01081,12.84
SIDM01082,3.9
SIDM01083,6.08
SIDM01084,30.56
SIDM01085,0.43
SIDM01086,0.33
SIDM01087,4.37
SIDM01088,1.23
SIDM01089,0.44
SIDM01096,0.39
SIDM01099,2.11
SIDM01100,0.04
SIDM01101,15.92
SIDM01103,22.98
SIDM01104,1.72
SIDM01105,0.66
SIDM01106,0.85
SIDM01107,5.37
SIDM01108,2.41
SIDM01109,10.57
SIDM01110,0.97
SIDM01111,0.04
SIDM01112,13.66
SIDM01113,1.02
SIDM01116,0.3
SIDM01119,0.59
SIDM01121,0.12
SIDM01123,4.95
SIDM01124,20.98
SIDM01125,46.37
SIDM01127,8.44
SIDM01128,0.36
SIDM01129,0.57
SIDM01130,0.87
SIDM01131,0.87
SIDM01134,0.09
SIDM01135,39.49
SIDM01136,110.66
SIDM01137,9.79
SIDM01138,38.83
SIDM01139,11.18
SIDM01141,0.15
SIDM01144,0.22
SIDM01147,3.6
SIDM01148,0.22
SIDM01150,2.32
SIDM01151,5.26
SIDM01154,0.43
SIDM01156,0.82
SIDM01158,52.74
SIDM01164,4.6
SIDM01165,23.93
SIDM01167,2.31
SIDM01169,1.59
SIDM01170,0.03
SIDM01171,1.33
SIDM01172,0.61
SIDM01176,2.73
SIDM01180,22.76
SIDM01181,0.12
SIDM01182,6.79
SIDM01184,34.74
SIDM01186,0.76
SIDM01188,18.88
SIDM01189,11.41
SIDM01190,28.55
SIDM01191,3.41
SIDM01193,6.71
SIDM01194,11.17
SIDM01195,0.17
SIDM01196,3.06
SIDM01199,48.67
SIDM01215,22.43
SIDM01222,1.14
SIDM01241,0.1
SIDM01254,1.16
SIDM01265,1.42
SIDM01316,0.04
SIDM01318,0.45
SIDM01320,8.87
SIDM01321,11.77
SIDM01322,16.83
SIDM01323,2.97
SIDM01324,5.65
SIDM01325,63.44
SIDM01331,54.65
SIDM01332,37.11
SIDM01335,22.43
SIDM01336,64.6
SIDM01343,17.56
SIDM01347,1.02
SIDM01363,0.34
SIDM01368,12.08
SIDM01372,16.38
SIDM01377,0.7
SIDM01378,0.08
SIDM01387,15.15
SIDM01391,5.78
SIDM01393,8.83
SIDM01394,21.93
SIDM01397,1.11
SIDM01398,1.05
SIDM01409,3.27
SIDM01411,11.19
SIDM01412,36.18
SIDM01413,7.27
SIDM01432,25.87
SIDM01433,0.89
SIDM01434,3.87
SIDM01435,3.52
SIDM01436,28.79
SIDM01437,26.29
SIDM01439,1.17
SIDM01442,3.85
SIDM01443,3.94
SIDM01444,6.83
SIDM01445,1.16
SIDM01446,9.24
SIDM01447,0.41
SIDM01449,7.02
SIDM01450,1.69
SIDM01451,133.54
SIDM01454,16.21
SIDM01460,31.01
SIDM01463,0.85
SIDM01464,0.1
SIDM01469,1.19
SIDM01470,0.73
SIDM01471,0.49
SIDM01472,3.4
SIDM01473,2.21
SIDM01474,21.83
SIDM01476,0.78
SIDM01479,0.69
SIDM01480,0.79
SIDM01482,0.76
SIDM01490,0.12
SIDM01491,0.52
SIDM01492,0.11
SIDM01494,100.23
SIDM01498,19.59
SIDM01502,0.72
SIDM01503,2.22
SIDM01504,5.67
SIDM01510,1.34
SIDM01511,1.58
SIDM01512,38.05
SIDM01517,0.6
SIDM01518,3.48
SIDM01519,0.11
SIDM01520,1.52
SIDM01522,55.43
SIDM01523,4.06
SIDM01525,0.79
SIDM01526,1.67
SIDM01528,3.78
SIDM01529,0.22
SIDM01530,0.03
SIDM01531,8.84
SIDM01545,50.71
SIDM01546,15.68
SIDM01551,0.3
SIDM01553,90.6
SIDM01554,4.64
SIDM01556,44.0
SIDM01559,0.46
SIDM01560,3.16
SIDM01561,0.84
SIDM01563,3.69
SIDM01564,86.56
SIDM01565,15.39
SIDM01566,0.81
SIDM01567,35.07
SIDM01569,0.21
SIDM01570,1.92
SIDM01571,3.83
SIDM01572,0.3
SIDM01573,0.61
SIDM01574,0.15
SIDM01575,0.65
SIDM01577,0.33
SIDM01578,6.58
SIDM01580,1.23
SIDM01581,148.54
SIDM01582,2.09
SIDM01587,60.56
SIDM01588,4.96
SIDM01589,39.68
SIDM01590,6.07
SIDM01591,4.57
SIDM01593,3.19
SIDM01594,23.67
SIDM01596,135.28
SIDM01598,31.84
SIDM01602,2.32
SIDM01603,0.81
SIDM01604,1.09
SIDM01605,6.73
SIDM01606,21.98
SIDM01607,19.99
SIDM01608,2.75
SIDM01609,4.51
SIDM01611,1.22
SIDM01612,17.93
SIDM01613,6.06
SIDM01614,0.46
SIDM01615,28.1
SIDM01616,116.76
SIDM01617,0.39
SIDM01618,0.14
SIDM01619,4.68
SIDM01622,0.74
SIDM01624,2.38
SIDM01628,0.13
SIDM01629,0.42
SIDM01635,4.34
SIDM01640,1.18
SIDM01657,0.65
SIDM01658,0.32
SIDM01659,114.77
SIDM01660,11.33
SIDM01662,0.12
SIDM01664,0.15
SIDM01667,0.96
SIDM01668,0.08
SIDM01672,2.65
SIDM01675,0.98
SIDM01676,1.02
SIDM01679,1.0
SIDM01682,35.34
SIDM01685,0.23
SIDM01686,1.52
SIDM01689,1.19
SIDM01690,5.68
SIDM01691,0.33
SIDM01692,3.33
SIDM01693,0.77
SIDM01694,1.68
SIDM01695,0.61
SIDM01696,2.29
SIDM01697,1.12
SIDM01698,3.05
SIDM01699,1.27
SIDM01701,25.15
SIDM01702,10.95
SIDM01703,1.25
SIDM01704,9.99
SIDM01705,1.36
SIDM01709,0.67
SIDM01710,17.2
SIDM01724,0.77
SIDM01725,26.37
SIDM01726,3.67
SIDM01727,2.26
SIDM01728,25.9
SIDM01729,0.85
SIDM01730,2.72
SIDM01734,30.59
SIDM01739,1.66
SIDM01741,1.29
SIDM01743,23.57
SIDM01746,5.56
SIDM01749,4.91
SIDM01750,6.19
SIDM01752,1.73
SIDM01753,0.2
SIDM01756,0.18
SIDM01757,93.62
SIDM01758,0.98
SIDM01759,0.13
SIDM01760,0.1
SIDM01761,1.23
SIDM01762,0.84
SIDM01763,1.53
SIDM01764,15.92
SIDM01765,1.19
SIDM01766,16.91
SIDM01767,28.41
SIDM01768,0.04
SIDM01770,0.29
SIDM01771,2.19
SIDM01772,12.48
SIDM01773,1.78
SIDM01774,33.6
SIDM01775,0.07
SIDM01777,17.22
SIDM01779,1.74
SIDM01780,0.23
SIDM01781,1.13
SIDM01782,11.56
SIDM01820,0.24
SIDM01858,1.45
SIDM01859,1.08
SIDM01873,0.12
