,yq,mw,C,D,accuracy,precision,recall
0,0.6,0.6,3,1,0.7403055229142186,0.6774193548387096,0.6754385964912281
1,0.9,0.4,1,1,0.8989424206815512,0.0,0.0
2,0.7,0.2,3,2,0.7955346650998825,0.6722689075630253,0.625
3,0.6,0.6,5,4,0.8202115158636898,0.8038585209003215,0.7309941520467836
4,0.5,2.0,5,2,0.7873090481786134,0.8232189973614775,0.7323943661971831
5,0.5,0.8,3,2,0.7708578143360753,0.8181818181818182,0.6971830985915493
6,0.8,2.0,4,2,0.8225616921269095,0.6438356164383562,0.27325581395348836
7,0.5,0.8,4,2,0.7837837837837838,0.8218085106382979,0.7253521126760564
8,0.5,2.0,2,2,0.7614571092831962,0.8038147138964578,0.6924882629107981
9,0.7,0.6,1,2,0.7837837837837838,0.6747572815533981,0.54296875
10,0.6,1.0,4,2,0.7884841363102233,0.753125,0.7046783625730995
11,0.9,1.5,3,3,0.9130434782608695,0.9285714285714286,0.1511627906976744
12,0.9,0.8,1,3,0.9048178613396005,1.0,0.05813953488372093
13,0.8,1.5,2,4,0.8249118683901293,0.6352941176470588,0.313953488372093
14,0.7,0.4,1,2,0.7837837837837838,0.6747572815533981,0.54296875
15,0.6,0.0,5,1,0.7403055229142186,0.6774193548387096,0.6754385964912281
16,0.9,1.5,1,4,0.9059929494712103,1.0,0.06976744186046512
17,0.9,0.8,2,3,0.9095182138660399,0.9090909090909091,0.11627906976744186
18,0.7,0.0,4,2,0.8025851938895417,0.688034188034188,0.62890625
19,0.8,2.0,3,1,0.7978848413631022,0.0,0.0
20,0.6,0.2,2,3,0.7802585193889542,0.746031746031746,0.6871345029239766
21,0.8,0.0,4,2,0.8284371327849589,0.703125,0.2616279069767442
22,0.5,0.6,1,4,0.7438307873090482,0.76,0.7136150234741784
23,0.8,0.8,4,3,0.8413631022326674,0.7228915662650602,0.3488372093023256
24,0.8,2.0,3,3,0.8343125734430082,0.7123287671232876,0.3023255813953488
25,0.9,1.5,2,3,0.9071680376028202,0.7692307692307693,0.11627906976744186
26,0.5,2.0,3,1,0.7144535840188014,0.6790606653620352,0.8145539906103286
27,0.5,1.0,4,4,0.799059929494712,0.8474114441416893,0.7300469483568075
28,0.9,0.8,5,2,0.9048178613396005,0.6923076923076923,0.10465116279069768
29,0.5,0.8,5,1,0.7144535840188014,0.6790606653620352,0.8145539906103286
30,0.7,0.4,4,2,0.799059929494712,0.673469387755102,0.64453125
31,0.9,0.2,3,2,0.9036427732079906,0.6666666666666666,0.09302325581395349
32,0.5,1.5,2,4,0.7720329024676851,0.8152173913043478,0.704225352112676
33,0.5,0.4,1,4,0.7438307873090482,0.76,0.7136150234741784
34,0.6,0.6,1,1,0.7403055229142186,0.6774193548387096,0.6754385964912281
35,0.6,0.6,4,1,0.7403055229142186,0.6774193548387096,0.6754385964912281
36,0.9,2.0,3,4,0.9142185663924794,0.8823529411764706,0.1744186046511628
37,0.8,0.6,5,4,0.8566392479435958,0.7840909090909091,0.4011627906976744
38,0.6,0.4,3,3,0.7896592244418331,0.7725752508361204,0.6754385964912281
39,0.5,0.8,5,2,0.7873090481786134,0.8232189973614775,0.7323943661971831
40,0.7,2.0,4,2,0.7967097532314924,0.6751054852320675,0.625
41,0.9,0.4,5,3,0.9165687426556992,0.8947368421052632,0.19767441860465115
42,0.9,0.0,4,3,0.9142185663924794,0.8823529411764706,0.1744186046511628
43,0.6,0.4,3,2,0.7779083431257344,0.7459807073954984,0.6783625730994152
44,0.8,0.8,3,4,0.8378378378378378,0.717948717948718,0.32558139534883723
45,0.5,0.4,3,4,0.7931844888366627,0.8205128205128205,0.7511737089201878
46,0.8,0.8,5,4,0.8519388954171563,0.7875,0.36627906976744184
47,0.7,0.0,5,1,0.7555816686251469,0.59375,0.59375
48,0.9,0.8,1,4,0.9059929494712103,0.8,0.09302325581395349
49,0.5,0.4,2,2,0.7579318448883666,0.8254437869822485,0.6549295774647887
50,0.6,0.2,1,3,0.7591069330199764,0.7527675276752768,0.5964912280701754
51,0.7,0.6,3,4,0.8202115158636898,0.7288888888888889,0.640625
52,0.5,1.0,3,1,0.7144535840188014,0.6790606653620352,0.8145539906103286
53,0.9,0.2,2,3,0.9095182138660399,0.9090909090909091,0.11627906976744186
54,0.7,0.8,5,4,0.836662749706228,0.7772511848341233,0.640625
55,0.6,0.0,3,1,0.7403055229142186,0.6774193548387096,0.6754385964912281
56,0.7,0.6,4,3,0.8190364277320799,0.7602040816326531,0.58203125
57,0.8,0.6,3,3,0.8319623971797885,0.6986301369863014,0.29651162790697677
58,0.7,0.0,3,3,0.81786133960047,0.7244444444444444,0.63671875
59,0.5,1.0,1,3,0.7391304347826086,0.7307692307692307,0.7582159624413145
60,0.7,1.0,5,4,0.8401880141010576,0.7678571428571429,0.671875
61,0.6,0.2,3,3,0.7931844888366627,0.7515151515151515,0.7251461988304093
62,0.8,0.2,5,3,0.8519388954171563,0.7346938775510204,0.4186046511627907
63,0.6,0.4,3,4,0.799059929494712,0.8178438661710037,0.6432748538011696
64,0.8,1.0,1,4,0.8202115158636898,0.8064516129032258,0.14534883720930233
65,0.7,0.2,3,3,0.8072855464159812,0.6982758620689655,0.6328125
66,0.6,1.5,3,2,0.7720329024676851,0.7215568862275449,0.7046783625730995
67,0.7,0.2,2,1,0.7555816686251469,0.59375,0.59375
68,0.6,2.0,4,4,0.8108108108108109,0.7967213114754098,0.7105263157894737
69,0.5,1.5,5,3,0.8014101057579318,0.8286445012787724,0.7605633802816901
70,0.8,0.4,3,1,0.7978848413631022,0.0,0.0
71,0.9,1.0,1,3,0.9036427732079906,0.8333333333333334,0.05813953488372093
72,0.7,0.6,4,4,0.8307873090481787,0.8010752688172043,0.58203125
73,0.8,2.0,4,1,0.7978848413631022,0.0,0.0
74,0.5,0.6,5,1,0.7144535840188014,0.7683284457478006,0.6150234741784038
75,0.6,0.0,2,4,0.7884841363102233,0.762987012987013,0.6871345029239766
76,0.5,0.0,1,1,0.7144535840188014,0.6790606653620352,0.8145539906103286
77,0.9,0.8,2,1,0.8989424206815512,0.0,0.0
78,0.6,0.8,3,1,0.7403055229142186,0.6774193548387096,0.6754385964912281
79,0.6,1.0,4,1,0.7403055229142186,0.6774193548387096,0.6754385964912281
80,0.9,2.0,2,1,0.8989424206815512,0.0,0.0
81,0.7,0.4,5,4,0.8343125734430082,0.7489177489177489,0.67578125
82,0.6,1.0,4,3,0.7978848413631022,0.7871621621621622,0.6812865497076024
83,0.8,2.0,4,4,0.8472385428907168,0.828125,0.3081395348837209
84,0.9,1.0,2,3,0.9095182138660399,0.9090909090909091,0.11627906976744186
85,0.6,0.8,1,4,0.7591069330199764,0.7527675276752768,0.5964912280701754
86,0.8,2.0,2,2,0.8143360752056404,0.625,0.20348837209302326
87,0.7,1.0,2,4,0.8025851938895417,0.7682926829268293,0.4921875
88,0.8,0.4,2,4,0.8354876615746181,0.7352941176470589,0.29069767441860467
89,0.9,0.2,1,3,0.9048178613396005,0.6666666666666666,0.11627906976744186
90,0.5,0.6,3,4,0.7837837837837838,0.7880952380952381,0.7769953051643192
91,0.7,0.2,4,3,0.8190364277320799,0.7142857142857143,0.6640625
92,0.6,0.6,4,3,0.8037602820211516,0.8252788104089219,0.6491228070175439
93,0.8,0.8,2,1,0.7978848413631022,0.0,0.0
94,0.8,0.8,4,2,0.8284371327849589,0.703125,0.2616279069767442
95,0.5,1.5,1,1,0.7144535840188014,0.6790606653620352,0.8145539906103286
96,0.7,0.4,2,1,0.7555816686251469,0.59375,0.59375
97,0.6,2.0,4,1,0.7403055229142186,0.6774193548387096,0.6754385964912281
98,0.8,1.0,2,4,0.8307873090481787,0.8181818181818182,0.20930232558139536
99,0.5,1.0,5,3,0.8025851938895417,0.8290816326530612,0.7629107981220657
100,0.7,1.0,2,3,0.8014101057579318,0.7142857142857143,0.56640625
101,0.9,2.0,1,2,0.9012925969447708,1.0,0.023255813953488372
102,0.5,0.0,3,4,0.7849588719153937,0.8123393316195373,0.7417840375586855
103,0.6,0.2,1,1,0.7403055229142186,0.6774193548387096,0.6754385964912281
104,0.9,1.5,3,2,0.9036427732079906,1.0,0.046511627906976744
105,0.6,1.0,2,4,0.7873090481786134,0.7692307692307693,0.672514619883041
106,0.6,0.8,1,1,0.7403055229142186,0.6774193548387096,0.6754385964912281
107,0.9,2.0,2,2,0.9024676850763808,1.0,0.03488372093023256
108,0.6,0.8,4,1,0.7403055229142186,0.6774193548387096,0.6754385964912281
109,0.8,0.8,5,3,0.8507638072855465,0.7419354838709677,0.4011627906976744
110,0.6,0.0,2,2,0.7755581668625147,0.7443365695792881,0.672514619883041
111,0.9,0.2,2,1,0.8989424206815512,0.0,0.0
112,0.6,0.0,5,2,0.7943595769682726,0.7365439093484419,0.7602339181286549
113,0.9,0.2,5,1,0.8989424206815512,0.0,0.0
114,0.6,0.6,4,2,0.7837837837837838,0.7484276729559748,0.695906432748538
115,0.8,0.8,5,1,0.7978848413631022,0.0,0.0
116,0.6,1.5,1,3,0.7626321974148061,0.7317880794701986,0.6461988304093568
117,0.8,0.8,1,2,0.8131609870740305,0.6511627906976745,0.16279069767441862
118,0.7,0.2,2,2,0.790834312573443,0.6788990825688074,0.578125
119,0.8,0.2,4,1,0.7978848413631022,0.0,0.0
120,0.7,2.0,1,1,0.7555816686251469,0.59375,0.59375
121,0.9,2.0,5,1,0.8989424206815512,0.0,0.0
122,0.7,0.8,3,1,0.7555816686251469,0.59375,0.59375
123,0.7,0.4,1,4,0.7873090481786134,0.6470588235294118,0.64453125
124,0.6,1.5,5,1,0.7403055229142186,0.6774193548387096,0.6754385964912281
125,0.5,2.0,3,4,0.7790834312573442,0.7902439024390244,0.7605633802816901
126,0.5,0.2,2,1,0.7144535840188014,0.7683284457478006,0.6150234741784038
127,0.7,2.0,5,4,0.8378378378378378,0.7892156862745098,0.62890625
128,0.6,0.0,1,3,0.7579318448883666,0.7481751824817519,0.5994152046783626
129,0.8,0.2,1,4,0.8249118683901293,0.7169811320754716,0.22093023255813954
130,0.6,2.0,1,1,0.7403055229142186,0.6774193548387096,0.6754385964912281
131,0.9,1.5,1,1,0.8989424206815512,0.0,0.0
132,0.9,1.0,2,1,0.8989424206815512,0.0,0.0
133,0.5,0.2,2,2,0.7579318448883666,0.8254437869822485,0.6549295774647887
134,0.7,1.5,4,2,0.7967097532314924,0.6751054852320675,0.625
135,0.5,0.4,1,3,0.7391304347826086,0.748780487804878,0.7206572769953051
136,0.6,1.0,2,2,0.7755581668625147,0.7443365695792881,0.672514619883041
137,0.7,2.0,3,3,0.8096357226792009,0.7117117117117117,0.6171875
138,0.9,0.8,4,1,0.8989424206815512,0.0,0.0
139,0.6,0.0,1,4,0.7591069330199764,0.7527675276752768,0.5964912280701754
140,0.6,0.4,1,1,0.7403055229142186,0.6774193548387096,0.6754385964912281
141,0.8,0.4,4,3,0.8425381903642774,0.7261904761904762,0.3546511627906977
142,0.5,0.4,3,1,0.7144535840188014,0.7683284457478006,0.6150234741784038
143,0.9,0.4,5,2,0.9048178613396005,0.6923076923076923,0.10465116279069768
144,0.7,2.0,4,1,0.7555816686251469,0.59375,0.59375
145,0.9,2.0,4,3,0.9118683901292597,0.8666666666666667,0.1511627906976744
146,0.5,2.0,5,3,0.7861339600470035,0.7863849765258216,0.7863849765258216
147,0.5,2.0,5,1,0.7144535840188014,0.6790606653620352,0.8145539906103286
148,0.8,0.0,5,4,0.8625146886016452,0.7570093457943925,0.47093023255813954
149,0.6,0.6,2,4,0.7802585193889542,0.7557755775577558,0.6695906432748538
150,0.7,0.0,1,4,0.7896592244418331,0.6757990867579908,0.578125
151,0.8,1.5,3,4,0.8331374853113983,0.6595744680851063,0.36046511627906974
152,0.6,0.2,3,1,0.7403055229142186,0.6774193548387096,0.6754385964912281
153,0.7,0.2,5,1,0.7555816686251469,0.59375,0.59375
154,0.9,0.0,2,1,0.8989424206815512,0.0,0.0
155,0.8,1.0,2,2,0.8143360752056404,0.625,0.20348837209302326
156,0.7,0.8,5,3,0.827262044653349,0.755868544600939,0.62890625
157,0.9,0.6,2,3,0.9095182138660399,0.9090909090909091,0.11627906976744186
158,0.8,2.0,3,4,0.8390129259694477,0.8181818181818182,0.2616279069767442
159,0.6,1.5,2,4,0.7884841363102233,0.7579617834394905,0.695906432748538
160,0.7,0.4,2,3,0.8037602820211516,0.6995515695067265,0.609375
161,0.5,0.6,3,2,0.7708578143360753,0.8181818181818182,0.6971830985915493
162,0.8,2.0,5,1,0.7978848413631022,0.0,0.0
163,0.9,1.5,3,4,0.9142185663924794,1.0,0.1511627906976744
164,0.6,0.4,5,2,0.790834312573443,0.742603550295858,0.7339181286549707
165,0.7,1.5,1,4,0.7884841363102233,0.7159090909090909,0.4921875
166,0.7,0.4,5,1,0.7555816686251469,0.59375,0.59375
167,0.8,1.0,4,2,0.8284371327849589,0.703125,0.2616279069767442
168,0.8,2.0,5,4,0.8554641598119859,0.8356164383561644,0.3546511627906977
169,0.5,1.0,4,3,0.7873090481786134,0.7752808988764045,0.8098591549295775
170,0.7,2.0,5,3,0.8190364277320799,0.7125,0.66796875
171,0.5,0.8,3,1,0.7144535840188014,0.6790606653620352,0.8145539906103286
172,0.9,0.0,4,4,0.9236192714453584,0.8387096774193549,0.3023255813953488
173,0.9,1.5,4,2,0.9036427732079906,1.0,0.046511627906976744
174,0.5,0.4,4,4,0.8084606345475911,0.8525469168900804,0.7464788732394366
175,0.9,1.0,3,4,0.9142185663924794,1.0,0.1511627906976744
176,0.9,0.0,3,4,0.9212690951821386,0.9523809523809523,0.23255813953488372
177,0.5,0.6,2,3,0.7673325499412456,0.7908163265306123,0.7276995305164319
178,0.7,0.2,3,4,0.8296122209165687,0.7846153846153846,0.59765625
179,0.7,0.2,4,4,0.81786133960047,0.7853107344632768,0.54296875
180,0.5,0.2,5,2,0.790834312573443,0.8229166666666666,0.7417840375586855
181,0.5,2.0,1,1,0.7144535840188014,0.6790606653620352,0.8145539906103286
182,0.8,0.4,1,4,0.8249118683901293,0.7169811320754716,0.22093023255813954
183,0.6,0.4,5,3,0.8131609870740305,0.7886435331230284,0.7309941520467836
184,0.6,0.0,5,4,0.8190364277320799,0.8092105263157895,0.7192982456140351
185,0.7,0.0,5,3,0.827262044653349,0.7534883720930232,0.6328125
186,0.5,1.5,1,2,0.7332549941245593,0.7177242888402626,0.7699530516431925
187,0.6,0.8,2,2,0.7755581668625147,0.7443365695792881,0.672514619883041
188,0.9,0.6,2,4,0.9106933019976499,1.0,0.11627906976744186
189,0.5,2.0,4,4,0.7955346650998825,0.8351063829787234,0.7370892018779343
190,0.5,0.6,4,4,0.8143360752056404,0.8383838383838383,0.7793427230046949
191,0.7,0.8,1,3,0.7849588719153937,0.6398467432950191,0.65234375
192,0.6,0.4,5,4,0.8284371327849589,0.8266666666666667,0.7251461988304093
193,0.8,0.8,3,2,0.8237367802585194,0.6896551724137931,0.23255813953488372
194,0.9,1.0,1,1,0.8989424206815512,0.0,0.0
195,0.8,1.5,4,2,0.8225616921269095,0.6438356164383562,0.27325581395348836
196,0.9,0.2,4,4,0.917743830787309,0.9,0.20930232558139536
197,0.8,0.2,4,2,0.8284371327849589,0.703125,0.2616279069767442
198,0.5,1.0,4,1,0.7144535840188014,0.6790606653620352,0.8145539906103286
199,0.9,0.4,4,3,0.9142185663924794,0.8823529411764706,0.1744186046511628
200,0.7,0.6,1,3,0.7849588719153937,0.6398467432950191,0.65234375
201,0.8,1.0,3,3,0.8319623971797885,0.6986301369863014,0.29651162790697677
202,0.5,0.6,2,4,0.7732079905992949,0.8140161725067385,0.7089201877934272
203,0.6,0.0,1,2,0.7579318448883666,0.7481751824817519,0.5994152046783626
204,0.5,1.5,1,3,0.7391304347826086,0.7307692307692307,0.7582159624413145
205,0.9,0.4,2,1,0.8989424206815512,0.0,0.0
206,0.8,0.2,3,3,0.836662749706228,0.7088607594936709,0.32558139534883723
207,0.6,0.2,5,3,0.8143360752056404,0.7987012987012987,0.7192982456140351
208,0.9,0.0,1,2,0.9012925969447708,1.0,0.023255813953488372
209,0.8,0.2,2,1,0.7978848413631022,0.0,0.0
210,0.9,2.0,5,4,0.9212690951821386,0.8518518518518519,0.26744186046511625
211,0.5,0.2,3,2,0.7708578143360753,0.8181818181818182,0.6971830985915493
212,0.8,1.5,1,1,0.7978848413631022,0.0,0.0
213,0.5,0.2,3,3,0.7755581668625147,0.8328611898016998,0.6901408450704225
214,0.9,1.0,3,1,0.8989424206815512,0.0,0.0
215,0.9,0.2,3,4,0.917743830787309,0.8333333333333334,0.23255813953488372
216,0.6,0.4,1,4,0.7591069330199764,0.7527675276752768,0.5964912280701754
217,0.6,0.6,5,1,0.7403055229142186,0.6774193548387096,0.6754385964912281
218,0.8,0.8,5,2,0.8307873090481787,0.6891891891891891,0.29651162790697677
219,0.8,1.5,4,3,0.8437132784958872,0.7191011235955056,0.37209302325581395
220,0.6,0.6,1,3,0.7591069330199764,0.7527675276752768,0.5964912280701754
221,0.9,0.4,1,3,0.9048178613396005,0.6666666666666666,0.11627906976744186
222,0.8,0.0,4,4,0.854289071680376,0.7307692307692307,0.4418604651162791
223,0.7,0.4,4,1,0.7555816686251469,0.59375,0.59375
224,0.6,0.4,3,1,0.7403055229142186,0.6774193548387096,0.6754385964912281
225,0.7,1.5,1,2,0.7837837837837838,0.6747572815533981,0.54296875
226,0.7,0.0,3,4,0.8213866039952996,0.7321428571428571,0.640625
227,0.6,0.4,2,4,0.7896592244418331,0.7620578778135049,0.6929824561403509
228,0.7,1.5,2,3,0.8014101057579318,0.7061611374407583,0.58203125
229,0.8,0.0,2,4,0.836662749706228,0.7323943661971831,0.3023255813953488
230,0.8,2.0,1,4,0.8202115158636898,0.8064516129032258,0.14534883720930233
231,0.9,1.5,5,3,0.9142185663924794,0.8095238095238095,0.19767441860465115
232,0.8,2.0,2,1,0.7978848413631022,0.0,0.0
233,0.7,1.5,5,1,0.7555816686251469,0.59375,0.59375
234,0.9,0.4,3,1,0.8989424206815512,0.0,0.0
235,0.7,1.5,2,4,0.8096357226792009,0.7303921568627451,0.58203125
236,0.9,1.5,5,4,0.9224441833137486,0.8571428571428571,0.27906976744186046
237,0.8,1.5,3,3,0.836662749706228,0.7538461538461538,0.28488372093023256
238,0.9,0.6,5,3,0.918918918918919,0.9047619047619048,0.22093023255813954
239,0.6,1.0,1,4,0.7591069330199764,0.7527675276752768,0.5964912280701754
240,0.5,1.0,3,3,0.781433607520564,0.8125,0.7323943661971831
241,0.7,0.0,2,3,0.8025851938895417,0.688034188034188,0.62890625
242,0.8,1.0,1,2,0.8096357226792009,0.6041666666666666,0.1686046511627907
243,0.5,0.8,4,1,0.7144535840188014,0.6790606653620352,0.8145539906103286
244,0.8,0.4,3,2,0.8237367802585194,0.6774193548387096,0.2441860465116279
245,0.7,0.2,4,1,0.7555816686251469,0.59375,0.59375
246,0.9,2.0,1,4,0.9059929494712103,0.8,0.09302325581395349
247,0.8,0.0,3,4,0.8472385428907168,0.7441860465116279,0.37209302325581395
248,0.6,0.4,4,4,0.8155111633372503,0.8245614035087719,0.6871345029239766
249,0.9,0.4,1,2,0.9012925969447708,1.0,0.023255813953488372
250,0.9,0.0,3,3,0.9118683901292597,0.9230769230769231,0.13953488372093023
251,0.6,0.8,5,1,0.7403055229142186,0.6774193548387096,0.6754385964912281
252,0.8,0.0,4,3,0.8448883666274971,0.7222222222222222,0.37790697674418605
253,0.5,0.0,1,2,0.7344300822561692,0.7512562814070352,0.7018779342723005
254,0.6,0.0,4,1,0.7403055229142186,0.6774193548387096,0.6754385964912281
255,0.8,0.2,5,2,0.8307873090481787,0.6944444444444444,0.29069767441860467
256,0.9,0.2,1,2,0.9012925969447708,1.0,0.023255813953488372
257,0.5,1.0,1,4,0.7438307873090482,0.7342342342342343,0.7652582159624414
258,0.7,0.4,3,3,0.8131609870740305,0.7365853658536585,0.58984375
259,0.6,2.0,1,3,0.7626321974148061,0.7317880794701986,0.6461988304093568
260,0.7,2.0,2,3,0.799059929494712,0.7014218009478673,0.578125
261,0.8,0.8,1,4,0.81786133960047,0.7073170731707317,0.1686046511627907
262,0.5,0.2,4,3,0.799059929494712,0.8260869565217391,0.7582159624413145
263,0.7,0.8,1,4,0.7896592244418331,0.6571428571428571,0.62890625
264,0.7,0.0,2,4,0.8072855464159812,0.7211538461538461,0.5859375
265,0.6,0.6,2,2,0.7755581668625147,0.7443365695792881,0.672514619883041
266,0.6,0.0,1,1,0.7403055229142186,0.6774193548387096,0.6754385964912281
267,0.9,0.2,5,2,0.9048178613396005,0.6923076923076923,0.10465116279069768
268,0.7,1.5,3,4,0.8190364277320799,0.765625,0.57421875
269,0.8,2.0,1,3,0.81786133960047,0.7297297297297297,0.1569767441860465
270,0.5,0.0,4,3,0.7943595769682726,0.8098765432098766,0.7699530516431925
271,0.8,1.0,4,1,0.7978848413631022,0.0,0.0
272,0.5,0.2,4,2,0.7837837837837838,0.8218085106382979,0.7253521126760564
273,0.8,0.8,3,3,0.8343125734430082,0.7540983606557377,0.26744186046511625
274,0.5,0.2,1,2,0.7332549941245593,0.7177242888402626,0.7699530516431925
275,0.5,2.0,1,2,0.7332549941245593,0.7177242888402626,0.7699530516431925
276,0.9,0.6,4,2,0.9048178613396005,0.6923076923076923,0.10465116279069768
277,0.8,0.6,3,4,0.8401880141010576,0.7727272727272727,0.29651162790697677
278,0.5,1.5,5,4,0.8037602820211516,0.8261964735516373,0.7699530516431925
279,0.5,0.4,4,3,0.7861339600470035,0.819371727748691,0.7347417840375586
280,0.7,0.0,4,4,0.8354876615746181,0.7685185185185185,0.6484375
281,0.7,0.4,3,2,0.7955346650998825,0.6722689075630253,0.625
282,0.8,2.0,5,2,0.8237367802585194,0.6486486486486487,0.27906976744186046
283,0.5,0.8,2,3,0.7708578143360753,0.8031496062992126,0.7183098591549296
284,0.9,0.2,2,4,0.9118683901292597,0.72,0.20930232558139536
285,0.5,1.0,5,4,0.8061104582843713,0.848,0.7464788732394366
286,0.8,1.0,5,2,0.8249118683901293,0.676923076923077,0.2558139534883721
287,0.7,0.8,3,4,0.81786133960047,0.7790055248618785,0.55078125
288,0.9,0.6,1,3,0.9048178613396005,1.0,0.05813953488372093
289,0.8,1.0,5,3,0.8507638072855465,0.7319587628865979,0.4127906976744186
290,0.5,0.0,5,2,0.790834312573443,0.8212435233160622,0.744131455399061
291,0.6,0.4,1,3,0.7591069330199764,0.7527675276752768,0.5964912280701754
292,0.6,0.8,4,2,0.7837837837837838,0.7515923566878981,0.6900584795321637
293,0.5,0.8,3,4,0.7920094007050529,0.8267716535433071,0.7394366197183099
294,0.7,2.0,1,4,0.7884841363102233,0.7159090909090909,0.4921875
295,0.7,1.5,3,1,0.7555816686251469,0.59375,0.59375
296,0.8,0.6,4,4,0.8484136310223267,0.7866666666666666,0.3430232558139535
297,0.8,2.0,1,1,0.7978848413631022,0.0,0.0
298,0.7,1.5,5,2,0.8025851938895417,0.6774193548387096,0.65625
299,0.6,2.0,1,2,0.7567567567567568,0.7184466019417476,0.6491228070175439
300,0.8,0.4,5,2,0.8307873090481787,0.6794871794871795,0.3081395348837209
301,0.8,0.4,2,1,0.7978848413631022,0.0,0.0
302,0.5,0.4,3,3,0.7779083431257344,0.8264462809917356,0.704225352112676
303,0.9,0.2,2,2,0.9024676850763808,0.6363636363636364,0.08139534883720931
304,0.5,2.0,4,3,0.790834312573443,0.8542857142857143,0.7018779342723005
305,0.5,0.8,2,2,0.7579318448883666,0.8254437869822485,0.6549295774647887
306,0.9,0.0,2,2,0.9024676850763808,0.6363636363636364,0.08139534883720931
307,0.9,1.0,5,1,0.8989424206815512,0.0,0.0
308,0.7,0.0,1,2,0.7837837837837838,0.6747572815533981,0.54296875
309,0.7,1.0,3,1,0.7555816686251469,0.59375,0.59375
310,0.5,0.0,2,1,0.7144535840188014,0.6790606653620352,0.8145539906103286
311,0.8,0.2,5,1,0.7978848413631022,0.0,0.0
312,0.6,0.0,3,2,0.7790834312573442,0.7391304347826086,0.695906432748538
313,0.5,0.8,4,3,0.7920094007050529,0.832,0.7323943661971831
314,0.6,0.2,2,1,0.7403055229142186,0.6774193548387096,0.6754385964912281
315,0.9,2.0,3,2,0.9036427732079906,1.0,0.046511627906976744
316,0.7,0.4,4,3,0.8190364277320799,0.7602040816326531,0.58203125
317,0.5,0.4,1,1,0.7144535840188014,0.7683284457478006,0.6150234741784038
318,0.5,0.6,1,2,0.7332549941245593,0.7177242888402626,0.7699530516431925
319,0.8,0.6,4,2,0.8284371327849589,0.703125,0.2616279069767442
320,0.9,2.0,3,3,0.9106933019976499,0.9166666666666666,0.12790697674418605
321,0.5,0.0,3,1,0.7144535840188014,0.6790606653620352,0.8145539906103286
322,0.7,0.6,5,2,0.8025851938895417,0.6774193548387096,0.65625
323,0.6,1.0,1,3,0.7591069330199764,0.7527675276752768,0.5964912280701754
324,0.9,2.0,4,1,0.8989424206815512,0.0,0.0
325,0.7,2.0,1,3,0.7861339600470035,0.6887755102040817,0.52734375
326,0.9,0.6,2,1,0.8989424206815512,0.0,0.0
327,0.5,1.0,1,1,0.7144535840188014,0.6790606653620352,0.8145539906103286
328,0.9,0.4,4,2,0.9048178613396005,0.6923076923076923,0.10465116279069768
329,0.5,0.6,1,3,0.7391304347826086,0.7307692307692307,0.7582159624413145
330,0.6,0.6,1,2,0.7579318448883666,0.7481751824817519,0.5994152046783626
331,0.9,1.5,2,1,0.8989424206815512,0.0,0.0
332,0.6,1.0,2,1,0.7403055229142186,0.6774193548387096,0.6754385964912281
333,0.8,0.8,2,2,0.8190364277320799,0.68,0.19767441860465115
334,0.5,2.0,3,3,0.7802585193889542,0.7907542579075426,0.7629107981220657
335,0.9,0.4,2,3,0.9095182138660399,0.9090909090909091,0.11627906976744186
336,0.9,0.6,4,1,0.8989424206815512,0.0,0.0
337,0.7,0.8,5,2,0.8025851938895417,0.6774193548387096,0.65625
338,0.7,0.0,4,1,0.7555816686251469,0.59375,0.59375
339,0.6,1.0,5,3,0.8037602820211516,0.7675840978593272,0.7339181286549707
340,0.6,0.6,2,1,0.7403055229142186,0.6774193548387096,0.6754385964912281
341,0.6,0.4,5,1,0.7403055229142186,0.6774193548387096,0.6754385964912281
342,0.6,0.8,2,4,0.7884841363102233,0.7612903225806451,0.6900584795321637
343,0.7,0.8,3,2,0.7955346650998825,0.6722689075630253,0.625
344,0.5,1.5,2,3,0.7602820211515864,0.751131221719457,0.7793427230046949
345,0.6,1.0,5,4,0.8131609870740305,0.8166089965397924,0.6900584795321637
346,0.7,0.4,1,1,0.7555816686251469,0.59375,0.59375
347,0.7,1.0,4,3,0.8202115158636898,0.7614213197969543,0.5859375
348,0.8,0.2,5,4,0.8625146886016452,0.7777777777777778,0.4476744186046512
349,0.5,2.0,4,1,0.7144535840188014,0.6790606653620352,0.8145539906103286
350,0.5,2.0,2,4,0.7685076380728555,0.7974025974025974,0.7206572769953051
351,0.7,0.4,1,3,0.7849588719153937,0.6398467432950191,0.65234375
352,0.9,1.5,5,1,0.8989424206815512,0.0,0.0
353,0.8,1.5,4,4,0.8413631022326674,0.6796116504854369,0.4069767441860465
354,0.8,1.0,3,2,0.8202115158636898,0.6507936507936508,0.23837209302325582
355,0.6,0.0,4,2,0.7861339600470035,0.7469135802469136,0.7076023391812866
356,0.5,0.6,3,3,0.7779083431257344,0.8143236074270557,0.7206572769953051
357,0.6,1.5,2,1,0.7403055229142186,0.6774193548387096,0.6754385964912281
358,0.9,1.5,5,2,0.9036427732079906,1.0,0.046511627906976744
359,0.8,1.5,3,2,0.8202115158636898,0.6507936507936508,0.23837209302325582
360,0.9,0.4,5,4,0.9212690951821386,0.7878787878787878,0.3023255813953488
361,0.9,1.5,1,3,0.9036427732079906,0.8333333333333334,0.05813953488372093
362,0.7,1.5,1,3,0.7861339600470035,0.6887755102040817,0.52734375
363,0.7,1.5,4,4,0.8307873090481787,0.788659793814433,0.59765625
364,0.5,1.5,4,2,0.7837837837837838,0.8218085106382979,0.7253521126760564
365,0.6,0.2,3,2,0.7755581668625147,0.7475409836065574,0.6666666666666666
366,0.6,0.2,5,1,0.7403055229142186,0.6774193548387096,0.6754385964912281
367,0.8,1.5,2,2,0.8143360752056404,0.625,0.20348837209302326
368,0.7,0.2,2,4,0.8037602820211516,0.6718146718146718,0.6796875
369,0.7,1.0,1,3,0.7861339600470035,0.6887755102040817,0.52734375
370,0.9,0.0,1,1,0.8989424206815512,0.0,0.0
371,0.8,1.5,5,3,0.8484136310223267,0.7216494845360825,0.4069767441860465
372,0.9,1.5,3,1,0.8989424206815512,0.0,0.0
373,0.8,1.0,3,4,0.8401880141010576,0.8333333333333334,0.2616279069767442
374,0.7,0.2,1,1,0.7555816686251469,0.59375,0.59375
375,0.5,0.6,5,2,0.7873090481786134,0.8232189973614775,0.7323943661971831
376,0.6,0.6,3,2,0.7755581668625147,0.7475409836065574,0.6666666666666666
377,0.5,0.0,4,2,0.7837837837837838,0.8218085106382979,0.7253521126760564
378,0.9,0.4,4,1,0.8989424206815512,0.0,0.0
379,0.5,1.5,2,2,0.7614571092831962,0.8038147138964578,0.6924882629107981
380,0.8,0.4,5,3,0.8519388954171563,0.73,0.42441860465116277
381,0.6,1.5,5,3,0.8084606345475911,0.7877813504823151,0.716374269005848
382,0.7,1.0,3,2,0.7955346650998825,0.6722689075630253,0.625
383,0.7,0.2,5,2,0.8025851938895417,0.6774193548387096,0.65625
384,0.7,2.0,4,4,0.8307873090481787,0.7295081967213115,0.6953125
385,0.5,1.0,5,1,0.7144535840188014,0.6790606653620352,0.8145539906103286
386,0.7,0.8,2,2,0.790834312573443,0.6788990825688074,0.578125
387,0.5,0.6,1,1,0.7144535840188014,0.7683284457478006,0.6150234741784038
388,0.5,1.0,5,2,0.7873090481786134,0.8232189973614775,0.7323943661971831
389,0.8,0.6,5,3,0.8460634547591069,0.7303370786516854,0.37790697674418605
390,0.9,0.0,5,2,0.9048178613396005,0.6923076923076923,0.10465116279069768
391,0.7,1.0,1,4,0.7884841363102233,0.6623931623931624,0.60546875
392,0.8,1.0,1,1,0.7978848413631022,0.0,0.0
393,0.8,0.2,1,1,0.7978848413631022,0.0,0.0
394,0.9,1.0,5,4,0.9224441833137486,1.0,0.23255813953488372
395,0.8,0.4,1,3,0.8213866039952996,0.6666666666666666,0.23255813953488372
396,0.9,1.5,4,1,0.8989424206815512,0.0,0.0
397,0.7,0.2,2,3,0.8037602820211516,0.6995515695067265,0.609375
398,0.7,2.0,3,2,0.7931844888366627,0.6709401709401709,0.61328125
399,0.5,2.0,1,4,0.7426556991774383,0.7325842696629213,0.7652582159624414
400,0.9,0.6,3,1,0.8989424206815512,0.0,0.0
401,0.9,1.0,2,2,0.9024676850763808,1.0,0.03488372093023256
402,0.7,2.0,5,2,0.8025851938895417,0.6774193548387096,0.65625
403,0.9,0.8,3,3,0.9142185663924794,0.9333333333333333,0.16279069767441862
404,0.7,1.5,5,3,0.8284371327849589,0.7546296296296297,0.63671875
405,0.8,2.0,1,2,0.8096357226792009,0.6041666666666666,0.1686046511627907
406,0.5,1.5,4,3,0.7920094007050529,0.8233766233766234,0.744131455399061
407,0.7,1.0,4,4,0.8260869565217391,0.7872340425531915,0.578125
408,0.5,1.0,3,2,0.7708578143360753,0.8181818181818182,0.6971830985915493
409,0.8,0.8,1,1,0.7978848413631022,0.0,0.0
410,0.5,0.4,4,2,0.7837837837837838,0.8218085106382979,0.7253521126760564
411,0.8,0.0,1,4,0.8249118683901293,0.7017543859649122,0.23255813953488372
412,0.8,1.5,5,4,0.854289071680376,0.74,0.43023255813953487
413,0.7,0.6,3,2,0.7955346650998825,0.6722689075630253,0.625
414,0.5,0.4,2,3,0.7661574618096357,0.7830423940149626,0.7370892018779343
415,0.9,1.0,4,3,0.9142185663924794,0.8095238095238095,0.19767441860465115
416,0.8,0.8,2,3,0.8249118683901293,0.6825396825396826,0.25
417,0.5,0.8,2,4,0.7696827262044653,0.8267045454545454,0.6830985915492958
418,0.7,2.0,2,2,0.7884841363102233,0.668141592920354,0.58984375
419,0.7,0.2,5,3,0.8237367802585194,0.7324561403508771,0.65234375
420,0.7,0.0,1,3,0.7884841363102233,0.6652173913043479,0.59765625
421,0.9,1.5,4,3,0.9106933019976499,0.7272727272727273,0.18604651162790697
422,0.7,1.5,4,3,0.8190364277320799,0.7361111111111112,0.62109375
423,0.7,0.0,3,1,0.7555816686251469,0.59375,0.59375
424,0.6,1.5,1,1,0.7403055229142186,0.6774193548387096,0.6754385964912281
425,0.9,2.0,5,3,0.9142185663924794,0.8823529411764706,0.1744186046511628
426,0.9,2.0,4,2,0.9036427732079906,0.8333333333333334,0.05813953488372093
427,0.9,0.6,4,3,0.917743830787309,0.9444444444444444,0.19767441860465115
428,0.9,0.6,1,4,0.9059929494712103,0.8,0.09302325581395349
429,0.9,2.0,1,1,0.8989424206815512,0.0,0.0
430,0.5,0.4,2,1,0.7144535840188014,0.7683284457478006,0.6150234741784038
431,0.5,2.0,2,1,0.7144535840188014,0.6790606653620352,0.8145539906103286
432,0.9,1.0,4,1,0.8989424206815512,0.0,0.0
433,0.9,0.8,3,4,0.9130434782608695,0.875,0.16279069767441862
434,0.9,1.0,3,3,0.9130434782608695,0.9285714285714286,0.1511627906976744
435,0.6,2.0,5,2,0.782608695652174,0.7476340694006309,0.6929824561403509
436,0.8,0.0,3,1,0.7978848413631022,0.0,0.0
437,0.9,1.5,2,2,0.9024676850763808,1.0,0.03488372093023256
438,0.7,0.6,3,3,0.8096357226792009,0.7526881720430108,0.546875
439,0.5,1.5,3,4,0.7920094007050529,0.8200514138817481,0.7488262910798122
440,0.6,0.4,4,3,0.8037602820211516,0.8048780487804879,0.6754385964912281
441,0.9,0.6,5,1,0.8989424206815512,0.0,0.0
442,0.7,0.4,5,2,0.8025851938895417,0.6774193548387096,0.65625
443,0.7,1.5,5,4,0.8343125734430082,0.7346938775510204,0.703125
444,0.5,0.2,1,3,0.7391304347826086,0.748780487804878,0.7206572769953051
445,0.7,0.0,5,4,0.8448883666274971,0.8131313131313131,0.62890625
446,0.6,0.2,4,2,0.7790834312573442,0.740625,0.6929824561403509
447,0.8,0.6,3,1,0.7978848413631022,0.0,0.0
448,0.9,0.6,1,2,0.9012925969447708,1.0,0.023255813953488372
449,0.9,0.0,5,4,0.9283196239717979,0.9629629629629629,0.3023255813953488
450,0.7,0.8,1,2,0.7837837837837838,0.6747572815533981,0.54296875
451,0.5,0.8,1,4,0.7438307873090482,0.7342342342342343,0.7652582159624414
452,0.6,0.0,4,3,0.8119858989424207,0.7973856209150327,0.7134502923976608
453,0.6,0.0,5,3,0.8155111633372503,0.7993527508090615,0.7222222222222222
454,0.8,0.4,3,4,0.8484136310223267,0.7590361445783133,0.36627906976744184
455,0.8,0.0,2,1,0.7978848413631022,0.0,0.0
456,0.6,2.0,2,2,0.7720329024676851,0.716374269005848,0.716374269005848
457,0.6,0.8,1,3,0.7591069330199764,0.7527675276752768,0.5964912280701754
458,0.6,2.0,4,2,0.7790834312573442,0.7452229299363057,0.6842105263157895
459,0.6,0.6,3,3,0.799059929494712,0.7840531561461794,0.6900584795321637
460,0.8,1.0,1,3,0.81786133960047,0.7297297297297297,0.1569767441860465
461,0.9,0.6,5,2,0.9048178613396005,0.6923076923076923,0.10465116279069768
462,0.8,0.8,3,1,0.7978848413631022,0.0,0.0
463,0.7,1.5,1,1,0.7555816686251469,0.59375,0.59375
464,0.7,2.0,1,2,0.7837837837837838,0.6747572815533981,0.54296875
465,0.8,1.5,5,1,0.7978848413631022,0.0,0.0
466,0.8,0.2,2,2,0.8190364277320799,0.68,0.19767441860465115
467,0.5,0.2,2,4,0.7732079905992949,0.8157181571815718,0.7065727699530516
468,0.7,2.0,3,4,0.8108108108108109,0.7567567567567568,0.546875
469,0.7,1.0,2,1,0.7555816686251469,0.59375,0.59375
470,0.6,2.0,3,3,0.7896592244418331,0.7800687285223368,0.6637426900584795
471,0.6,0.0,4,4,0.8108108108108109,0.7909967845659164,0.7192982456140351
472,0.7,1.0,3,3,0.8096357226792009,0.7526881720430108,0.546875
473,0.9,0.0,1,4,0.9059929494712103,0.8,0.09302325581395349
474,0.6,2.0,2,3,0.7790834312573442,0.7789855072463768,0.6286549707602339
475,0.6,0.6,5,2,0.7931844888366627,0.7485029940119761,0.7309941520467836
476,0.9,1.0,2,4,0.9106933019976499,1.0,0.11627906976744186
477,0.7,0.6,5,3,0.827262044653349,0.7422222222222222,0.65234375
478,0.6,0.6,5,3,0.8084606345475911,0.7896440129449838,0.7134502923976608
479,0.6,0.8,5,4,0.8225616921269095,0.8131147540983606,0.7251461988304093
480,0.9,0.4,4,4,0.918918918918919,0.7741935483870968,0.27906976744186046
481,0.8,2.0,2,3,0.827262044653349,0.7551020408163265,0.21511627906976744
482,0.8,0.6,3,2,0.8237367802585194,0.6896551724137931,0.23255813953488372
483,0.9,0.8,5,3,0.9153936545240893,0.8181818181818182,0.20930232558139536
484,0.6,0.8,3,2,0.7802585193889542,0.752442996742671,0.6754385964912281
485,0.7,1.0,1,2,0.7837837837837838,0.6747572815533981,0.54296875
486,0.7,0.0,4,3,0.8213866039952996,0.7549019607843137,0.6015625
487,0.6,1.5,2,2,0.7755581668625147,0.7443365695792881,0.672514619883041
488,0.9,0.4,2,2,0.9024676850763808,1.0,0.03488372093023256
489,0.6,1.0,2,3,0.781433607520564,0.7392638036809815,0.7046783625730995
490,0.7,1.5,4,1,0.7555816686251469,0.59375,0.59375
491,0.6,0.2,4,3,0.8143360752056404,0.804635761589404,0.7105263157894737
492,0.5,0.6,4,1,0.7144535840188014,0.7683284457478006,0.6150234741784038
493,0.8,0.4,5,1,0.7978848413631022,0.0,0.0
494,0.6,0.4,2,3,0.7849588719153937,0.7641196013289037,0.672514619883041
495,0.7,0.2,1,2,0.7837837837837838,0.6747572815533981,0.54296875
496,0.8,0.0,1,2,0.8131609870740305,0.6511627906976745,0.16279069767441862
497,0.9,0.0,1,3,0.9059929494712103,0.7142857142857143,0.11627906976744186
498,0.6,0.0,2,3,0.7790834312573442,0.7421383647798742,0.6900584795321637
499,0.9,1.0,4,4,0.9200940070505288,0.7647058823529411,0.3023255813953488
500,0.9,0.0,2,3,0.9095182138660399,0.9090909090909091,0.11627906976744186
501,0.8,0.0,4,1,0.7978848413631022,0.0,0.0
502,0.9,0.8,3,2,0.9036427732079906,1.0,0.046511627906976744
503,0.9,0.2,3,3,0.9142185663924794,0.8823529411764706,0.1744186046511628
504,0.5,0.0,2,4,0.7626321974148061,0.8218390804597702,0.6713615023474179
505,0.9,1.0,5,2,0.9048178613396005,0.6923076923076923,0.10465116279069768
506,0.9,0.6,2,2,0.9024676850763808,1.0,0.03488372093023256
507,0.5,0.4,5,4,0.799059929494712,0.8381962864721485,0.7417840375586855
508,0.7,1.0,5,3,0.827262044653349,0.755868544600939,0.62890625
509,0.6,0.0,2,1,0.7403055229142186,0.6774193548387096,0.6754385964912281
510,0.9,0.2,4,2,0.9048178613396005,0.6923076923076923,0.10465116279069768
511,0.9,0.8,1,2,0.9012925969447708,1.0,0.023255813953488372
512,0.5,1.5,3,1,0.7144535840188014,0.6790606653620352,0.8145539906103286
513,0.8,0.4,4,4,0.8566392479435958,0.7717391304347826,0.4127906976744186
514,0.5,0.0,4,1,0.7144535840188014,0.6790606653620352,0.8145539906103286
515,0.5,1.0,1,2,0.7332549941245593,0.7177242888402626,0.7699530516431925
516,0.9,0.4,3,3,0.9153936545240893,0.7692307692307693,0.23255813953488372
517,0.9,0.6,5,4,0.9247943595769683,0.8235294117647058,0.32558139534883723
518,0.7,0.6,2,2,0.790834312573443,0.6788990825688074,0.578125
519,0.7,0.6,5,1,0.7555816686251469,0.59375,0.59375
520,0.8,0.6,5,2,0.8307873090481787,0.6891891891891891,0.29651162790697677
521,0.8,0.6,2,1,0.7978848413631022,0.0,0.0
522,0.8,0.0,3,2,0.8237367802585194,0.6896551724137931,0.23255813953488372
523,0.5,0.0,3,2,0.7708578143360753,0.8181818181818182,0.6971830985915493
524,0.6,2.0,4,3,0.8025851938895417,0.8222222222222222,0.6491228070175439
525,0.7,1.0,3,4,0.8166862514688602,0.7272727272727273,0.625
526,0.6,1.0,3,3,0.7896592244418331,0.7859649122807018,0.6549707602339181
527,0.6,1.5,3,1,0.7403055229142186,0.6774193548387096,0.6754385964912281
528,0.9,0.0,2,4,0.9130434782608695,0.6764705882352942,0.26744186046511625
529,0.8,1.0,4,4,0.8507638072855465,0.7848101265822784,0.36046511627906974
530,0.9,0.2,5,4,0.9200940070505288,0.875,0.2441860465116279
531,0.6,1.0,3,4,0.799059929494712,0.7567567567567568,0.7368421052631579
532,0.7,0.2,1,3,0.7849588719153937,0.640926640926641,0.6484375
533,0.6,1.5,5,2,0.7884841363102233,0.7682119205298014,0.6783625730994152
534,0.9,0.6,3,3,0.9142185663924794,0.9333333333333333,0.16279069767441862
535,0.8,2.0,4,3,0.8413631022326674,0.7176470588235294,0.3546511627906977
536,0.5,0.0,1,4,0.7508813160987075,0.7399103139013453,0.7746478873239436
537,0.8,1.0,2,3,0.8249118683901293,0.6825396825396826,0.25
538,0.7,0.2,3,1,0.7555816686251469,0.59375,0.59375
539,0.9,0.8,5,1,0.8989424206815512,0.0,0.0
540,0.6,1.5,2,3,0.7849588719153937,0.7641196013289037,0.672514619883041
541,0.7,1.0,1,1,0.7555816686251469,0.59375,0.59375
542,0.5,0.8,4,4,0.7955346650998825,0.8264248704663213,0.7488262910798122
543,0.9,0.0,3,2,0.9036427732079906,0.6666666666666666,0.09302325581395349
544,0.6,0.0,3,3,0.8072855464159812,0.8090277777777778,0.6812865497076024
545,0.9,1.0,3,2,0.9036427732079906,1.0,0.046511627906976744
546,0.7,0.6,2,1,0.7555816686251469,0.59375,0.59375
547,0.8,1.5,5,2,0.8237367802585194,0.6486486486486487,0.27906976744186046
548,0.5,0.8,1,1,0.7144535840188014,0.6790606653620352,0.8145539906103286
549,0.9,0.8,2,4,0.9106933019976499,1.0,0.11627906976744186
550,0.5,0.4,5,3,0.800235017626322,0.8298969072164949,0.755868544600939
551,0.9,0.4,2,4,0.9130434782608695,0.6764705882352942,0.26744186046511625
552,0.6,0.2,4,4,0.8155111633372503,0.8363636363636363,0.672514619883041
553,0.9,0.4,5,1,0.8989424206815512,0.0,0.0
554,0.8,0.0,5,2,0.8319623971797885,0.6986301369863014,0.29651162790697677
555,0.6,1.0,1,2,0.7579318448883666,0.7481751824817519,0.5994152046783626
556,0.6,0.8,4,3,0.8119858989424207,0.8013245033112583,0.7076023391812866
557,0.7,0.0,3,2,0.7955346650998825,0.6830357142857143,0.59765625
558,0.6,1.5,4,1,0.7403055229142186,0.6774193548387096,0.6754385964912281
559,0.8,0.6,1,1,0.7978848413631022,0.0,0.0
560,0.9,1.5,4,4,0.917743830787309,0.8333333333333334,0.23255813953488372
561,0.7,0.8,1,1,0.7555816686251469,0.59375,0.59375
562,0.7,1.0,5,1,0.7555816686251469,0.59375,0.59375
563,0.5,0.2,5,4,0.8213866039952996,0.8459595959595959,0.7863849765258216
564,0.6,1.5,3,4,0.8025851938895417,0.7919463087248322,0.6900584795321637
565,0.9,0.8,4,3,0.917743830787309,0.9444444444444444,0.19767441860465115
566,0.9,0.8,1,1,0.8989424206815512,0.0,0.0
567,0.8,0.8,1,3,0.8143360752056404,0.6458333333333334,0.18023255813953487
568,0.5,0.6,4,2,0.7837837837837838,0.8218085106382979,0.7253521126760564
569,0.8,0.4,2,3,0.8296122209165687,0.6956521739130435,0.27906976744186046
570,0.7,0.6,3,1,0.7555816686251469,0.59375,0.59375
571,0.6,0.2,1,2,0.7579318448883666,0.7481751824817519,0.5994152046783626
572,0.9,0.6,1,1,0.8989424206815512,0.0,0.0
573,0.8,0.4,1,1,0.7978848413631022,0.0,0.0
574,0.5,2.0,1,3,0.7391304347826086,0.7307692307692307,0.7582159624413145
575,0.5,0.0,5,3,0.8049353701527615,0.825,0.7746478873239436
576,0.5,1.0,3,4,0.7873090481786134,0.8337874659400545,0.7183098591549296
577,0.6,1.5,4,3,0.7967097532314924,0.8028673835125448,0.6549707602339181
578,0.7,0.2,5,4,0.8284371327849589,0.8089887640449438,0.5625
579,0.5,0.4,2,4,0.7708578143360753,0.8031496062992126,0.7183098591549296
580,0.6,1.5,5,4,0.8131609870740305,0.8166089965397924,0.6900584795321637
581,0.8,0.2,4,4,0.8554641598119859,0.7752808988764045,0.4011627906976744
582,0.7,0.6,4,1,0.7555816686251469,0.59375,0.59375
583,0.8,0.6,2,4,0.8284371327849589,0.7321428571428571,0.23837209302325582
584,0.6,2.0,3,1,0.7403055229142186,0.6774193548387096,0.6754385964912281
585,0.6,0.2,4,1,0.7403055229142186,0.6774193548387096,0.6754385964912281
586,0.5,1.5,5,2,0.7873090481786134,0.8232189973614775,0.7323943661971831
587,0.5,1.5,4,4,0.7896592244418331,0.8440111420612814,0.7112676056338029
588,0.7,0.4,2,4,0.8014101057579318,0.6617100371747212,0.6953125
589,0.9,0.2,5,3,0.9165687426556992,0.8947368421052632,0.19767441860465115
590,0.7,0.8,4,2,0.799059929494712,0.673469387755102,0.64453125
591,0.9,0.2,1,1,0.8989424206815512,0.0,0.0
592,0.8,0.0,5,3,0.8519388954171563,0.7254901960784313,0.43023255813953487
593,0.8,0.2,3,2,0.8237367802585194,0.6964285714285714,0.22674418604651161
594,0.8,1.5,1,3,0.81786133960047,0.7297297297297297,0.1569767441860465
595,0.6,0.2,3,4,0.8037602820211516,0.7946127946127947,0.6900584795321637
596,0.9,0.8,5,4,0.9224441833137486,1.0,0.23255813953488372
597,0.6,1.0,1,1,0.7403055229142186,0.6774193548387096,0.6754385964912281
598,0.9,0.6,3,2,0.9036427732079906,1.0,0.046511627906976744
599,0.6,0.6,2,3,0.7849588719153937,0.7641196013289037,0.672514619883041
600,0.6,1.0,5,1,0.7403055229142186,0.6774193548387096,0.6754385964912281
601,0.5,0.2,4,1,0.7144535840188014,0.7683284457478006,0.6150234741784038
602,0.7,1.5,2,2,0.7884841363102233,0.668141592920354,0.58984375
603,0.8,0.2,1,2,0.8131609870740305,0.6511627906976745,0.16279069767441862
604,0.5,1.0,2,1,0.7144535840188014,0.6790606653620352,0.8145539906103286
605,0.7,0.8,2,3,0.8025851938895417,0.7018348623853211,0.59765625
606,0.5,1.5,3,2,0.7708578143360753,0.8181818181818182,0.6971830985915493
607,0.7,1.0,2,2,0.790834312573443,0.6788990825688074,0.578125
608,0.6,1.5,1,4,0.7626321974148061,0.7317880794701986,0.6461988304093568
609,0.8,0.2,3,4,0.8472385428907168,0.7625,0.3546511627906977
610,0.5,0.8,1,2,0.7332549941245593,0.7177242888402626,0.7699530516431925
611,0.5,0.6,2,1,0.7144535840188014,0.7683284457478006,0.6150234741784038
612,0.8,1.5,2,1,0.7978848413631022,0.0,0.0
613,0.9,0.2,3,1,0.8989424206815512,0.0,0.0
614,0.9,0.8,3,1,0.8989424206815512,0.0,0.0
615,0.7,2.0,5,1,0.7555816686251469,0.59375,0.59375
616,0.5,1.5,2,1,0.7144535840188014,0.6790606653620352,0.8145539906103286
617,0.5,0.6,5,4,0.8155111633372503,0.8567639257294429,0.7582159624413145
618,0.6,2.0,1,4,0.7626321974148061,0.7317880794701986,0.6461988304093568
619,0.7,0.8,4,4,0.8202115158636898,0.7877094972067039,0.55078125
620,0.6,0.8,1,2,0.7579318448883666,0.7481751824817519,0.5994152046783626
621,0.7,0.0,2,2,0.7931844888366627,0.6785714285714286,0.59375
622,0.7,0.6,1,4,0.7873090481786134,0.6470588235294118,0.64453125
623,0.9,0.4,3,4,0.9200940070505288,0.95,0.22093023255813954
624,0.7,0.4,4,4,0.8249118683901293,0.7488372093023256,0.62890625
625,0.8,1.5,2,3,0.8249118683901293,0.6885245901639344,0.2441860465116279
626,0.6,1.5,4,4,0.8084606345475911,0.8033898305084746,0.6929824561403509
627,0.5,0.0,4,4,0.8049353701527615,0.8475935828877005,0.744131455399061
628,0.8,0.2,2,4,0.8378378378378378,0.75,0.29651162790697677
629,0.8,0.0,5,1,0.7978848413631022,0.0,0.0
630,0.5,0.0,5,1,0.7144535840188014,0.6790606653620352,0.8145539906103286
631,0.6,2.0,5,3,0.8072855464159812,0.8068965517241379,0.6842105263157895
632,0.9,0.6,4,4,0.918918918918919,0.7428571428571429,0.3023255813953488
633,0.6,2.0,5,4,0.8190364277320799,0.8051948051948052,0.7251461988304093
634,0.6,0.8,4,4,0.8131609870740305,0.8210526315789474,0.6842105263157895
635,0.6,1.0,3,1,0.7403055229142186,0.6774193548387096,0.6754385964912281
636,0.7,0.8,4,1,0.7555816686251469,0.59375,0.59375
637,0.6,1.0,5,2,0.7931844888366627,0.7485029940119761,0.7309941520467836
638,0.8,0.4,2,2,0.8190364277320799,0.68,0.19767441860465115
639,0.6,1.0,3,2,0.7802585193889542,0.752442996742671,0.6754385964912281
640,0.9,2.0,4,4,0.9165687426556992,0.7777777777777778,0.2441860465116279
641,0.9,0.2,4,3,0.9142185663924794,0.8823529411764706,0.1744186046511628
642,0.8,2.0,5,3,0.8484136310223267,0.7216494845360825,0.4069767441860465
643,0.9,2.0,5,2,0.9036427732079906,0.8333333333333334,0.05813953488372093
644,0.8,0.4,1,2,0.8131609870740305,0.6511627906976745,0.16279069767441862
645,0.8,0.0,2,3,0.8296122209165687,0.6956521739130435,0.27906976744186046
646,0.7,2.0,4,3,0.8143360752056404,0.7130434782608696,0.640625
647,0.8,0.6,4,1,0.7978848413631022,0.0,0.0
648,0.7,0.6,4,2,0.799059929494712,0.6706827309236948,0.65234375
649,0.5,0.0,5,4,0.8119858989424207,0.8694444444444445,0.7347417840375586
650,0.8,1.5,4,1,0.7978848413631022,0.0,0.0
651,0.5,0.4,4,1,0.7144535840188014,0.7683284457478006,0.6150234741784038
652,0.7,0.6,2,4,0.8096357226792009,0.7373737373737373,0.5703125
653,0.8,0.4,5,4,0.863689776733255,0.7745098039215687,0.45930232558139533
654,0.8,1.5,3,1,0.7978848413631022,0.0,0.0
655,0.5,0.0,3,3,0.781433607520564,0.8409090909090909,0.6948356807511737
656,0.6,0.4,1,2,0.7579318448883666,0.7481751824817519,0.5994152046783626
657,0.7,1.0,4,2,0.799059929494712,0.6763485477178424,0.63671875
658,0.5,1.5,4,1,0.7144535840188014,0.6790606653620352,0.8145539906103286
659,0.7,0.6,2,3,0.8037602820211516,0.6995515695067265,0.609375
660,0.6,0.2,5,2,0.7943595769682726,0.7365439093484419,0.7602339181286549
661,0.7,1.5,3,2,0.7931844888366627,0.6709401709401709,0.61328125
662,0.7,0.0,5,2,0.8061104582843713,0.6872427983539094,0.65234375
663,0.5,2.0,4,2,0.7837837837837838,0.8218085106382979,0.7253521126760564
664,0.7,0.0,1,1,0.7555816686251469,0.59375,0.59375
665,0.9,0.4,1,4,0.9059929494712103,0.8,0.09302325581395349
666,0.6,0.6,4,4,0.8131609870740305,0.8327272727272728,0.6695906432748538
667,0.6,0.4,2,2,0.7755581668625147,0.7443365695792881,0.672514619883041
668,0.9,1.0,4,2,0.9048178613396005,0.6923076923076923,0.10465116279069768
669,0.8,0.4,4,1,0.7978848413631022,0.0,0.0
670,0.8,0.6,1,4,0.81786133960047,0.7073170731707317,0.1686046511627907
671,0.6,0.4,4,1,0.7403055229142186,0.6774193548387096,0.6754385964912281
672,0.9,2.0,3,1,0.8989424206815512,0.0,0.0
673,0.5,0.2,5,1,0.7144535840188014,0.7683284457478006,0.6150234741784038
674,0.5,0.2,4,4,0.8131609870740305,0.836272040302267,0.7793427230046949
675,0.8,0.2,3,1,0.7978848413631022,0.0,0.0
676,0.5,1.0,2,4,0.7685076380728555,0.8119891008174387,0.6995305164319249
677,0.8,0.2,2,3,0.8296122209165687,0.6956521739130435,0.27906976744186046
678,0.7,0.0,2,1,0.7555816686251469,0.59375,0.59375
679,0.5,0.6,5,3,0.7978848413631022,0.8256410256410256,0.755868544600939
680,0.9,1.0,1,2,0.9012925969447708,1.0,0.023255813953488372
681,0.6,1.5,4,2,0.782608695652174,0.7430340557275542,0.7017543859649122
682,0.7,0.6,1,1,0.7555816686251469,0.59375,0.59375
683,0.6,0.8,3,3,0.7896592244418331,0.8075471698113208,0.6257309941520468
684,0.7,0.2,4,2,0.8025851938895417,0.688034188034188,0.62890625
685,0.9,1.0,1,4,0.9059929494712103,0.8,0.09302325581395349
686,0.6,0.2,5,4,0.8260869565217391,0.8391608391608392,0.7017543859649122
687,0.8,0.2,4,3,0.8448883666274971,0.7083333333333334,0.3953488372093023
688,0.7,0.4,3,1,0.7555816686251469,0.59375,0.59375
689,0.8,0.6,1,2,0.8131609870740305,0.6511627906976745,0.16279069767441862
690,0.5,0.8,1,3,0.7391304347826086,0.7307692307692307,0.7582159624413145
691,0.7,0.8,2,1,0.7555816686251469,0.59375,0.59375
692,0.7,0.8,2,4,0.8131609870740305,0.7365853658536585,0.58984375
693,0.7,0.8,5,1,0.7555816686251469,0.59375,0.59375
694,0.9,0.8,4,2,0.9048178613396005,0.6923076923076923,0.10465116279069768
695,0.5,0.6,4,3,0.7873090481786134,0.8266666666666667,0.7276995305164319
696,0.5,2.0,2,3,0.7602820211515864,0.8153409090909091,0.6737089201877934
697,0.6,0.8,5,3,0.81786133960047,0.8025889967637541,0.7251461988304093
698,0.8,0.6,2,3,0.8260869565217391,0.6875,0.2558139534883721
699,0.5,1.0,2,2,0.7579318448883666,0.8254437869822485,0.6549295774647887
700,0.9,0.8,4,4,0.9153936545240893,0.8888888888888888,0.18604651162790697
701,0.5,1.5,5,1,0.7144535840188014,0.6790606653620352,0.8145539906103286
702,0.9,0.4,3,2,0.9036427732079906,0.6666666666666666,0.09302325581395349
703,0.6,0.0,3,4,0.8049353701527615,0.7875816993464052,0.7046783625730995
704,0.5,0.6,3,1,0.7144535840188014,0.7683284457478006,0.6150234741784038
705,0.8,0.0,2,2,0.8190364277320799,0.68,0.19767441860465115
706,0.6,2.0,2,4,0.7884841363102233,0.7579617834394905,0.695906432748538
707,0.6,0.6,3,4,0.799059929494712,0.7714285714285715,0.7105263157894737
708,0.5,0.2,3,4,0.7920094007050529,0.8507042253521127,0.7089201877934272
709,0.8,1.0,3,1,0.7978848413631022,0.0,0.0
710,0.5,0.8,5,3,0.799059929494712,0.8148148148148148,0.7746478873239436
711,0.6,0.8,2,1,0.7403055229142186,0.6774193548387096,0.6754385964912281
712,0.6,2.0,3,2,0.7720329024676851,0.7215568862275449,0.7046783625730995
713,0.6,0.2,1,4,0.7591069330199764,0.7527675276752768,0.5964912280701754
714,0.8,0.0,1,1,0.7978848413631022,0.0,0.0
715,0.9,0.2,4,1,0.8989424206815512,0.0,0.0
716,0.6,0.8,5,2,0.7931844888366627,0.7485029940119761,0.7309941520467836
717,0.5,2.0,3,2,0.7708578143360753,0.8181818181818182,0.6971830985915493
718,0.9,0.2,1,4,0.9059929494712103,0.8,0.09302325581395349
719,0.5,0.0,1,3,0.7414806110458284,0.764102564102564,0.6995305164319249
720,0.6,0.6,1,4,0.7591069330199764,0.7527675276752768,0.5964912280701754
721,0.6,2.0,2,1,0.7403055229142186,0.6774193548387096,0.6754385964912281
722,0.5,0.4,5,2,0.7896592244418331,0.8224543080939948,0.7394366197183099
723,0.7,0.2,1,4,0.7896592244418331,0.6571428571428571,0.62890625
724,0.6,0.2,2,2,0.7755581668625147,0.7443365695792881,0.672514619883041
725,0.6,1.0,4,4,0.8084606345475911,0.8278388278388278,0.6608187134502924
726,0.5,1.0,2,3,0.7673325499412456,0.7908163265306123,0.7276995305164319
727,0.5,1.0,4,2,0.7837837837837838,0.8218085106382979,0.7253521126760564
728,0.8,0.4,4,2,0.8284371327849589,0.6911764705882353,0.27325581395348836
729,0.8,0.8,4,4,0.8448883666274971,0.8571428571428571,0.27906976744186046
730,0.7,0.4,2,2,0.790834312573443,0.6788990825688074,0.578125
731,0.5,0.0,2,3,0.763807285546416,0.8223495702005731,0.6737089201877934
732,0.5,1.5,1,4,0.7426556991774383,0.7325842696629213,0.7652582159624414
733,0.5,1.5,3,3,0.7802585193889542,0.8025316455696202,0.744131455399061
734,0.7,0.4,5,3,0.8296122209165687,0.7246963562753036,0.69921875
735,0.6,0.4,2,1,0.7403055229142186,0.6774193548387096,0.6754385964912281
736,0.8,1.0,5,4,0.8554641598119859,0.8181818181818182,0.36627906976744184
737,0.9,0.6,3,4,0.9165687426556992,0.7272727272727273,0.27906976744186046
738,0.5,2.0,5,4,0.8049353701527615,0.8869047619047619,0.6995305164319249
739,0.5,0.8,3,3,0.781433607520564,0.8296703296703297,0.7089201877934272
740,0.5,0.8,2,1,0.7144535840188014,0.6790606653620352,0.8145539906103286
741,0.5,0.4,3,2,0.7708578143360753,0.8181818181818182,0.6971830985915493
742,0.6,0.2,2,4,0.7896592244418331,0.7637540453074434,0.6900584795321637
743,0.7,2.0,2,1,0.7555816686251469,0.59375,0.59375
744,0.8,0.6,5,1,0.7978848413631022,0.0,0.0
745,0.8,1.0,2,1,0.7978848413631022,0.0,0.0
746,0.5,0.0,2,2,0.7614571092831962,0.7911227154046997,0.7112676056338029
747,0.6,0.4,4,2,0.7884841363102233,0.7410714285714286,0.7280701754385965
748,0.8,0.6,1,3,0.81786133960047,0.7297297297297297,0.1569767441860465
749,0.7,0.8,3,3,0.8096357226792009,0.7526881720430108,0.546875
750,0.8,0.2,1,3,0.8213866039952996,0.6666666666666666,0.23255813953488372
751,0.7,0.8,4,3,0.8190364277320799,0.7297297297297297,0.6328125
752,0.5,0.6,2,2,0.7579318448883666,0.8254437869822485,0.6549295774647887
753,0.8,1.0,5,1,0.7978848413631022,0.0,0.0
754,0.7,0.4,3,4,0.8155111633372503,0.6761565836298933,0.7421875
755,0.8,1.5,1,4,0.8155111633372503,0.6056338028169014,0.25
756,0.7,2.0,3,1,0.7555816686251469,0.59375,0.59375
757,0.6,1.5,1,2,0.7567567567567568,0.7184466019417476,0.6491228070175439
758,0.8,0.0,1,3,0.8213866039952996,0.6666666666666666,0.23255813953488372
759,0.8,0.6,4,3,0.8437132784958872,0.782608695652174,0.313953488372093
760,0.8,2.0,2,4,0.8296122209165687,0.8,0.20930232558139536
761,0.9,0.0,3,1,0.8989424206815512,0.0,0.0
762,0.7,2.0,2,4,0.8072855464159812,0.73,0.5703125
763,0.5,0.4,1,2,0.7332549941245593,0.7177242888402626,0.7699530516431925
764,0.8,0.0,3,3,0.8378378378378378,0.6888888888888889,0.36046511627906974
765,0.5,0.4,5,1,0.7144535840188014,0.7683284457478006,0.6150234741784038
766,0.5,0.2,1,4,0.7438307873090482,0.76,0.7136150234741784
767,0.5,0.2,1,1,0.7144535840188014,0.7683284457478006,0.6150234741784038
768,0.9,0.0,5,3,0.9165687426556992,0.8947368421052632,0.19767441860465115
769,0.7,0.6,5,4,0.8390129259694477,0.7960199004975125,0.625
770,0.9,2.0,2,3,0.9071680376028202,0.8888888888888888,0.09302325581395349
771,0.7,1.5,2,1,0.7555816686251469,0.59375,0.59375
772,0.9,1.0,5,3,0.9165687426556992,0.9411764705882353,0.18604651162790697
773,0.9,2.0,2,4,0.9106933019976499,1.0,0.11627906976744186
774,0.9,0.0,4,1,0.8989424206815512,0.0,0.0
775,0.9,0.0,5,1,0.8989424206815512,0.0,0.0
776,0.6,0.8,2,3,0.7790834312573442,0.7532894736842105,0.6695906432748538
777,0.8,0.8,2,4,0.8284371327849589,0.703125,0.2616279069767442
778,0.9,2.0,1,3,0.9036427732079906,0.8333333333333334,0.05813953488372093
779,0.8,1.0,4,3,0.8413631022326674,0.7126436781609196,0.36046511627906974
780,0.9,1.5,2,4,0.9106933019976499,1.0,0.11627906976744186
781,0.8,0.4,3,3,0.836662749706228,0.7088607594936709,0.32558139534883723
782,0.8,1.5,1,2,0.8096357226792009,0.6041666666666666,0.1686046511627907
783,0.9,0.8,2,2,0.9024676850763808,1.0,0.03488372093023256
784,0.6,1.5,3,3,0.7896592244418331,0.7800687285223368,0.6637426900584795
785,0.8,0.8,4,1,0.7978848413631022,0.0,0.0
786,0.7,1.0,5,2,0.8025851938895417,0.6774193548387096,0.65625
787,0.6,2.0,5,1,0.7403055229142186,0.6774193548387096,0.6754385964912281
788,0.5,0.2,3,1,0.7144535840188014,0.7683284457478006,0.6150234741784038
789,0.7,1.0,4,1,0.7555816686251469,0.59375,0.59375
790,0.5,0.2,5,3,0.8084606345475911,0.8363171355498721,0.7676056338028169
791,0.8,0.6,2,2,0.8190364277320799,0.68,0.19767441860465115
792,0.9,1.5,1,2,0.9012925969447708,1.0,0.023255813953488372
793,0.5,0.8,5,4,0.8014101057579318,0.8372703412073491,0.7488262910798122
794,0.6,2.0,3,4,0.7955346650998825,0.7818791946308725,0.6812865497076024
795,0.9,0.0,4,2,0.9048178613396005,0.6923076923076923,0.10465116279069768
796,0.7,1.5,3,3,0.8072855464159812,0.6982758620689655,0.6328125
797,0.6,0.8,3,4,0.8025851938895417,0.7589285714285714,0.7456140350877193
798,0.5,0.2,2,3,0.7696827262044653,0.7860696517412935,0.7417840375586855
799,0.8,2.0,3,2,0.8202115158636898,0.6507936507936508,0.23837209302325582
