sample,PDL1 expression>=0.8772 Q(0.9000)
SIDM00002,0
SIDM00003,0
SIDM00006,0
SIDM00007,1
SIDM00009,1
SIDM00014,0
SIDM00018,0
SIDM00023,0
SIDM00025,0
SIDM00026,0
SIDM00027,0
SIDM00040,0
SIDM00041,1
SIDM00042,0
SIDM00043,0
SIDM00044,0
SIDM00045,0
SIDM00047,0
SIDM00048,0
SIDM00049,0
SIDM00050,0
SIDM00051,0
SIDM00052,0
SIDM00053,0
SIDM00054,1
SIDM00056,1
SIDM00057,0
SIDM00064,0
SIDM00068,0
SIDM00070,0
SIDM00077,0
SIDM00082,0
SIDM00086,0
SIDM00091,0
SIDM00094,0
SIDM00096,1
SIDM00098,0
SIDM00099,0
SIDM00100,0
SIDM00101,0
SIDM00102,0
SIDM00103,0
SIDM00104,0
SIDM00111,0
SIDM00112,0
SIDM00113,0
SIDM00114,0
SIDM00115,0
SIDM00118,0
SIDM00120,0
SIDM00121,0
SIDM00126,0
SIDM00127,0
SIDM00128,0
SIDM00129,0
SIDM00136,0
SIDM00137,0
SIDM00145,0
SIDM00154,0
SIDM00155,0
SIDM00156,0
SIDM00157,0
SIDM00172,0
SIDM00174,0
SIDM00175,0
SIDM00176,0
SIDM00179,0
SIDM00180,0
SIDM00181,0
SIDM00182,0
SIDM00183,0
SIDM00184,0
SIDM00185,0
SIDM00186,0
SIDM00187,0
SIDM00188,0
SIDM00189,0
SIDM00190,0
SIDM00191,0
SIDM00193,0
SIDM00195,0
SIDM00196,0
SIDM00197,0
SIDM00198,0
SIDM00199,1
SIDM00200,0
SIDM00201,0
SIDM00202,0
SIDM00203,0
SIDM00206,1
SIDM00207,0
SIDM00208,0
SIDM00209,1
SIDM00211,0
SIDM00214,0
SIDM00215,0
SIDM00216,0
SIDM00218,1
SIDM00223,0
SIDM00224,0
SIDM00225,0
SIDM00227,0
SIDM00230,0
SIDM00231,0
SIDM00232,0
SIDM00233,0
SIDM00234,0
SIDM00240,1
SIDM00241,0
SIDM00242,0
SIDM00243,0
SIDM00244,0
SIDM00245,0
SIDM00251,0
SIDM00252,1
SIDM00253,0
SIDM00254,0
SIDM00255,0
SIDM00256,0
SIDM00257,0
SIDM00258,0
SIDM00259,0
SIDM00260,0
SIDM00261,0
SIDM00262,0
SIDM00263,0
SIDM00264,0
SIDM00265,0
SIDM00266,0
SIDM00267,0
SIDM00269,0
SIDM00270,0
SIDM00274,0
SIDM00276,0
SIDM00277,0
SIDM00281,0
SIDM00283,0
SIDM00285,0
SIDM00287,0
SIDM00289,0
SIDM00291,0
SIDM00292,0
SIDM00293,0
SIDM00294,0
SIDM00296,0
SIDM00297,0
SIDM00299,0
SIDM00300,0
SIDM00302,0
SIDM00304,0
SIDM00308,0
SIDM00309,0
SIDM00310,0
SIDM00311,0
SIDM00316,0
SIDM00317,0
SIDM00319,0
SIDM00320,0
SIDM00323,0
SIDM00324,0
SIDM00326,0
SIDM00328,0
SIDM00330,0
SIDM00332,0
SIDM00343,0
SIDM00346,0
SIDM00349,0
SIDM00350,0
SIDM00351,0
SIDM00362,0
SIDM00364,0
SIDM00365,0
SIDM00367,0
SIDM00371,0
SIDM00374,1
SIDM00375,0
SIDM00377,0
SIDM00379,1
SIDM00381,0
SIDM00383,0
SIDM00384,1
SIDM00388,0
SIDM00389,0
SIDM00393,1
SIDM00394,1
SIDM00397,0
SIDM00399,0
SIDM00400,0
SIDM00401,0
SIDM00404,0
SIDM00406,0
SIDM00407,0
SIDM00410,0
SIDM00411,0
SIDM00412,0
SIDM00413,0
SIDM00414,0
SIDM00415,0
SIDM00416,0
SIDM00417,0
SIDM00418,0
SIDM00420,0
SIDM00422,1
SIDM00424,0
SIDM00427,0
SIDM00438,0
SIDM00441,0
SIDM00444,0
SIDM00445,0
SIDM00448,1
SIDM00459,0
SIDM00465,0
SIDM00466,0
SIDM00467,1
SIDM00472,0
SIDM00476,0
SIDM00482,1
SIDM00483,0
SIDM00487,0
SIDM00488,1
SIDM00489,0
SIDM00490,0
SIDM00491,1
SIDM00496,1
SIDM00498,0
SIDM00501,0
SIDM00504,0
SIDM00507,0
SIDM00508,0
SIDM00510,0
SIDM00516,0
SIDM00517,0
SIDM00518,0
SIDM00519,0
SIDM00520,0
SIDM00527,0
SIDM00528,0
SIDM00530,0
SIDM00532,0
SIDM00534,0
SIDM00535,0
SIDM00537,0
SIDM00538,0
SIDM00539,0
SIDM00540,0
SIDM00541,0
SIDM00542,0
SIDM00543,0
SIDM00544,0
SIDM00549,0
SIDM00550,0
SIDM00551,0
SIDM00553,0
SIDM00561,0
SIDM00562,0
SIDM00565,0
SIDM00566,1
SIDM00569,0
SIDM00573,0
SIDM00574,0
SIDM00576,0
SIDM00577,0
SIDM00579,0
SIDM00583,0
SIDM00584,0
SIDM00591,0
SIDM00592,1
SIDM00596,0
SIDM00599,0
SIDM00600,1
SIDM00603,0
SIDM00604,0
SIDM00606,0
SIDM00612,0
SIDM00619,0
SIDM00620,0
SIDM00621,0
SIDM00622,0
SIDM00623,1
SIDM00627,0
SIDM00631,0
SIDM00632,1
SIDM00636,1
SIDM00638,0
SIDM00648,0
SIDM00650,0
SIDM00655,0
SIDM00659,1
SIDM00667,1
SIDM00668,0
SIDM00677,0
SIDM00679,0
SIDM00680,0
SIDM00688,0
SIDM00690,0
SIDM00699,0
SIDM00700,1
SIDM00719,0
SIDM00721,0
SIDM00732,0
SIDM00737,0
SIDM00758,0
SIDM00767,0
SIDM00770,0
SIDM00781,0
SIDM00783,0
SIDM00789,0
SIDM00792,0
SIDM00793,0
SIDM00794,0
SIDM00808,1
SIDM00810,0
SIDM00813,1
SIDM00814,0
SIDM00815,0
SIDM00816,0
SIDM00817,0
SIDM00818,0
SIDM00819,0
SIDM00820,0
SIDM00821,0
SIDM00826,0
SIDM00832,0
SIDM00833,0
SIDM00834,0
SIDM00835,0
SIDM00836,0
SIDM00837,0
SIDM00841,0
SIDM00842,0
SIDM00846,0
SIDM00859,0
SIDM00863,0
SIDM00864,0
SIDM00875,0
SIDM00885,0
SIDM00889,0
SIDM00895,0
SIDM00896,0
SIDM00900,1
SIDM00905,0
SIDM00915,0
SIDM00917,1
SIDM00923,0
SIDM00927,0
SIDM00929,0
SIDM00930,0
SIDM00935,0
SIDM00946,0
SIDM00948,0
SIDM00951,0
SIDM00952,0
SIDM00953,0
SIDM00954,0
SIDM00958,0
SIDM00960,0
SIDM00962,0
SIDM00964,0
SIDM00966,0
SIDM00967,0
SIDM00968,0
SIDM00969,0
SIDM00970,0
SIDM00971,0
SIDM00973,0
SIDM00974,0
SIDM00975,0
SIDM00976,0
SIDM00984,1
SIDM00995,0
SIDM01006,0
SIDM01007,0
SIDM01011,1
SIDM01017,0
SIDM01019,0
SIDM01039,0
SIDM01041,0
SIDM01042,0
SIDM01047,0
SIDM01050,0
SIDM01061,0
SIDM01064,1
SIDM01073,1
SIDM01090,1
SIDM01092,1
SIDM01093,0
SIDM01095,0
SIDM01097,0
SIDM01098,0
SIDM01102,1
SIDM01114,0
SIDM01117,0
SIDM01118,0
SIDM01120,0
SIDM01122,0
SIDM01126,0
SIDM01132,0
SIDM01133,0
SIDM01140,0
SIDM01145,0
SIDM01146,0
SIDM01149,0
SIDM01155,0
SIDM01157,0
SIDM01159,0
SIDM01160,0
SIDM01161,0
SIDM01162,0
SIDM01163,0
SIDM01168,0
SIDM01173,0
SIDM01174,0
SIDM01175,0
SIDM01177,0
SIDM01178,0
SIDM01179,0
SIDM01183,0
SIDM01185,0
SIDM01187,0
SIDM01197,0
SIDM01198,0
SIDM01203,0
SIDM01205,0
SIDM01206,0
SIDM01210,0
SIDM01217,0
SIDM01218,1
SIDM01220,0
SIDM01228,0
SIDM01229,0
SIDM01233,0
SIDM01237,0
SIDM01240,0
SIDM01242,0
SIDM01245,0
SIDM01246,0
SIDM01247,0
SIDM01248,0
SIDM01251,0
SIDM01257,0
SIDM01259,0
SIDM01483,0
