sample,PDL1 expression>=-0.2210 Q(0.6000)
SIDM00001,1
SIDM00005,0
SIDM00008,1
SIDM00011,0
SIDM00015,1
SIDM00016,1
SIDM00017,1
SIDM00029,0
SIDM00032,1
SIDM00036,0
SIDM00046,1
SIDM00062,0
SIDM00063,1
SIDM00065,1
SIDM00071,0
SIDM00074,0
SIDM00078,0
SIDM00079,0
SIDM00080,0
SIDM00081,1
SIDM00083,1
SIDM00084,1
SIDM00085,1
SIDM00087,0
SIDM00088,1
SIDM00090,0
SIDM00092,1
SIDM00093,0
SIDM00095,1
SIDM00097,0
SIDM00105,0
SIDM00107,0
SIDM00108,0
SIDM00116,0
SIDM00117,1
SIDM00119,0
SIDM00122,1
SIDM00123,1
SIDM00124,0
SIDM00125,1
SIDM00130,1
SIDM00131,1
SIDM00132,1
SIDM00133,1
SIDM00134,1
SIDM00135,1
SIDM00138,0
SIDM00139,1
SIDM00140,0
SIDM00142,0
SIDM00143,0
SIDM00144,1
SIDM00146,1
SIDM00147,0
SIDM00148,0
SIDM00149,1
SIDM00150,0
SIDM00151,0
SIDM00153,0
SIDM00158,1
SIDM00159,1
SIDM00160,0
SIDM00161,0
SIDM00162,0
SIDM00163,1
SIDM00164,1
SIDM00165,1
SIDM00166,1
SIDM00167,0
SIDM00168,1
SIDM00169,1
SIDM00170,1
SIDM00171,1
SIDM00173,0
SIDM00192,1
SIDM00194,0
SIDM00210,0
SIDM00212,0
SIDM00213,1
SIDM00217,0
SIDM00220,0
SIDM00222,1
SIDM00226,0
SIDM00228,1
SIDM00235,1
SIDM00237,1
SIDM00238,0
SIDM00239,1
SIDM00247,0
SIDM00248,1
SIDM00249,1
SIDM00250,0
SIDM00271,0
SIDM00272,0
SIDM00273,0
SIDM00278,1
SIDM00279,0
SIDM00280,0
SIDM00282,0
SIDM00284,0
SIDM00286,0
SIDM00290,0
SIDM00298,0
SIDM00301,0
SIDM00303,0
SIDM00305,0
SIDM00306,1
SIDM00307,1
SIDM00312,0
SIDM00313,1
SIDM00314,0
SIDM00315,0
SIDM00318,1
SIDM00321,1
SIDM00322,0
SIDM00325,0
SIDM00327,1
SIDM00329,1
SIDM00331,0
SIDM00333,0
SIDM00334,0
SIDM00335,0
SIDM00336,0
SIDM00337,0
SIDM00338,0
SIDM00339,1
SIDM00340,0
SIDM00341,1
SIDM00342,0
SIDM00344,1
SIDM00345,1
SIDM00347,0
SIDM00348,1
SIDM00352,0
SIDM00353,1
SIDM00354,1
SIDM00355,0
SIDM00356,1
SIDM00358,0
SIDM00359,0
SIDM00360,0
SIDM00363,0
SIDM00368,0
SIDM00369,1
SIDM00370,0
SIDM00373,0
SIDM00376,0
SIDM00380,0
SIDM00382,1
SIDM00386,0
SIDM00387,0
SIDM00390,1
SIDM00391,0
SIDM00392,0
SIDM00395,0
SIDM00396,0
SIDM00402,0
SIDM00403,0
SIDM00405,0
SIDM00419,0
SIDM00421,1
SIDM00423,0
SIDM00425,0
SIDM00426,0
SIDM00428,0
SIDM00429,0
SIDM00431,0
SIDM00433,0
SIDM00434,0
SIDM00435,0
SIDM00437,0
SIDM00442,1
SIDM00443,0
SIDM00446,0
SIDM00447,0
SIDM00449,0
SIDM00450,0
SIDM00451,0
SIDM00452,0
SIDM00453,0
SIDM00454,1
SIDM00455,1
SIDM00457,0
SIDM00458,1
SIDM00460,0
SIDM00461,0
SIDM00462,0
SIDM00463,0
SIDM00469,1
SIDM00473,1
SIDM00474,0
SIDM00475,0
SIDM00477,1
SIDM00478,0
SIDM00479,0
SIDM00480,0
SIDM00481,0
SIDM00484,0
SIDM00485,0
SIDM00486,1
SIDM00492,1
SIDM00493,1
SIDM00494,0
SIDM00495,0
SIDM00497,1
SIDM00499,0
SIDM00500,0
SIDM00502,0
SIDM00503,0
SIDM00505,0
SIDM00506,0
SIDM00509,0
SIDM00511,0
SIDM00512,1
SIDM00513,1
SIDM00515,0
SIDM00521,0
SIDM00522,0
SIDM00523,1
SIDM00524,0
SIDM00525,0
SIDM00526,0
SIDM00529,0
SIDM00531,1
SIDM00533,1
SIDM00536,0
SIDM00545,0
SIDM00546,1
SIDM00547,0
SIDM00548,0
SIDM00552,0
SIDM00554,0
SIDM00555,1
SIDM00556,0
SIDM00557,0
SIDM00560,1
SIDM00564,0
SIDM00567,1
SIDM00568,0
SIDM00570,0
SIDM00571,0
SIDM00572,1
SIDM00575,1
SIDM00578,0
SIDM00580,0
SIDM00581,1
SIDM00582,1
SIDM00585,0
SIDM00586,0
SIDM00587,1
SIDM00588,1
SIDM00589,1
SIDM00590,1
SIDM00593,1
SIDM00594,1
SIDM00595,0
SIDM00598,0
SIDM00602,0
SIDM00605,1
SIDM00607,0
SIDM00608,0
SIDM00609,0
SIDM00610,0
SIDM00611,1
SIDM00613,1
SIDM00614,0
SIDM00615,1
SIDM00616,1
SIDM00617,1
SIDM00618,0
SIDM00625,0
SIDM00628,0
SIDM00629,0
SIDM00630,0
SIDM00633,0
SIDM00634,0
SIDM00637,1
SIDM00639,1
SIDM00640,1
SIDM00641,0
SIDM00644,1
SIDM00645,0
SIDM00646,0
SIDM00649,0
SIDM00651,0
SIDM00652,0
SIDM00653,0
SIDM00654,0
SIDM00657,0
SIDM00658,0
SIDM00660,0
SIDM00661,0
SIDM00662,1
SIDM00663,0
SIDM00664,1
SIDM00665,1
SIDM00666,1
SIDM00669,1
SIDM00670,0
SIDM00671,0
SIDM00672,0
SIDM00673,1
SIDM00675,1
SIDM00676,1
SIDM00678,1
SIDM00681,0
SIDM00683,1
SIDM00684,1
SIDM00685,1
SIDM00686,0
SIDM00687,0
SIDM00689,0
SIDM00693,1
SIDM00694,0
SIDM00695,0
SIDM00697,0
SIDM00698,0
SIDM00702,1
SIDM00703,1
SIDM00704,0
SIDM00706,0
SIDM00708,1
SIDM00709,1
SIDM00710,1
SIDM00711,0
SIDM00713,1
SIDM00715,1
SIDM00716,0
SIDM00718,1
SIDM00720,0
SIDM00722,1
SIDM00723,1
SIDM00724,0
SIDM00726,1
SIDM00727,0
SIDM00728,1
SIDM00729,1
SIDM00730,0
SIDM00731,1
SIDM00733,0
SIDM00734,0
SIDM00735,0
SIDM00738,1
SIDM00739,1
SIDM00740,0
SIDM00741,0
SIDM00742,1
SIDM00743,0
SIDM00744,0
SIDM00745,1
SIDM00746,0
SIDM00747,0
SIDM00748,0
SIDM00749,0
SIDM00750,1
SIDM00751,0
SIDM00753,0
SIDM00754,1
SIDM00755,0
SIDM00756,1
SIDM00757,0
SIDM00759,1
SIDM00760,0
SIDM00761,0
SIDM00762,0
SIDM00763,1
SIDM00766,0
SIDM00768,1
SIDM00769,1
SIDM00771,1
SIDM00772,0
SIDM00774,0
SIDM00775,1
SIDM00776,1
SIDM00777,0
SIDM00778,1
SIDM00779,0
SIDM00780,0
SIDM00782,0
SIDM00784,1
SIDM00785,0
SIDM00791,0
SIDM00795,0
SIDM00796,0
SIDM00797,1
SIDM00798,0
SIDM00799,1
SIDM00800,0
SIDM00801,0
SIDM00803,0
SIDM00806,1
SIDM00812,0
SIDM00823,1
SIDM00828,1
SIDM00829,0
SIDM00831,1
SIDM00839,0
SIDM00840,0
SIDM00844,0
SIDM00845,0
SIDM00847,0
SIDM00848,0
SIDM00849,0
SIDM00850,0
SIDM00851,0
SIDM00852,0
SIDM00853,1
SIDM00854,0
SIDM00855,0
SIDM00856,0
SIDM00857,0
SIDM00858,0
SIDM00860,1
SIDM00861,1
SIDM00862,0
SIDM00865,0
SIDM00866,0
SIDM00867,1
SIDM00870,0
SIDM00872,1
SIDM00874,1
SIDM00877,0
SIDM00878,0
SIDM00879,0
SIDM00881,0
SIDM00882,0
SIDM00884,0
SIDM00886,0
SIDM00887,1
SIDM00888,0
SIDM00890,0
SIDM00892,0
SIDM00893,1
SIDM00894,0
SIDM00897,0
SIDM00898,0
SIDM00899,0
SIDM00901,0
SIDM00903,1
SIDM00904,0
SIDM00907,0
SIDM00909,0
SIDM00910,1
SIDM00914,0
SIDM00918,0
SIDM00919,1
SIDM00920,0
SIDM00921,0
SIDM00922,0
SIDM00924,0
SIDM00925,1
SIDM00926,0
SIDM00928,1
SIDM00931,1
SIDM00932,0
SIDM00933,0
SIDM00934,0
SIDM00936,1
SIDM00937,1
SIDM00938,0
SIDM00939,1
SIDM00940,1
SIDM00941,0
SIDM00942,1
SIDM00943,1
SIDM00944,0
SIDM00945,0
SIDM00947,0
SIDM00949,1
SIDM00950,1
SIDM00955,0
SIDM00956,1
SIDM00957,0
SIDM00959,0
SIDM00961,0
SIDM00963,0
SIDM00965,0
SIDM00979,0
SIDM00980,0
SIDM00981,0
SIDM00982,0
SIDM00983,1
SIDM00985,0
SIDM00986,1
SIDM00987,1
SIDM00988,1
SIDM00989,0
SIDM00990,0
SIDM00991,0
SIDM00992,1
SIDM00993,0
SIDM00994,0
SIDM00996,1
SIDM00997,1
SIDM00998,1
SIDM00999,1
SIDM01000,0
SIDM01001,0
SIDM01002,0
SIDM01003,0
SIDM01004,0
SIDM01005,0
SIDM01008,0
SIDM01009,0
SIDM01010,1
SIDM01012,1
SIDM01013,1
SIDM01015,0
SIDM01016,0
SIDM01018,1
SIDM01020,0
SIDM01022,0
SIDM01023,0
SIDM01024,1
SIDM01025,0
SIDM01026,0
SIDM01027,0
SIDM01028,1
SIDM01029,0
SIDM01030,0
SIDM01031,1
SIDM01032,0
SIDM01033,1
SIDM01034,0
SIDM01036,0
SIDM01037,1
SIDM01038,0
SIDM01040,0
SIDM01043,1
SIDM01044,1
SIDM01045,0
SIDM01048,1
SIDM01049,1
SIDM01051,0
SIDM01052,0
SIDM01055,0
SIDM01056,0
SIDM01057,0
SIDM01058,1
SIDM01059,0
SIDM01060,1
SIDM01062,1
SIDM01063,1
SIDM01066,0
SIDM01067,1
SIDM01068,1
SIDM01069,1
SIDM01070,0
SIDM01071,0
SIDM01072,0
SIDM01074,1
SIDM01077,0
SIDM01078,0
SIDM01079,0
SIDM01080,1
SIDM01081,1
SIDM01082,1
SIDM01083,1
SIDM01084,1
SIDM01085,0
SIDM01086,0
SIDM01087,1
SIDM01088,0
SIDM01089,0
SIDM01096,0
SIDM01099,0
SIDM01100,0
SIDM01101,1
SIDM01103,1
SIDM01104,0
SIDM01105,0
SIDM01106,0
SIDM01107,1
SIDM01108,0
SIDM01109,1
SIDM01110,0
SIDM01111,0
SIDM01112,1
SIDM01113,0
SIDM01116,0
SIDM01119,0
SIDM01121,0
SIDM01123,1
SIDM01124,1
SIDM01125,1
SIDM01127,1
SIDM01128,0
SIDM01129,0
SIDM01130,0
SIDM01131,0
SIDM01134,0
SIDM01135,1
SIDM01136,1
SIDM01137,1
SIDM01138,1
SIDM01139,1
SIDM01141,0
SIDM01144,0
SIDM01147,1
SIDM01148,0
SIDM01150,0
SIDM01151,1
SIDM01154,0
SIDM01156,0
SIDM01158,1
SIDM01164,1
SIDM01165,1
SIDM01167,0
SIDM01169,0
SIDM01170,0
SIDM01171,0
SIDM01172,0
SIDM01176,0
SIDM01180,1
SIDM01181,0
SIDM01182,1
SIDM01184,1
SIDM01186,0
SIDM01188,1
SIDM01189,1
SIDM01190,1
SIDM01191,0
SIDM01193,1
SIDM01194,1
SIDM01195,0
SIDM01196,0
SIDM01199,1
SIDM01215,1
SIDM01222,0
SIDM01241,0
SIDM01254,0
SIDM01265,0
SIDM01316,0
SIDM01318,0
SIDM01320,1
SIDM01321,1
SIDM01322,1
SIDM01323,1
SIDM01324,1
SIDM01325,1
SIDM01331,1
SIDM01332,1
SIDM01335,1
SIDM01336,1
SIDM01343,1
SIDM01347,0
SIDM01363,0
SIDM01368,1
SIDM01372,1
SIDM01377,0
SIDM01378,0
SIDM01387,1
SIDM01391,1
SIDM01393,1
SIDM01394,1
SIDM01397,0
SIDM01398,0
SIDM01409,0
SIDM01411,1
SIDM01412,1
SIDM01413,1
SIDM01432,1
SIDM01433,0
SIDM01434,1
SIDM01435,0
SIDM01436,1
SIDM01437,1
SIDM01439,0
SIDM01442,1
SIDM01443,1
SIDM01444,1
SIDM01445,0
SIDM01446,1
SIDM01447,0
SIDM01449,1
SIDM01450,0
SIDM01451,1
SIDM01454,1
SIDM01460,1
SIDM01463,0
SIDM01464,0
SIDM01469,0
SIDM01470,0
SIDM01471,0
SIDM01472,0
SIDM01473,0
SIDM01474,1
SIDM01476,0
SIDM01479,0
SIDM01480,0
SIDM01482,0
SIDM01490,0
SIDM01491,0
SIDM01492,0
SIDM01494,1
SIDM01498,1
SIDM01502,0
SIDM01503,0
SIDM01504,1
SIDM01510,0
SIDM01511,0
SIDM01512,1
SIDM01517,0
SIDM01518,1
SIDM01519,0
SIDM01520,0
SIDM01522,1
SIDM01523,1
SIDM01525,0
SIDM01526,0
SIDM01528,1
SIDM01529,0
SIDM01530,0
SIDM01531,1
SIDM01545,1
SIDM01546,1
SIDM01551,0
SIDM01553,1
SIDM01554,1
SIDM01556,1
SIDM01559,0
SIDM01560,0
SIDM01561,0
SIDM01563,0
SIDM01564,1
SIDM01565,1
SIDM01566,0
SIDM01567,1
SIDM01569,0
SIDM01570,0
SIDM01571,0
SIDM01572,0
SIDM01573,0
SIDM01574,0
SIDM01575,0
SIDM01577,0
SIDM01578,1
SIDM01580,0
SIDM01581,1
SIDM01582,0
SIDM01587,1
SIDM01588,1
SIDM01589,1
SIDM01590,1
SIDM01591,1
SIDM01593,0
SIDM01594,1
SIDM01596,1
SIDM01598,1
SIDM01602,0
SIDM01603,0
SIDM01604,0
SIDM01605,1
SIDM01606,1
SIDM01607,1
SIDM01608,0
SIDM01609,1
SIDM01611,0
SIDM01612,1
SIDM01613,1
SIDM01614,0
SIDM01615,1
SIDM01616,1
SIDM01617,0
SIDM01618,0
SIDM01619,1
SIDM01622,0
SIDM01624,0
SIDM01628,0
SIDM01629,0
SIDM01635,1
SIDM01640,0
SIDM01657,0
SIDM01658,0
SIDM01659,1
SIDM01660,1
SIDM01662,0
SIDM01664,0
SIDM01667,0
SIDM01668,0
SIDM01672,0
SIDM01675,0
SIDM01676,0
SIDM01679,0
SIDM01682,1
SIDM01685,0
SIDM01686,0
SIDM01689,0
SIDM01690,1
SIDM01691,0
SIDM01692,1
SIDM01693,0
SIDM01694,0
SIDM01695,0
SIDM01696,0
SIDM01697,0
SIDM01698,0
SIDM01699,0
SIDM01701,1
SIDM01702,1
SIDM01703,0
SIDM01704,1
SIDM01705,0
SIDM01709,0
SIDM01710,1
SIDM01724,0
SIDM01725,1
SIDM01726,0
SIDM01727,0
SIDM01728,1
SIDM01729,0
SIDM01730,0
SIDM01734,1
SIDM01739,0
SIDM01741,0
SIDM01743,1
SIDM01746,1
SIDM01749,1
SIDM01750,1
SIDM01752,0
SIDM01753,0
SIDM01756,0
SIDM01757,1
SIDM01758,0
SIDM01759,0
SIDM01760,0
SIDM01761,0
SIDM01762,0
SIDM01763,0
SIDM01764,1
SIDM01765,0
SIDM01766,1
SIDM01767,1
SIDM01768,0
SIDM01770,0
SIDM01771,0
SIDM01772,1
SIDM01773,0
SIDM01774,1
SIDM01775,0
SIDM01777,1
SIDM01779,0
SIDM01780,0
SIDM01781,0
SIDM01782,1
SIDM01820,0
SIDM01858,0
SIDM01859,0
SIDM01873,0
