sample,PDL1 expression
SIDM00001,-0.0504740456649619
SIDM00005,-0.2487226733584
SIDM00008,-0.052154118781008
SIDM00011,-0.230073861770289
SIDM00015,-0.212937115986619
SIDM00016,-0.0496340091069389
SIDM00017,-0.0828994568046514
SIDM00029,-0.259307133989491
SIDM00032,-0.104404392690041
SIDM00036,-0.256451009692212
SIDM00046,0.131477872802829
SIDM00062,-0.261659236351955
SIDM00063,-0.168751193034606
SIDM00065,-0.127421394379873
SIDM00071,-0.262163258286769
SIDM00074,-0.260987207105537
SIDM00078,-0.25309086346012
SIDM00079,-0.250234739162842
SIDM00080,-0.255610973134189
SIDM00081,-0.219153386515989
SIDM00083,-0.0750031131592348
SIDM00084,-0.177487573238046
SIDM00085,-0.146574227902798
SIDM00087,-0.222177518124872
SIDM00088,-0.155142600794633
SIDM00090,-0.23813821272731
SIDM00092,-0.217809328023152
SIDM00093,-0.255442965822585
SIDM00095,-0.140525964685032
SIDM00097,-0.259811155924304
SIDM00105,-0.257123038938631
SIDM00107,-0.255106951199375
SIDM00108,-0.255610973134189
SIDM00116,-0.261155214417141
SIDM00117,-0.0007438814299977
SIDM00119,-0.247714629488773
SIDM00122,-0.177319565926441
SIDM00123,-0.188912070427159
SIDM00124,-0.238810241973728
SIDM00125,-0.0506420529765666
SIDM00130,-0.0953319978633925
SIDM00131,-0.191096165478019
SIDM00132,-0.161526878635608
SIDM00133,0.419778419516338
SIDM00134,0.140550267629478
SIDM00135,-0.164551010244491
SIDM00138,-0.256114995069003
SIDM00139,0.0466341804425019
SIDM00140,-0.254098907329748
SIDM00142,-0.258971119366281
SIDM00143,-0.238306220038914
SIDM00144,-0.167911156476583
SIDM00146,0.112661053903113
SIDM00147,-0.26182724366356
SIDM00148,-0.260147170547514
SIDM00149,0.276300175406002
SIDM00150,-0.25090676840926
SIDM00151,-0.260819199793932
SIDM00153,-0.252754848836911
SIDM00158,-0.206384830834039
SIDM00159,-0.105580443871274
SIDM00160,-0.23595411767645
SIDM00161,-0.223521576617709
SIDM00162,-0.258299090119863
SIDM00163,-0.154638578859819
SIDM00164,-0.113812802139899
SIDM00165,0.0439460634568281
SIDM00166,-0.216297262218711
SIDM00167,-0.22755375209622
SIDM00168,-0.102220297639181
SIDM00169,-0.129605489430733
SIDM00170,-0.128093423626291
SIDM00171,0.0274813469195765
SIDM00173,-0.22503364242215
SIDM00192,-0.207224867392062
SIDM00194,-0.250066731851237
SIDM00210,-0.250402746474446
SIDM00212,-0.22503364242215
SIDM00213,-0.204032728471574
SIDM00217,-0.250570753786051
SIDM00220,-0.230577883705102
SIDM00222,0.0468021877541065
SIDM00226,-0.261659236351955
SIDM00228,0.34585520241031
SIDM00235,-0.135653752648499
SIDM00237,-0.204200735783179
SIDM00238,-0.25527495851098
SIDM00239,-0.0775232228333039
SIDM00247,-0.258803112054677
SIDM00248,0.0674670870814734
SIDM00249,-0.20789689663848
SIDM00250,-0.235618103053241
SIDM00271,-0.259811155924304
SIDM00272,-0.262163258286769
SIDM00273,-0.241162344336193
SIDM00278,-0.138845891568986
SIDM00279,-0.25527495851098
SIDM00280,-0.235450095741636
SIDM00282,-0.238978249285333
SIDM00284,-0.251074775720865
SIDM00286,-0.262667280221583
SIDM00290,-0.259139126677886
SIDM00298,-0.226041686291778
SIDM00301,-0.252754848836911
SIDM00303,-0.259139126677886
SIDM00305,-0.224193605864127
SIDM00306,0.0355456978765977
SIDM00307,-0.111460699777435
SIDM00312,-0.237466183480891
SIDM00313,0.903807484249215
SIDM00314,-0.262331265598373
SIDM00315,-0.235450095741636
SIDM00318,-0.219321393827594
SIDM00321,-0.19512834095653
SIDM00322,-0.261659236351955
SIDM00325,-0.245698541749517
SIDM00327,-0.214617189102665
SIDM00329,-0.0188886710832955
SIDM00331,-0.234274044560404
SIDM00333,-0.261323221728746
SIDM00334,-0.243682454010262
SIDM00335,-0.250066731851237
SIDM00336,-0.258131082808258
SIDM00337,-0.237466183480891
SIDM00338,-0.255610973134189
SIDM00339,0.276804197340816
SIDM00340,-0.252586841525306
SIDM00341,-0.171607317331885
SIDM00342,-0.252418834213702
SIDM00344,0.241690669215453
SIDM00345,0.762513335189739
SIDM00347,-0.250402746474446
SIDM00348,-0.174463441629163
SIDM00352,-0.259475141301095
SIDM00353,-0.0209047588225508
SIDM00354,0.109132900359416
SIDM00355,-0.22721773747301
SIDM00356,0.526463062385264
SIDM00358,-0.260819199793932
SIDM00359,-0.247714629488773
SIDM00360,-0.235114081118427
SIDM00363,-0.255610973134189
SIDM00368,-0.260147170547514
SIDM00369,-0.0395535704106624
SIDM00370,-0.262163258286769
SIDM00373,-0.261323221728746
SIDM00376,-0.249226695293214
SIDM00380,-0.2596431486127
SIDM00382,-0.171943331955094
SIDM00386,-0.249058687981609
SIDM00387,-0.260987207105537
SIDM00390,1.68436945396423
SIDM00391,-0.243178432075448
SIDM00392,-0.239818285843356
SIDM00395,-0.261323221728746
SIDM00396,-0.262331265598373
SIDM00402,-0.229233825212266
SIDM00403,-0.251242783032469
SIDM00405,-0.259475141301095
SIDM00419,-0.262331265598373
SIDM00421,0.3928972496596
SIDM00423,-0.242002380894216
SIDM00425,-0.256955031627026
SIDM00426,-0.259139126677886
SIDM00428,-0.258467097431468
SIDM00429,-0.2231855619945
SIDM00431,-0.249226695293214
SIDM00433,-0.252922856148515
SIDM00434,-0.251578797655679
SIDM00435,-0.253930900018143
SIDM00437,-0.262331265598373
SIDM00442,-0.208064903950085
SIDM00443,-0.252754848836911
SIDM00446,-0.260651192482327
SIDM00447,-0.2596431486127
SIDM00449,-0.253258870771725
SIDM00450,-0.259979163235909
SIDM00451,-0.245194519814703
SIDM00452,-0.260819199793932
SIDM00453,-0.257123038938631
SIDM00454,0.0429380195872005
SIDM00455,-0.130109511365546
SIDM00457,-0.240154300466565
SIDM00458,0.108292863801393
SIDM00460,-0.251074775720865
SIDM00461,-0.261155214417141
SIDM00462,-0.262163258286769
SIDM00463,-0.243178432075448
SIDM00469,-0.187400004622718
SIDM00473,-0.196808414072576
SIDM00474,-0.24469049787989
SIDM00475,-0.221505488878454
SIDM00477,0.404153739537109
SIDM00478,-0.237130168857682
SIDM00479,-0.261323221728746
SIDM00480,-0.261155214417141
SIDM00481,-0.258467097431468
SIDM00484,-0.22721773747301
SIDM00485,-0.23813821272731
SIDM00486,-0.0368654534249886
SIDM00492,0.737480245760653
SIDM00493,0.754280976921114
SIDM00494,-0.242338395517425
SIDM00495,-0.258635104743072
SIDM00497,0.0237851860642751
SIDM00499,-0.258467097431468
SIDM00500,-0.2487226733584
SIDM00502,-0.24435448325668
SIDM00503,-0.257291046250235
SIDM00505,-0.241330351647797
SIDM00506,-0.25527495851098
SIDM00509,-0.262499272909978
SIDM00511,-0.248050644111982
SIDM00512,0.490005475767064
SIDM00513,-0.159846805519562
SIDM00515,-0.245362527126308
SIDM00521,-0.237634190792496
SIDM00522,-0.259307133989491
SIDM00523,-0.208400918573294
SIDM00524,-0.232425964132753
SIDM00525,-0.258467097431468
SIDM00526,-0.259979163235909
SIDM00529,-0.256619017003817
SIDM00531,-0.111964721712249
SIDM00533,0.0857798840463757
SIDM00536,-0.258131082808258
SIDM00545,-0.260987207105537
SIDM00546,-0.133133642974429
SIDM00547,-0.225873678980173
SIDM00548,-0.248386658735191
SIDM00552,-0.248218651423586
SIDM00554,-0.253930900018143
SIDM00555,0.0407539245363406
SIDM00556,-0.261323221728746
SIDM00557,-0.26149122904035
SIDM00560,0.27478810960156
SIDM00564,-0.243682454010262
SIDM00567,-0.0377054899830117
SIDM00568,-0.259139126677886
SIDM00570,-0.254770936576166
SIDM00571,-0.259475141301095
SIDM00572,0.542423756987702
SIDM00575,0.38449688407937
SIDM00578,-0.260987207105537
SIDM00580,-0.261995250975164
SIDM00581,0.0780515477125637
SIDM00582,-0.200672582239482
SIDM00585,-0.256955031627026
SIDM00586,-0.256955031627026
SIDM00587,0.362151911635957
SIDM00588,-0.0918038443196957
SIDM00589,0.496893775542853
SIDM00590,-0.212769108675014
SIDM00593,0.0798996281402144
SIDM00594,-0.0645866598397491
SIDM00595,-0.257291046250235
SIDM00598,-0.252922856148515
SIDM00602,-0.242002380894216
SIDM00605,-0.0188886710832955
SIDM00607,-0.256283002380608
SIDM00608,-0.257795068185049
SIDM00609,-0.22536965704536
SIDM00610,-0.261659236351955
SIDM00611,0.0627628823565443
SIDM00613,0.107620834554975
SIDM00614,-0.256619017003817
SIDM00615,0.280332350884513
SIDM00616,-0.153798542301796
SIDM00617,-0.18857605580395
SIDM00618,-0.258635104743072
SIDM00625,-0.26182724366356
SIDM00628,-0.243346439387053
SIDM00629,-0.224025598552523
SIDM00630,-0.245362527126308
SIDM00633,-0.261155214417141
SIDM00634,-0.261995250975164
SIDM00637,-0.183031814520998
SIDM00639,0.251603100600124
SIDM00640,-0.152286476497355
SIDM00641,-0.260651192482327
SIDM00644,-0.0172085979672494
SIDM00645,-0.245026512503099
SIDM00646,-0.26149122904035
SIDM00649,-0.239314263908542
SIDM00651,-0.223353569306104
SIDM00652,-0.223353569306104
SIDM00653,-0.248218651423586
SIDM00654,-0.243346439387053
SIDM00657,-0.261323221728746
SIDM00658,-0.228729803277452
SIDM00660,-0.249730717228028
SIDM00661,-0.238642234662124
SIDM00662,-0.168079163788188
SIDM00663,-0.233602015313985
SIDM00664,-0.190256128919996
SIDM00665,1.15313033467045
SIDM00666,-0.131453569858383
SIDM00669,-0.205544794276016
SIDM00670,-0.233266000690776
SIDM00671,-0.259979163235909
SIDM00672,-0.260819199793932
SIDM00673,-0.0697948864994919
SIDM00675,-0.166735105295351
SIDM00676,0.0965323519890706
SIDM00678,0.288564709153138
SIDM00681,-0.255778980445794
SIDM00683,-0.185719931506672
SIDM00684,-0.218313349957966
SIDM00685,-0.176983551303232
SIDM00686,-0.259307133989491
SIDM00687,-0.249058687981609
SIDM00689,-0.258467097431468
SIDM00693,-0.138173862322568
SIDM00694,-0.262331265598373
SIDM00695,-0.258803112054677
SIDM00697,-0.23595411767645
SIDM00698,-0.261155214417141
SIDM00702,-0.216969291465129
SIDM00703,-0.0464418701864513
SIDM00704,-0.259307133989491
SIDM00706,-0.244186475945076
SIDM00708,0.0972043812354891
SIDM00709,0.498573848658899
SIDM00710,-0.206720845457248
SIDM00711,-0.260483185170723
SIDM00713,0.144582443107989
SIDM00715,-0.201512618797505
SIDM00716,-0.258299090119863
SIDM00718,0.0716672698715886
SIDM00720,-0.257627060873444
SIDM00722,-0.190928158166415
SIDM00723,1.092983717116
SIDM00724,-0.253930900018143
SIDM00726,0.493197614687552
SIDM00727,-0.237970205415705
SIDM00728,0.401297615239831
SIDM00729,0.004464345229745
SIDM00730,-0.259475141301095
SIDM00731,-0.0182166418368771
SIDM00733,-0.26182724366356
SIDM00734,-0.24469049787989
SIDM00735,-0.241834373582611
SIDM00738,-0.204872765029597
SIDM00739,0.10526873219251
SIDM00740,-0.256451009692212
SIDM00741,-0.25745905356184
SIDM00742,-0.116500919125573
SIDM00743,-0.224529620487337
SIDM00744,-0.256451009692212
SIDM00745,-0.178663624419278
SIDM00746,-0.22284954737129
SIDM00747,-0.224529620487337
SIDM00748,-0.261155214417141
SIDM00749,-0.251578797655679
SIDM00750,-0.201176604174296
SIDM00751,-0.241498358959402
SIDM00753,-0.250402746474446
SIDM00754,-0.159510790896353
SIDM00755,-0.221337481566849
SIDM00756,0.151302735572173
SIDM00757,-0.238642234662124
SIDM00759,-0.0494660017953343
SIDM00760,-0.253594885394934
SIDM00761,-0.256787024315421
SIDM00762,-0.248386658735191
SIDM00763,0.835596515737744
SIDM00766,-0.240490315089774
SIDM00768,0.304189389132367
SIDM00769,0.0308414931516687
SIDM00771,-0.217641320711548
SIDM00772,-0.260819199793932
SIDM00774,-0.260483185170723
SIDM00775,-0.219321393827594
SIDM00776,-0.0696268791878873
SIDM00777,-0.259811155924304
SIDM00778,-0.117340955683596
SIDM00779,-0.260987207105537
SIDM00780,-0.236290132299659
SIDM00782,-0.247210607553959
SIDM00784,-0.128261430937896
SIDM00785,-0.250570753786051
SIDM00791,-0.259811155924304
SIDM00795,-0.233434008002381
SIDM00796,-0.25090676840926
SIDM00797,-0.208064903950085
SIDM00798,-0.251914812278888
SIDM00799,-0.206216823522434
SIDM00800,-0.25309086346012
SIDM00801,-0.254098907329748
SIDM00803,-0.221505488878454
SIDM00806,-0.0891157273340219
SIDM00812,-0.229905854458684
SIDM00823,-0.196976421384181
SIDM00828,0.550488107944723
SIDM00829,-0.260819199793932
SIDM00831,-0.199160516435041
SIDM00839,-0.223857591240918
SIDM00840,-0.23377002262559
SIDM00844,-0.245866549061122
SIDM00845,-0.254938943887771
SIDM00847,-0.241330351647797
SIDM00848,-0.260651192482327
SIDM00849,-0.222009510813267
SIDM00850,-0.232929986067567
SIDM00851,-0.251242783032469
SIDM00852,-0.242674410140634
SIDM00853,-0.198656494500227
SIDM00854,-0.258635104743072
SIDM00855,-0.259307133989491
SIDM00856,-0.26149122904035
SIDM00857,-0.237970205415705
SIDM00858,-0.252082819590492
SIDM00860,-0.151950461874146
SIDM00861,0.207921199582926
SIDM00862,-0.248890680670005
SIDM00865,-0.261323221728746
SIDM00866,-0.249226695293214
SIDM00867,0.0978764104819075
SIDM00870,-0.256955031627026
SIDM00872,-0.107428524298924
SIDM00874,-0.194288304398507
SIDM00877,-0.26182724366356
SIDM00878,-0.259139126677886
SIDM00879,-0.254602929264562
SIDM00881,-0.245530534437913
SIDM00882,-0.260651192482327
SIDM00884,-0.253426878083329
SIDM00886,-0.260483185170723
SIDM00887,-0.143214081670706
SIDM00888,-0.258803112054677
SIDM00890,-0.259475141301095
SIDM00892,-0.25309086346012
SIDM00893,-0.144222125540334
SIDM00894,-0.261155214417141
SIDM00897,-0.231753934886335
SIDM00898,-0.222177518124872
SIDM00899,-0.261155214417141
SIDM00901,-0.230409876393498
SIDM00903,-0.18420786570223
SIDM00904,-0.262163258286769
SIDM00907,-0.256619017003817
SIDM00909,-0.257123038938631
SIDM00910,-0.213609145233037
SIDM00914,-0.25745905356184
SIDM00918,-0.25527495851098
SIDM00919,-0.13061353330036
SIDM00920,-0.2596431486127
SIDM00921,-0.252754848836911
SIDM00922,-0.252754848836911
SIDM00924,-0.259307133989491
SIDM00925,0.578041307047879
SIDM00926,-0.251578797655679
SIDM00928,0.988819183921147
SIDM00931,1.16287475874352
SIDM00932,-0.258803112054677
SIDM00933,-0.2596431486127
SIDM00934,-0.236290132299659
SIDM00936,-0.198824501811831
SIDM00937,-0.146238213279589
SIDM00938,-0.261323221728746
SIDM00939,0.13987823838306
SIDM00940,0.861133627101645
SIDM00941,-0.248218651423586
SIDM00942,-0.129101467495919
SIDM00943,-0.123557226212967
SIDM00944,-0.233938029937195
SIDM00945,-0.24653857830754
SIDM00947,-0.235450095741636
SIDM00949,3.17190619091143
SIDM00950,0.0392418587318991
SIDM00955,-0.253594885394934
SIDM00956,-0.0862596030367436
SIDM00957,-0.240154300466565
SIDM00959,-0.258131082808258
SIDM00961,-0.262499272909978
SIDM00963,-0.261995250975164
SIDM00965,-0.261155214417141
SIDM00979,-0.2596431486127
SIDM00980,-0.226713715538196
SIDM00981,-0.256451009692212
SIDM00982,-0.238978249285333
SIDM00983,1.03334112149637
SIDM00985,-0.261323221728746
SIDM00986,-0.0093122543218328
SIDM00987,-0.208904940508108
SIDM00988,3.55193872976106
SIDM00989,-0.22755375209622
SIDM00990,-0.248890680670005
SIDM00991,-0.250570753786051
SIDM00992,0.175495788443237
SIDM00993,-0.258299090119863
SIDM00994,-0.248554666046796
SIDM00996,1.3517149769871
SIDM00997,0.476228876215486
SIDM00998,-0.14556618403317
SIDM00999,-0.143214081670706
SIDM01000,-0.257627060873444
SIDM01001,-0.240826329712984
SIDM01002,-0.258803112054677
SIDM01003,-0.255106951199375
SIDM01004,-0.255610973134189
SIDM01005,-0.262163258286769
SIDM01008,-0.229065817900661
SIDM01009,-0.261995250975164
SIDM01010,1.98527054904808
SIDM01012,0.737480245760653
SIDM01013,1.5158581204248
SIDM01015,-0.256787024315421
SIDM01016,-0.231921942197939
SIDM01018,-0.152454483808959
SIDM01020,-0.258299090119863
SIDM01022,-0.262163258286769
SIDM01023,-0.261323221728746
SIDM01024,-0.11129269246583
SIDM01025,-0.252922856148515
SIDM01026,-0.249730717228028
SIDM01027,-0.249562709916423
SIDM01028,-0.182863807209394
SIDM01029,-0.2487226733584
SIDM01030,-0.236290132299659
SIDM01031,0.0622588604217305
SIDM01032,-0.257963075496654
SIDM01033,-0.0030959837924623
SIDM01034,-0.259475141301095
SIDM01036,-0.259979163235909
SIDM01037,0.226233996547829
SIDM01038,-0.259139126677886
SIDM01040,-0.258803112054677
SIDM01043,-0.139181906192195
SIDM01044,0.170791583718308
SIDM01045,-0.261995250975164
SIDM01048,-0.202184648043924
SIDM01049,0.775113883560085
SIDM01051,-0.24250640282903
SIDM01052,-0.23158592757473
SIDM01055,-0.221169474255244
SIDM01056,-0.262163258286769
SIDM01057,-0.255778980445794
SIDM01058,0.203553009481206
SIDM01059,-0.257963075496654
SIDM01060,-0.191600187412833
SIDM01062,-0.182695799897789
SIDM01063,0.084771840176748
SIDM01066,-0.25309086346012
SIDM01067,0.182048073595816
SIDM01068,0.999403644552238
SIDM01069,1.34953088193624
SIDM01070,-0.226713715538196
SIDM01071,-0.260147170547514
SIDM01072,-0.222177518124872
SIDM01074,0.048314253558548
SIDM01077,-0.250738761097655
SIDM01078,-0.250066731851237
SIDM01079,-0.227049730161406
SIDM01080,-0.208904940508108
SIDM01081,-0.0849155445439067
SIDM01082,-0.181519748716557
SIDM01083,-0.14993437413489
SIDM01084,0.0525144363486632
SIDM01085,-0.256787024315421
SIDM01086,-0.258971119366281
SIDM01087,-0.219825415762407
SIDM01088,-0.246874592930749
SIDM01089,-0.257963075496654
SIDM01096,-0.257795068185049
SIDM01099,-0.237634190792496
SIDM01100,-0.262331265598373
SIDM01101,-0.0540021992086587
SIDM01103,-0.0101522908798559
SIDM01104,-0.245362527126308
SIDM01105,-0.254434921952957
SIDM01106,-0.25309086346012
SIDM01107,-0.199160516435041
SIDM01108,-0.240994337024588
SIDM01109,-0.159846805519562
SIDM01110,-0.250234739162842
SIDM01111,-0.262331265598373
SIDM01112,-0.142038030489474
SIDM01113,-0.250402746474446
SIDM01116,-0.259139126677886
SIDM01119,-0.254266914641352
SIDM01121,-0.261659236351955
SIDM01123,-0.214785196414269
SIDM01124,-0.0642506452165399
SIDM01125,0.520918821102312
SIDM01127,-0.152622491120564
SIDM01128,-0.259307133989491
SIDM01129,-0.257627060873444
SIDM01130,-0.251746804967283
SIDM01131,-0.254938943887771
SIDM01134,-0.259811155924304
SIDM01135,0.178015898117306
SIDM01136,0.784354285698339
SIDM01137,-0.0807153617537915
SIDM01138,0.347199260903147
SIDM01139,0.0068164475922096
SIDM01141,-0.260651192482327
SIDM01144,-0.259475141301095
SIDM01147,-0.187568011934323
SIDM01148,-0.259307133989491
SIDM01150,-0.227385744784615
SIDM01151,-0.198656494500227
SIDM01154,-0.259139126677886
SIDM01156,-0.253930900018143
SIDM01158,0.347703282837961
SIDM01164,-0.216969291465129
SIDM01165,-0.0340093291277103
SIDM01167,-0.238810241973728
SIDM01169,-0.247378614865563
SIDM01170,-0.262163258286769
SIDM01171,-0.249562709916423
SIDM01172,-0.256619017003817
SIDM01176,-0.234274044560404
SIDM01180,-0.0523221260926126
SIDM01181,-0.260987207105537
SIDM01182,-0.186559968064695
SIDM01184,0.0864519132927941
SIDM01186,-0.252250826902097
SIDM01188,-0.0160325467860172
SIDM01189,-0.143382088982311
SIDM01190,0.0078244914618372
SIDM01191,-0.230409876393498
SIDM01193,-0.153966549613401
SIDM01194,-0.110284648596203
SIDM01195,-0.260651192482327
SIDM01196,-0.227385744784615
SIDM01199,0.198680797444673
SIDM01215,-0.0691228572530735
SIDM01222,-0.252250826902097
SIDM01241,-0.260987207105537
SIDM01254,-0.2487226733584
SIDM01265,-0.24469049787989
SIDM01316,-0.262163258286769
SIDM01318,-0.256619017003817
SIDM01320,-0.135485745336894
SIDM01321,-0.120365087292479
SIDM01322,-0.0041040276620899
SIDM01323,-0.20789689663848
SIDM01324,-0.194288304398507
SIDM01325,0.662212970161788
SIDM01331,0.41255410511734
SIDM01332,0.351903465628076
SIDM01335,0.0701552040671471
SIDM01336,0.303013337951135
SIDM01343,-0.0973480856026478
SIDM01347,-0.250066731851237
SIDM01363,-0.259307133989491
SIDM01368,-0.144054118228729
SIDM01372,-0.044425782447196
SIDM01377,-0.253930900018143
SIDM01378,-0.260987207105537
SIDM01387,-0.0923078662545095
SIDM01391,-0.207392874703666
SIDM01393,-0.162366915193631
SIDM01394,0.0177369228465092
SIDM01397,-0.25527495851098
SIDM01398,-0.250570753786051
SIDM01409,-0.231753934886335
SIDM01411,-0.198656494500227
SIDM01412,-0.0692908645646781
SIDM01413,-0.217641320711548
SIDM01432,-0.144054118228729
SIDM01433,-0.253258870771725
SIDM01434,-0.200504574927877
SIDM01435,-0.239482271220147
SIDM01436,0.0588987141896383
SIDM01437,0.194312607342953
SIDM01439,-0.241666366271007
SIDM01442,-0.217977335334757
SIDM01443,-0.213105123298223
SIDM01444,-0.170599273462257
SIDM01445,-0.247378614865563
SIDM01446,-0.161694885947213
SIDM01447,-0.258467097431468
SIDM01449,-0.162198907882027
SIDM01450,-0.247882636800377
SIDM01451,1.93822850179879
SIDM01454,-0.0998681952767169
SIDM01460,0.0442820780800373
SIDM01463,-0.252250826902097
SIDM01464,-0.261995250975164
SIDM01469,-0.246202563684331
SIDM01470,-0.253258870771725
SIDM01471,-0.257627060873444
SIDM01472,-0.225537664356964
SIDM01473,-0.241834373582611
SIDM01474,-0.125909328575431
SIDM01476,-0.253762892706538
SIDM01479,-0.254098907329748
SIDM01480,-0.248386658735191
SIDM01482,-0.253762892706538
SIDM01490,-0.261323221728746
SIDM01491,-0.258467097431468
SIDM01492,-0.261995250975164
SIDM01494,0.573001087699741
SIDM01498,-0.0605544843612385
SIDM01502,-0.249898724539632
SIDM01503,-0.232929986067567
SIDM01504,-0.204200735783179
SIDM01510,-0.249562709916423
SIDM01511,-0.245698541749517
SIDM01512,0.107116812620161
SIDM01517,-0.250570753786051
SIDM01518,-0.198320479877018
SIDM01519,-0.261659236351955
SIDM01520,-0.238810241973728
SIDM01522,0.54309578623412
SIDM01523,-0.218649364581175
SIDM01525,-0.257123038938631
SIDM01526,-0.246370570995936
SIDM01528,-0.21663327684192
SIDM01529,-0.2596431486127
SIDM01530,-0.262163258286769
SIDM01531,-0.171943331955094
SIDM01545,0.291588840762021
SIDM01546,-0.115156860632736
SIDM01551,-0.259139126677886
SIDM01553,0.531335274421798
SIDM01554,-0.22100146694364
SIDM01556,0.309733630415319
SIDM01559,-0.257963075496654
SIDM01560,-0.231249912951521
SIDM01561,-0.249898724539632
SIDM01563,-0.22755375209622
SIDM01564,0.872054102355944
SIDM01565,-0.0739950692896072
SIDM01566,-0.254434921952957
SIDM01567,0.164743320500542
SIDM01569,-0.259979163235909
SIDM01570,-0.238306220038914
SIDM01571,-0.223689583929313
SIDM01572,-0.252586841525306
SIDM01573,-0.25745905356184
SIDM01574,-0.261155214417141
SIDM01575,-0.257627060873444
SIDM01577,-0.259307133989491
SIDM01578,-0.19949653105825
SIDM01580,-0.251242783032469
SIDM01581,1.29946470307807
SIDM01582,-0.233097993379172
SIDM01587,0.401129607928226
SIDM01588,-0.183703843767417
SIDM01589,0.161887196203263
SIDM01590,-0.202352655355528
SIDM01591,-0.21444918179106
SIDM01593,-0.221841503501663
SIDM01594,0.0016082209324667
SIDM01596,1.36028334987894
SIDM01598,0.140550267629478
SIDM01602,-0.23595411767645
SIDM01603,-0.253258870771725
SIDM01604,-0.254602929264562
SIDM01605,-0.20571280158762
SIDM01606,-0.0761791643404671
SIDM01607,-0.0094802616334374
SIDM01608,-0.224529620487337
SIDM01609,-0.185551924195067
SIDM01611,-0.245866549061122
SIDM01612,0.0029522794253036
SIDM01613,-0.183703843767417
SIDM01614,-0.256283002380608
SIDM01615,0.105940761438929
SIDM01616,0.569640941467649
SIDM01617,-0.258635104743072
SIDM01618,-0.260819199793932
SIDM01619,-0.214113167167851
SIDM01622,-0.251410790344074
SIDM01624,-0.235282088430031
SIDM01628,-0.260819199793932
SIDM01629,-0.258299090119863
SIDM01635,-0.218145342646361
SIDM01640,-0.250402746474446
SIDM01657,-0.254938943887771
SIDM01658,-0.258971119366281
SIDM01659,0.732608033724119
SIDM01660,-0.100204209899926
SIDM01662,-0.260987207105537
SIDM01664,-0.261155214417141
SIDM01667,-0.247378614865563
SIDM01668,-0.26182724366356
SIDM01672,-0.24032230777817
SIDM01675,-0.254770936576166
SIDM01676,-0.250570753786051
SIDM01679,-0.252922856148515
SIDM01682,0.286884636037092
SIDM01685,-0.2596431486127
SIDM01686,-0.245362527126308
SIDM01689,-0.246706585619145
SIDM01690,-0.206384830834039
SIDM01691,-0.257963075496654
SIDM01692,-0.214281174479455
SIDM01693,-0.254434921952957
SIDM01694,-0.250234739162842
SIDM01695,-0.256114995069003
SIDM01696,-0.241666366271007
SIDM01697,-0.251242783032469
SIDM01698,-0.227889766719429
SIDM01699,-0.249898724539632
SIDM01701,0.0029522794253036
SIDM01702,-0.16303894444005
SIDM01703,-0.251074775720865
SIDM01704,-0.155814630041052
SIDM01705,-0.2487226733584
SIDM01709,-0.255946987757398
SIDM01710,-0.0565223088827279
SIDM01724,-0.255946987757398
SIDM01725,-0.0044400422852991
SIDM01726,-0.226545708226592
SIDM01727,-0.245194519814703
SIDM01728,0.0053043817877681
SIDM01729,-0.254266914641352
SIDM01730,-0.236290132299659
SIDM01734,0.0609148019288936
SIDM01739,-0.245866549061122
SIDM01741,-0.249730717228028
SIDM01743,0.0064804329690004
SIDM01746,-0.198488487188622
SIDM01749,-0.214785196414269
SIDM01750,-0.18639196075309
SIDM01752,-0.238474227350519
SIDM01753,-0.259811155924304
SIDM01756,-0.2596431486127
SIDM01757,0.448843684423935
SIDM01758,-0.250570753786051
SIDM01759,-0.261659236351955
SIDM01760,-0.261155214417141
SIDM01761,-0.243850461321867
SIDM01762,-0.257795068185049
SIDM01763,-0.257123038938631
SIDM01764,-0.150606403381309
SIDM01765,-0.255610973134189
SIDM01766,-0.120365087292479
SIDM01767,0.428178785096568
SIDM01768,-0.262499272909978
SIDM01770,-0.259307133989491
SIDM01771,-0.223857591240918
SIDM01772,-0.110956677842621
SIDM01773,-0.237466183480891
SIDM01774,0.177511876182492
SIDM01775,-0.26182724366356
SIDM01777,-0.0306491828956181
SIDM01779,-0.240826329712984
SIDM01780,-0.259475141301095
SIDM01781,-0.246370570995936
SIDM01782,-0.160182820142771
SIDM01820,-0.259979163235909
SIDM01858,-0.24217038820582
SIDM01859,-0.25090676840926
SIDM01873,-0.261995250975164
