,Xnq,yq,accuracy,precision,recall
0,9,0.7,0.8186101295641932,0.7671957671957672,0.5686274509803921
1,3,0.6,0.7856301531213192,0.7515923566878981,0.6941176470588235
2,3,0.8,0.8433451118963486,0.6831683168316832,0.40588235294117647
3,7,0.9,0.9293286219081273,0.8571428571428571,0.35294117647058826
4,5,0.6,0.7926972909305064,0.7827586206896552,0.6676470588235294
5,3,0.5,0.767962308598351,0.7714285714285715,0.7623529411764706
6,9,0.9,0.9305064782096584,0.8421052631578947,0.3764705882352941
7,3,0.1,0.9257950530035336,0.9285714285714286,0.9948119325551232
8,3,0.4,0.7726737338044759,0.8158415841584158,0.8046875
9,9,0.1,0.9257950530035336,0.9285714285714286,0.9948119325551232
10,3,0.7,0.8115429917550059,0.7540106951871658,0.5529411764705883
11,7,0.3,0.8044758539458187,0.8639455782312925,0.8552188552188552
12,5,0.8,0.8468786808009423,0.7325581395348837,0.37058823529411766
13,3,0.3,0.7856301531213192,0.8377049180327869,0.8602693602693603
14,9,0.2,0.8445229681978799,0.8717948717948718,0.9458272327964861
15,5,0.1,0.9269729093050648,0.9317904993909866,0.9922178988326849
16,1,0.6,0.7491166077738516,0.6873156342182891,0.6852941176470588
17,1,0.8,0.8103651354534747,0.5849056603773585,0.18235294117647058
18,9,0.3,0.7950530035335689,0.8431372549019608,0.8686868686868687
19,1,0.5,0.7396937573616019,0.75,0.72
20,7,0.2,0.8527679623085983,0.8821917808219178,0.9428989751098097
21,1,0.2,0.8197879858657244,0.847769028871391,0.9458272327964861
22,9,0.8,0.8574793875147232,0.788235294117647,0.3941176470588235
23,9,0.5,0.784452296819788,0.8167539267015707,0.7341176470588235
24,5,0.4,0.7644287396937574,0.8421052631578947,0.75
25,7,0.8,0.8515901060070671,0.7682926829268293,0.37058823529411766
26,7,0.7,0.8150765606595995,0.7606382978723404,0.5607843137254902
27,5,0.9,0.9257950530035336,0.84375,0.3176470588235294
28,3,0.9,0.9163722025912838,1.0,0.16470588235294117
29,1,0.3,0.7762073027090695,0.7953216374269005,0.9158249158249159
30,5,0.2,0.8362779740871613,0.84,0.9838945827232797
31,1,0.7,0.7573616018845701,0.5945945945945946,0.6039215686274509
32,9,0.4,0.7832744405182568,0.8228346456692913,0.81640625
33,7,0.1,0.9305064782096584,0.9289156626506024,1.0
34,7,0.6,0.7974087161366313,0.7658227848101266,0.711764705882353
35,5,0.7,0.8138987043580683,0.7389162561576355,0.5882352941176471
36,1,0.4,0.7455830388692579,0.7835249042145593,0.798828125
37,5,0.3,0.7832744405182568,0.847457627118644,0.8417508417508418
38,9,0.6,0.7950530035335689,0.7748344370860927,0.6882352941176471
39,3,0.2,0.8351001177856302,0.8449809402795425,0.9736456808199122
40,1,0.9,0.8998822143698468,0.0,0.0
41,5,0.5,0.7703180212014135,0.8058510638297872,0.7129411764705882
42,7,0.5,0.784452296819788,0.8025,0.7552941176470588
43,1,0.1,0.9199057714958775,0.9270959902794653,0.9896238651102465
44,7,0.4,0.7832744405182568,0.8388429752066116,0.79296875
