,dualbound,obj,obj_cg,obj_relaxation,soltime,soltime_cg,status,status_cg,Xnq,yq
0,160.0,160.0,255.0,156.24275862068964,0.230236,7200.005693,1,23,9,6
1,185.0,185.0,340.0,177.07930102810624,3.741072,7200.002496,1,23,3,5
2,135.0,135.0,133.83333333333334,1e+20,0.046749,3672.05165,1,1,3,7
3,60.0,60.0,60.0,1e+20,0.015944,2739.058066,1,1,7,8
4,179.0,179.0,340.0,169.27686882074852,6.001799,7200.003079,1,23,5,5
5,199.0,199.0,425.0,188.48806766441365,8.613151,7200.003828,1,23,3,4
6,59.0,59.0,85.0,1e+20,0.021360999999999998,7200.005204,1,23,9,8
7,63.0,63.0,771.0,52.492678376314906,552.762122,7200.004598,1,23,3,0
8,199.0,199.0,512.0,1e+20,10.83953,7200.0024,1,23,3,3
9,51.75541745379426,67.0,771.0,40.96264704637591,3599.993353,7200.00697,23,23,9,0
10,165.0,165.0,163.53684210526316,1e+20,0.10954799999999999,5480.657764,1,1,3,6
11,178.0,178.0,594.0,153.20064867675168,170.317653,7200.004138,1,23,7,2
12,130.0,130.0,170.0,1e+20,0.051809999999999995,7200.003215,1,23,5,7
13,185.0,185.0,594.0,172.1227730140033,67.733311,7200.002715,1,23,3,2
14,118.55354293963849,137.0,683.0,101.90424277593328,3599.994321,7200.006045,23,23,9,1
15,63.0,63.0,771.0,47.02916363041593,840.170322,7200.013717,1,23,5,0
16,213.0,213.0,209.90972222222223,1e+20,0.286057,429.208628,1,1,1,5
17,161.0,161.0,161.0,1e+20,0.027389,102.636454,1,1,1,7
18,176.0,176.0,594.0,149.973744076453,376.367965,7200.007928,1,23,9,2
19,225.0,225.0,218.76795865633076,1e+20,1.4523329999999999,392.882061,1,1,1,4
20,141.0,141.0,683.0,121.117172298883,2990.020776,7200.004117,1,23,7,1
21,154.0,154.0,138.73338210088934,139.3442039862307,145.463785,1073.862853,1,1,1,1
22,121.0,121.0,170.0,1e+20,0.022195,7200.005373,1,23,9,7
23,187.0,187.0,425.0,1e+20,1.6358169999999999,171.058172,1,10,9,4
24,203.0,203.0,512.0,189.53875759904975,128.33292,7200.005605,1,23,5,3
25,126.0,126.0,170.0,1e+20,0.090125,7200.004846,1,23,7,7
26,159.0,159.0,255.0,154.47109826589596,0.5051669999999999,7200.004182,1,23,7,6
27,63.0,63.0,62.333333333333336,1e+20,0.0156,2905.191695,1,1,5,8
28,71.0,71.0,71.0,1e+20,0.019972,413.209301,1,1,3,8
29,202.0,202.0,191.95772459150442,1e+20,8.014888,481.297447,1,1,1,2
30,141.0,141.0,683.0,110.38144645080605,1853.840508,7200.003874,1,23,5,1
31,206.0,206.0,205.46153846153845,1e+20,0.02332,287.112027,1,1,1,6
32,194.0,194.0,512.0,183.15401200469375,69.849955,7200.005126,1,23,9,3
33,62.0,62.0,771.0,42.64145759606832,1397.016089,7200.004933,1,23,7,0
34,172.0,172.0,340.0,164.4484676026828,3.780791,7200.010339,1,23,7,5
35,162.0,162.0,255.0,160.12727272727273,0.38314,7200.003028,1,23,5,6
36,222.0,222.0,218.55146061876002,219.61931881630375,1.228782,482.019948,1,1,1,3
37,190.0,190.0,594.0,162.9046014750535,254.270922,7200.003906,1,23,5,2
38,177.0,177.0,340.0,164.49019848116632,11.232874,7200.005156,1,23,9,5
39,143.0,143.0,683.0,125.18444119322399,554.268032,7200.002183,1,23,3,1
40,85.0,85.0,85.0,1e+20,0.024411,10.575207,1,1,1,8
41,198.0,198.0,425.0,183.44240828899586,14.225815,7200.003198,1,23,5,4
42,193.0,193.0,425.0,181.97345312754717,43.101015,7200.004888,1,23,7,4
43,73.0,73.0,65.8156297686937,66.47641565740882,28.364469,38.191837,1,1,1,0
44,193.0,193.0,512.0,183.56964922624377,42.018531,7200.004169,1,23,7,3
