sample,CD274>=1.1800 Q(0.5000)
SIDM00002,0
SIDM00003,0
SIDM00006,1
SIDM00007,1
SIDM00009,1
SIDM00014,0
SIDM00018,1
SIDM00023,0
SIDM00025,0
SIDM00026,0
SIDM00027,0
SIDM00040,1
SIDM00041,1
SIDM00042,1
SIDM00043,1
SIDM00044,1
SIDM00045,0
SIDM00047,1
SIDM00048,1
SIDM00049,0
SIDM00050,1
SIDM00051,1
SIDM00052,1
SIDM00053,1
SIDM00054,1
SIDM00056,1
SIDM00057,1
SIDM00064,0
SIDM00068,0
SIDM00070,0
SIDM00077,1
SIDM00082,1
SIDM00086,1
SIDM00091,1
SIDM00094,1
SIDM00096,1
SIDM00098,0
SIDM00099,1
SIDM00100,1
SIDM00101,1
SIDM00102,0
SIDM00103,1
SIDM00104,1
SIDM00111,1
SIDM00112,1
SIDM00113,1
SIDM00114,1
SIDM00115,0
SIDM00118,1
SIDM00120,1
SIDM00121,0
SIDM00126,0
SIDM00127,1
SIDM00128,1
SIDM00129,1
SIDM00136,0
SIDM00137,1
SIDM00145,0
SIDM00154,1
SIDM00155,0
SIDM00156,0
SIDM00157,0
SIDM00172,1
SIDM00174,1
SIDM00175,0
SIDM00176,1
SIDM00179,0
SIDM00180,0
SIDM00181,1
SIDM00182,0
SIDM00183,0
SIDM00184,0
SIDM00185,0
SIDM00186,1
SIDM00187,1
SIDM00188,1
SIDM00189,1
SIDM00190,0
SIDM00191,1
SIDM00193,1
SIDM00195,0
SIDM00196,0
SIDM00197,0
SIDM00198,1
SIDM00199,1
SIDM00200,0
SIDM00201,0
SIDM00202,0
SIDM00203,0
SIDM00206,1
SIDM00207,1
SIDM00208,1
SIDM00209,1
SIDM00211,0
SIDM00214,0
SIDM00215,0
SIDM00216,0
SIDM00218,1
SIDM00223,1
SIDM00224,1
SIDM00225,1
SIDM00227,1
SIDM00230,0
SIDM00231,1
SIDM00232,1
SIDM00233,1
SIDM00234,0
SIDM00240,1
SIDM00241,0
SIDM00242,0
SIDM00243,0
SIDM00244,0
SIDM00245,1
SIDM00251,1
SIDM00252,1
SIDM00253,0
SIDM00254,0
SIDM00255,0
SIDM00256,0
SIDM00257,0
SIDM00258,0
SIDM00259,0
SIDM00260,1
SIDM00261,0
SIDM00262,1
SIDM00263,0
SIDM00264,0
SIDM00265,0
SIDM00266,0
SIDM00267,0
SIDM00269,1
SIDM00270,1
SIDM00274,0
SIDM00276,1
SIDM00277,0
SIDM00281,1
SIDM00283,0
SIDM00285,0
SIDM00287,1
SIDM00289,1
SIDM00291,1
SIDM00292,1
SIDM00293,0
SIDM00294,1
SIDM00296,0
SIDM00297,1
SIDM00299,1
SIDM00300,1
SIDM00302,1
SIDM00304,1
SIDM00308,0
SIDM00309,0
SIDM00310,1
SIDM00311,1
SIDM00316,1
SIDM00317,0
SIDM00319,1
SIDM00320,0
SIDM00323,0
SIDM00324,0
SIDM00326,1
SIDM00328,1
SIDM00330,1
SIDM00332,0
SIDM00343,1
SIDM00346,1
SIDM00349,0
SIDM00350,1
SIDM00351,1
SIDM00362,0
SIDM00364,1
SIDM00365,1
SIDM00367,0
SIDM00371,0
SIDM00374,1
SIDM00375,1
SIDM00377,1
SIDM00379,1
SIDM00381,1
SIDM00383,1
SIDM00384,1
SIDM00388,1
SIDM00389,0
SIDM00393,1
SIDM00394,1
SIDM00397,1
SIDM00399,0
SIDM00400,0
SIDM00401,1
SIDM00404,1
SIDM00406,0
SIDM00407,1
SIDM00410,1
SIDM00411,1
SIDM00412,0
SIDM00413,0
SIDM00414,1
SIDM00415,0
SIDM00416,1
SIDM00417,1
SIDM00418,1
SIDM00420,1
SIDM00422,1
SIDM00424,0
SIDM00427,0
SIDM00438,0
SIDM00441,0
SIDM00444,0
SIDM00445,1
SIDM00448,1
SIDM00459,0
SIDM00465,0
SIDM00466,0
SIDM00467,1
SIDM00472,1
SIDM00476,0
SIDM00482,1
SIDM00483,1
SIDM00487,0
SIDM00488,1
SIDM00489,1
SIDM00490,1
SIDM00491,1
SIDM00496,1
SIDM00498,1
SIDM00501,1
SIDM00504,1
SIDM00507,1
SIDM00508,1
SIDM00510,0
SIDM00516,1
SIDM00517,0
SIDM00518,1
SIDM00519,1
SIDM00520,1
SIDM00527,1
SIDM00528,0
SIDM00530,0
SIDM00532,1
SIDM00534,0
SIDM00535,0
SIDM00537,0
SIDM00538,0
SIDM00539,0
SIDM00540,1
SIDM00541,0
SIDM00542,1
SIDM00543,0
SIDM00544,0
SIDM00549,1
SIDM00550,0
SIDM00551,0
SIDM00553,0
SIDM00561,1
SIDM00562,0
SIDM00565,1
SIDM00566,1
SIDM00569,1
SIDM00573,1
SIDM00574,1
SIDM00576,1
SIDM00577,1
SIDM00579,1
SIDM00583,0
SIDM00584,0
SIDM00591,0
SIDM00592,1
SIDM00596,0
SIDM00599,0
SIDM00600,1
SIDM00603,0
SIDM00604,1
SIDM00606,0
SIDM00612,1
SIDM00619,1
SIDM00620,1
SIDM00621,0
SIDM00622,1
SIDM00623,1
SIDM00627,1
SIDM00631,0
SIDM00632,1
SIDM00636,1
SIDM00638,1
SIDM00648,1
SIDM00650,1
SIDM00655,0
SIDM00659,1
SIDM00667,1
SIDM00668,1
SIDM00677,0
SIDM00679,1
SIDM00680,1
SIDM00688,0
SIDM00690,1
SIDM00699,1
SIDM00700,1
SIDM00719,1
SIDM00721,1
SIDM00732,1
SIDM00737,0
SIDM00758,1
SIDM00767,0
SIDM00770,1
SIDM00781,1
SIDM00783,1
SIDM00789,1
SIDM00792,1
SIDM00793,1
SIDM00794,1
SIDM00808,1
SIDM00810,0
SIDM00813,1
SIDM00814,0
SIDM00815,0
SIDM00816,1
SIDM00817,1
SIDM00818,1
SIDM00819,1
SIDM00820,1
SIDM00821,1
SIDM00826,1
SIDM00832,0
SIDM00833,1
SIDM00834,0
SIDM00835,0
SIDM00836,0
SIDM00837,1
SIDM00841,0
SIDM00842,0
SIDM00846,0
SIDM00859,1
SIDM00863,1
SIDM00864,1
SIDM00875,1
SIDM00885,0
SIDM00889,0
SIDM00895,0
SIDM00896,0
SIDM00900,1
SIDM00905,1
SIDM00915,0
SIDM00917,1
SIDM00923,1
SIDM00927,1
SIDM00929,1
SIDM00930,1
SIDM00935,1
SIDM00946,1
SIDM00948,1
SIDM00951,0
SIDM00952,0
SIDM00953,0
SIDM00954,0
SIDM00958,0
SIDM00960,0
SIDM00962,1
SIDM00964,1
SIDM00966,1
SIDM00967,1
SIDM00968,1
SIDM00969,1
SIDM00970,0
SIDM00971,0
SIDM00973,1
SIDM00974,1
SIDM00975,0
SIDM00976,1
SIDM00984,1
SIDM00995,1
SIDM01006,0
SIDM01007,0
SIDM01011,1
SIDM01017,0
SIDM01019,1
SIDM01039,0
SIDM01041,0
SIDM01042,0
SIDM01047,0
SIDM01050,1
SIDM01061,1
SIDM01064,1
SIDM01073,1
SIDM01090,1
SIDM01092,1
SIDM01093,0
SIDM01095,0
SIDM01097,0
SIDM01098,1
SIDM01102,1
SIDM01114,1
SIDM01117,0
SIDM01118,1
SIDM01120,1
SIDM01122,0
SIDM01126,0
SIDM01132,0
SIDM01133,1
SIDM01140,0
SIDM01145,1
SIDM01146,0
SIDM01149,0
SIDM01155,1
SIDM01157,1
SIDM01159,1
SIDM01160,1
SIDM01161,1
SIDM01162,1
SIDM01163,0
SIDM01168,1
SIDM01173,0
SIDM01174,1
SIDM01175,1
SIDM01177,0
SIDM01178,1
SIDM01179,1
SIDM01183,1
SIDM01185,1
SIDM01187,1
SIDM01197,0
SIDM01198,1
SIDM01203,0
SIDM01205,0
SIDM01206,0
SIDM01210,1
SIDM01217,0
SIDM01218,1
SIDM01220,1
SIDM01228,0
SIDM01229,0
SIDM01233,0
SIDM01237,0
SIDM01240,1
SIDM01242,1
SIDM01245,1
SIDM01246,0
SIDM01247,1
SIDM01248,1
SIDM01251,1
SIDM01257,0
SIDM01259,1
SIDM01266,0
SIDM01267,0
SIDM01268,0
SIDM01269,0
SIDM01270,0
SIDM01271,1
SIDM01272,0
SIDM01273,0
SIDM01274,0
SIDM01275,0
SIDM01276,0
SIDM01277,0
SIDM01278,1
SIDM01279,0
SIDM01280,1
SIDM01281,0
SIDM01282,0
SIDM01283,1
SIDM01284,0
SIDM01285,0
SIDM01286,0
SIDM01287,1
SIDM01288,0
SIDM01289,1
SIDM01290,0
SIDM01291,0
SIDM01292,0
SIDM01293,0
SIDM01294,1
SIDM01295,1
SIDM01296,0
SIDM01297,0
SIDM01298,1
SIDM01299,0
SIDM01301,0
SIDM01302,1
SIDM01303,0
SIDM01304,0
SIDM01305,0
SIDM01306,0
SIDM01307,0
SIDM01309,0
SIDM01310,0
SIDM01311,0
SIDM01312,0
SIDM01313,0
SIDM01314,1
SIDM01483,0
SIDM01942,0
SIDM01943,0
SIDM01944,0
SIDM01946,0
SIDM01947,1
SIDM01948,1
SIDM01949,0
SIDM01950,0
SIDM01951,1
SIDM01952,0
SIDM01954,0
SIDM01955,0
SIDM01956,0
SIDM01957,1
SIDM01958,1
SIDM01959,0
SIDM01960,0
SIDM01961,1
SIDM01962,0
SIDM01963,0
SIDM01964,0
SIDM01965,1
SIDM01966,0
SIDM02010,0
SIDM02011,0
SIDM02014,0
SIDM02015,1
SIDM02016,0
SIDM02017,0
SIDM02018,0
SIDM02019,0
SIDM02020,0
SIDM02021,1
SIDM02022,0
SIDM02023,0
SIDM02024,0
SIDM02025,0
SIDM02026,0
SIDM02027,0
SIDM02028,1
SIDM02029,0
SIDM02030,0
SIDM02031,0
SIDM02032,1
SIDM02034,0
SIDM02035,0
SIDM02036,0
SIDM02037,1
SIDM02038,0
SIDM02039,0
SIDM02040,1
SIDM02041,0
SIDM02042,0
SIDM02043,0
SIDM02044,0
SIDM02045,0
SIDM02046,1
SIDM02047,0
SIDM02048,0
SIDM02049,0
SIDM02050,1
SIDM02051,0
SIDM02052,0
SIDM02053,0
SIDM02054,0
SIDM02055,0
SIDM02056,0
SIDM02057,0
SIDM02058,0
SIDM02059,0
SIDM02060,0
SIDM02061,1
SIDM02062,0
SIDM02063,0
SIDM02064,0
SIDM02065,0
SIDM02066,0
SIDM02067,0
SIDM02068,0
SIDM02069,0
SIDM02070,0
SIDM02071,1
SIDM02072,0
SIDM02073,1
SIDM02074,0
SIDM02075,0
SIDM02076,0
SIDM02077,0
SIDM02078,0
SIDM02079,0
SIDM02080,0
